-- phpMyAdmin SQL Dump
-- version 3.4.11.1deb2
-- http://www.phpmyadmin.net
--
-- Host: office-web1.promage-server.ch
-- Generation Time: Jan 12, 2015 at 05:51 AM
-- Server version: 5.5.31
-- PHP Version: 5.4.17-1~dotdeb.1

SET SQL_MODE="NO_AUTO_VALUE_ON_ZERO";
SET time_zone = "+00:00";


/*!40101 SET @OLD_CHARACTER_SET_CLIENT=@@CHARACTER_SET_CLIENT */;
/*!40101 SET @OLD_CHARACTER_SET_RESULTS=@@CHARACTER_SET_RESULTS */;
/*!40101 SET @OLD_COLLATION_CONNECTION=@@COLLATION_CONNECTION */;
/*!40101 SET NAMES utf8 */;

--
-- Database: `mig_yeti11`
--

-- --------------------------------------------------------

--
-- Table structure for table `chat_bans`
--

CREATE TABLE IF NOT EXISTS `chat_bans` (
  `userID` int(11) NOT NULL,
  `userName` varchar(64) NOT NULL,
  `dateTime` datetime NOT NULL,
  `ip` varbinary(16) NOT NULL,
  PRIMARY KEY (`userID`),
  KEY `userName` (`userName`),
  KEY `dateTime` (`dateTime`)
) ENGINE=InnoDB DEFAULT CHARSET=utf8;

-- --------------------------------------------------------

--
-- Table structure for table `chat_invitations`
--

CREATE TABLE IF NOT EXISTS `chat_invitations` (
  `userID` int(11) NOT NULL,
  `channel` int(11) NOT NULL,
  `dateTime` datetime NOT NULL,
  PRIMARY KEY (`userID`,`channel`),
  KEY `dateTime` (`dateTime`)
) ENGINE=InnoDB DEFAULT CHARSET=utf8;

-- --------------------------------------------------------

--
-- Table structure for table `chat_messages`
--

CREATE TABLE IF NOT EXISTS `chat_messages` (
  `id` int(11) NOT NULL AUTO_INCREMENT,
  `userID` int(11) NOT NULL,
  `userName` varchar(64) NOT NULL,
  `userRole` int(1) NOT NULL,
  `channel` int(11) NOT NULL,
  `dateTime` datetime NOT NULL,
  `ip` varbinary(16) NOT NULL,
  `text` text,
  PRIMARY KEY (`id`),
  KEY `message_condition` (`id`,`channel`,`dateTime`),
  KEY `dateTime` (`dateTime`)
) ENGINE=InnoDB DEFAULT CHARSET=utf8 AUTO_INCREMENT=1 ;

-- --------------------------------------------------------

--
-- Table structure for table `chat_online`
--

CREATE TABLE IF NOT EXISTS `chat_online` (
  `userID` int(11) NOT NULL,
  `userName` varchar(64) NOT NULL,
  `userRole` int(1) NOT NULL,
  `channel` int(11) NOT NULL,
  `dateTime` datetime NOT NULL,
  `ip` varbinary(16) NOT NULL,
  PRIMARY KEY (`userID`),
  KEY `userName` (`userName`)
) ENGINE=InnoDB DEFAULT CHARSET=utf8;

--
-- Dumping data for table `chat_online`
--

INSERT INTO `chat_online` (`userID`, `userName`, `userRole`, `channel`, `dateTime`, `ip`) VALUES
(1, 'admin', 1, 0, '2015-01-12 05:50:51', '10.1.10.131');

-- --------------------------------------------------------

--
-- Table structure for table `com_vtiger_workflows`
--

CREATE TABLE IF NOT EXISTS `com_vtiger_workflows` (
  `workflow_id` int(11) NOT NULL AUTO_INCREMENT,
  `module_name` varchar(100) DEFAULT NULL,
  `summary` varchar(400) NOT NULL,
  `test` text,
  `execution_condition` int(11) NOT NULL,
  `defaultworkflow` int(1) DEFAULT NULL,
  `type` varchar(255) DEFAULT NULL,
  `filtersavedinnew` int(1) DEFAULT NULL,
  `schtypeid` int(10) DEFAULT NULL,
  `schdayofmonth` varchar(100) DEFAULT NULL,
  `schdayofweek` varchar(100) DEFAULT NULL,
  `schannualdates` varchar(100) DEFAULT NULL,
  `schtime` varchar(50) DEFAULT NULL,
  `nexttrigger_time` datetime DEFAULT NULL,
  PRIMARY KEY (`workflow_id`),
  UNIQUE KEY `com_vtiger_workflows_idx` (`workflow_id`)
) ENGINE=InnoDB  DEFAULT CHARSET=utf8 AUTO_INCREMENT=56 ;

--
-- Dumping data for table `com_vtiger_workflows`
--

INSERT INTO `com_vtiger_workflows` (`workflow_id`, `module_name`, `summary`, `test`, `execution_condition`, `defaultworkflow`, `type`, `filtersavedinnew`, `schtypeid`, `schdayofmonth`, `schdayofweek`, `schannualdates`, `schtime`, `nexttrigger_time`) VALUES
(1, 'Invoice', 'UpdateInventoryProducts On Every Save', '[{"fieldname":"subject","operation":"does not contain","value":"`!`"}]', 3, 1, 'basic', 5, NULL, NULL, NULL, NULL, NULL, NULL),
(13, 'Events', 'Workflow for Events when Send Notification is True', '[{"fieldname":"sendnotification","operation":"is","value":"1","valuetype":"rawtext","joincondition":"","groupjoin":"and","groupid":"0"}]', 4, 1, 'basic', 6, NULL, NULL, NULL, NULL, NULL, NULL),
(14, 'Calendar', 'Workflow for Calendar Todos when Send Notification is True', '[{"fieldname":"sendnotification","operation":"is","value":"1","valuetype":"rawtext","joincondition":"","groupjoin":"and","groupid":"0"}]', 4, 1, 'basic', 6, NULL, NULL, NULL, NULL, NULL, NULL),
(16, 'PurchaseOrder', 'Update Inventory Products On Every Save', NULL, 3, 1, 'basic', 5, NULL, NULL, NULL, NULL, NULL, NULL),
(25, 'HelpDesk', 'Ticket change: Send Email to Record Owner', '[{"fieldname":"ticketstatus","operation":"has changed","value":null,"valuetype":"rawtext","joincondition":"and","groupjoin":"and","groupid":"0"},{"fieldname":"ticketstatus","operation":"is not","value":"Closed","valuetype":"rawtext","joincondition":"","groupjoin":"and","groupid":"0"}]', 4, NULL, 'basic', 6, NULL, NULL, NULL, NULL, NULL, NULL),
(26, 'HelpDesk', 'Ticket change: Send Email to Record Contact', '[{"fieldname":"ticketstatus","operation":"has changed","value":null,"valuetype":"rawtext","joincondition":"and","groupjoin":"and","groupid":"0"},{"fieldname":"ticketstatus","operation":"is not","value":"Closed","valuetype":"rawtext","joincondition":"and","groupjoin":"and","groupid":"0"},{"fieldname":"(contact_id : (Contacts) emailoptout)","operation":"is","value":"1","valuetype":"rawtext","joincondition":"","groupjoin":"and","groupid":"0"}]', 4, NULL, 'basic', 6, NULL, NULL, NULL, NULL, NULL, NULL),
(27, 'HelpDesk', 'Ticket change: Send Email to Record Account', '[{"fieldname":"ticketstatus","operation":"has changed","value":null,"valuetype":"rawtext","joincondition":"and","groupjoin":"and","groupid":"0"},{"fieldname":"ticketstatus","operation":"is not","value":"Closed","valuetype":"rawtext","joincondition":"and","groupjoin":"and","groupid":"0"},{"fieldname":"(parent_id : (Accounts) emailoptout)","operation":"is","value":"1","valuetype":"rawtext","joincondition":"","groupjoin":"and","groupid":"0"}]', 4, NULL, 'basic', 6, NULL, NULL, NULL, NULL, NULL, NULL),
(28, 'HelpDesk', 'Ticket Closed: Send Email to Record Owner', '[{"fieldname":"ticketstatus","operation":"has changed","value":null,"valuetype":"rawtext","joincondition":"and","groupjoin":"and","groupid":"0"},{"fieldname":"ticketstatus","operation":"is","value":"Closed","valuetype":"rawtext","joincondition":"","groupjoin":"and","groupid":"0"}]', 4, NULL, 'basic', 6, NULL, NULL, NULL, NULL, NULL, NULL),
(29, 'HelpDesk', 'Ticket Closed: Send Email to Record Contact', '[{"fieldname":"ticketstatus","operation":"has changed","value":null,"valuetype":"rawtext","joincondition":"and","groupjoin":"and","groupid":"0"},{"fieldname":"ticketstatus","operation":"is","value":"Closed","valuetype":"rawtext","joincondition":"and","groupjoin":"and","groupid":"0"},{"fieldname":"(contact_id : (Contacts) emailoptout)","operation":"is","value":"1","valuetype":"rawtext","joincondition":"","groupjoin":"and","groupid":"0"}]', 4, NULL, 'basic', 6, NULL, NULL, NULL, NULL, NULL, NULL),
(30, 'HelpDesk', 'Ticket Closed: Send Email to Record Account', '[{"fieldname":"ticketstatus","operation":"has changed","value":null,"valuetype":"rawtext","joincondition":"and","groupjoin":"and","groupid":"0"},{"fieldname":"ticketstatus","operation":"is","value":"Closed","valuetype":"rawtext","joincondition":"and","groupjoin":"and","groupid":"0"},{"fieldname":"(parent_id : (Accounts) emailoptout)","operation":"is","value":"1","valuetype":"rawtext","joincondition":"","groupjoin":"and","groupid":"0"}]', 4, NULL, 'basic', 6, NULL, NULL, NULL, NULL, NULL, NULL),
(31, 'HelpDesk', 'Ticket Creation: Send Email to Record Owner', '[]', 1, NULL, 'basic', 6, NULL, NULL, NULL, NULL, NULL, NULL),
(32, 'HelpDesk', 'Ticket Creation: Send Email to Record Contact', '[{"fieldname":"(contact_id : (Contacts) emailoptout)","operation":"is","value":"1","valuetype":"rawtext","joincondition":"","groupjoin":"and","groupid":"0"}]', 1, NULL, 'basic', 6, NULL, NULL, NULL, NULL, NULL, NULL),
(33, 'HelpDesk', 'Ticket Creation: Send Email to Record Account', '[{"fieldname":"(parent_id : (Accounts) emailoptout)","operation":"is","value":"1","valuetype":"rawtext","joincondition":"","groupjoin":"and","groupid":"0"}]', 1, NULL, 'basic', 6, NULL, NULL, NULL, NULL, NULL, NULL),
(34, 'Potentials', 'Proces sprzedażowy - Weryfikacja danych', '[{"fieldname":"sales_stage","operation":"is","value":"Data verification","valuetype":"rawtext","joincondition":"","groupjoin":"and","groupid":"0"}]', 2, NULL, 'basic', 6, NULL, NULL, NULL, NULL, NULL, NULL),
(35, 'Potentials', 'Proces sprzedażowy - Wewnętrzna analiza Klienta', '[{"fieldname":"sales_stage","operation":"is","value":"Customer internal analysis","valuetype":"rawtext","joincondition":"","groupjoin":"and","groupid":"0"}]', 2, NULL, 'basic', 6, NULL, NULL, NULL, NULL, NULL, NULL),
(36, 'Potentials', 'Proces sprzedażowy - Pierwszy kontakt z Klientem', '[{"fieldname":"sales_stage","operation":"is","value":"First contact with a customer","valuetype":"rawtext","joincondition":"","groupjoin":"and","groupid":"0"}]', 2, NULL, 'basic', 6, NULL, NULL, NULL, NULL, NULL, NULL),
(37, 'Potentials', 'Proces sprzedażowy - Zaawansowana analiza biznesowa', '[{"fieldname":"sales_stage","operation":"is","value":"Advanced business analysis","valuetype":"rawtext","joincondition":"","groupjoin":"and","groupid":"0"}]', 2, NULL, 'basic', 6, NULL, NULL, NULL, NULL, NULL, NULL),
(38, 'Potentials', 'Proces sprzedażowy - Przygotowywanie kalkulacji', '[{"fieldname":"sales_stage","operation":"is","value":"Preparation of calculations","valuetype":"rawtext","joincondition":"","groupjoin":"and","groupid":"0"}]', 2, NULL, 'basic', 6, NULL, NULL, NULL, NULL, NULL, NULL),
(39, 'Potentials', 'Proces sprzedażowy - Przygotowywanie oferty', '[{"fieldname":"sales_stage","operation":"is","value":"Preparation of offers","valuetype":"rawtext","joincondition":"","groupjoin":"and","groupid":"0"}]', 2, NULL, 'basic', 6, NULL, NULL, NULL, NULL, NULL, NULL),
(40, 'Potentials', 'Proces sprzedażowy - Oczekiwanie na decyzje', '[{"fieldname":"sales_stage","operation":"is","value":"Awaiting a decision","valuetype":"rawtext","joincondition":"","groupjoin":"and","groupid":"0"}]', 2, NULL, 'basic', 6, NULL, NULL, NULL, NULL, NULL, NULL),
(41, 'Potentials', 'Proces sprzedażowy - Negocjacje', '[{"fieldname":"sales_stage","operation":"is","value":"Negotiations","valuetype":"rawtext","joincondition":"","groupjoin":"and","groupid":"0"}]', 2, NULL, 'basic', 6, NULL, NULL, NULL, NULL, NULL, NULL),
(42, 'Potentials', 'Proces sprzedażowy - Zamówienie i umowa', '[{"fieldname":"sales_stage","operation":"is","value":"Order and contract","valuetype":"rawtext","joincondition":"","groupjoin":"and","groupid":"0"}]', 2, NULL, 'basic', 6, NULL, NULL, NULL, NULL, NULL, NULL),
(43, 'Potentials', 'Proces sprzedażowy - Weryfikacja dokumentów', '[{"fieldname":"sales_stage","operation":"is","value":"Documentation verification","valuetype":"rawtext","joincondition":"","groupjoin":"and","groupid":"0"}]', 2, NULL, 'basic', 6, NULL, NULL, NULL, NULL, NULL, NULL),
(44, 'Potentials', 'Proces sprzedażowy - Sprzedaż wygrana - oczekiwanie na realizacje', '[{"fieldname":"sales_stage","operation":"is","value":"Closed Waiting for processing","valuetype":"rawtext","joincondition":"","groupjoin":"and","groupid":"0"}]', 2, NULL, 'basic', 6, NULL, NULL, NULL, NULL, NULL, NULL),
(45, 'Potentials', 'Proces sprzedażowy - Sprzedaż wygrana - realizacja zamówienia/umowy', '[{"fieldname":"sales_stage","operation":"is","value":"Closed Order\\/contract processing","valuetype":"rawtext","joincondition":"","groupjoin":"and","groupid":"0"}]', 2, NULL, 'basic', 6, NULL, NULL, NULL, NULL, NULL, NULL),
(46, 'Potentials', 'Proces sprzedażowy - Sprzedaż wygrana - działania posprzedażowe', '[{"fieldname":"sales_stage","operation":"is","value":"Closed Presale activities","valuetype":"rawtext","joincondition":"","groupjoin":"and","groupid":"0"}]', 2, NULL, 'basic', 6, NULL, NULL, NULL, NULL, NULL, NULL),
(47, 'Leads', 'Proces marketingowy - Weryfikacja danych', '[{"fieldname":"leadstatus","operation":"is","value":"LBL_REQUIRES_VERIFICATION","valuetype":"rawtext","joincondition":"","groupjoin":"and","groupid":"0"}]', 2, NULL, 'basic', 6, NULL, NULL, NULL, NULL, NULL, NULL),
(48, 'Leads', 'Proces marketingowy - Wstępna analiza', '[{"fieldname":"leadstatus","operation":"is","value":"LBL_PRELIMINARY_ANALYSIS_OF","valuetype":"rawtext","joincondition":"","groupjoin":"and","groupid":"0"}]', 2, NULL, 'basic', 6, NULL, NULL, NULL, NULL, NULL, NULL),
(49, 'Leads', 'Proces marketingowy - Zaawansowana analiza', '[{"fieldname":"leadstatus","operation":"is","value":"LBL_ADVANCED_ANALYSIS","valuetype":"rawtext","joincondition":"","groupjoin":"and","groupid":"0"}]', 2, NULL, 'basic', 6, NULL, NULL, NULL, NULL, NULL, NULL),
(50, 'Leads', 'Proces marketingowy - Wstępne pozyskanie', '[{"fieldname":"leadstatus","operation":"is","value":"LBL_INITIAL_ACQUISITION","valuetype":"rawtext","joincondition":"","groupjoin":"and","groupid":"0"}]', 2, NULL, 'basic', 6, NULL, NULL, NULL, NULL, NULL, NULL),
(51, 'Leads', 'Proces marketingowy - Kontakt w przyszłości', '[{"fieldname":"leadstatus","operation":"is","value":"LBL_CONTACTS_IN_THE_FUTURE","valuetype":"rawtext","joincondition":"","groupjoin":"and","groupid":"0"}]', 2, NULL, 'basic', 6, NULL, NULL, NULL, NULL, NULL, NULL),
(52, 'Contacts', 'Generate Customer Login Details', '[{"fieldname":"portal","operation":"has changed","value":null,"valuetype":"rawtext","joincondition":"","groupjoin":"and","groupid":"0"}]', 4, NULL, 'basic', 6, NULL, NULL, NULL, NULL, NULL, NULL),
(53, 'Contacts', 'Send Customer Login Details', '[{"fieldname":"emailoptout","operation":"is","value":"1","valuetype":"rawtext","joincondition":"and","groupjoin":"and","groupid":"0"},{"fieldname":"portal","operation":"has changed","value":null,"valuetype":"rawtext","joincondition":"and","groupjoin":"and","groupid":"0"},{"fieldname":"portal","operation":"is","value":"1","valuetype":"rawtext","joincondition":"","groupjoin":"and","groupid":"0"}]', 4, NULL, 'basic', 6, NULL, NULL, NULL, NULL, NULL, NULL),
(54, 'HelpDesk', 'Update Closed Time', '[{"fieldname":"ticketstatus","operation":"is","value":"Rejected","valuetype":"rawtext","joincondition":"or","groupjoin":null,"groupid":"1"},{"fieldname":"ticketstatus","operation":"is","value":"Closed","valuetype":"rawtext","joincondition":"","groupjoin":null,"groupid":"1"}]', 2, NULL, 'basic', 6, NULL, NULL, NULL, NULL, NULL, NULL),
(55, 'Contacts', 'Generate mail address book', '[]', 3, NULL, 'basic', 6, NULL, NULL, NULL, NULL, NULL, NULL);

-- --------------------------------------------------------

--
-- Table structure for table `com_vtiger_workflows_seq`
--

CREATE TABLE IF NOT EXISTS `com_vtiger_workflows_seq` (
  `id` int(11) NOT NULL
) ENGINE=InnoDB DEFAULT CHARSET=utf8;

--
-- Dumping data for table `com_vtiger_workflows_seq`
--

INSERT INTO `com_vtiger_workflows_seq` (`id`) VALUES
(55);

-- --------------------------------------------------------

--
-- Table structure for table `com_vtiger_workflowtasks`
--

CREATE TABLE IF NOT EXISTS `com_vtiger_workflowtasks` (
  `task_id` int(11) NOT NULL AUTO_INCREMENT,
  `workflow_id` int(11) DEFAULT NULL,
  `summary` varchar(400) NOT NULL,
  `task` text,
  PRIMARY KEY (`task_id`),
  UNIQUE KEY `com_vtiger_workflowtasks_idx` (`task_id`)
) ENGINE=InnoDB  DEFAULT CHARSET=utf8 AUTO_INCREMENT=124 ;

--
-- Dumping data for table `com_vtiger_workflowtasks`
--

INSERT INTO `com_vtiger_workflowtasks` (`task_id`, `workflow_id`, `summary`, `task`) VALUES
(1, 1, 'Update Inventory Products', 'O:18:"VTEntityMethodTask":6:{s:18:"executeImmediately";b:1;s:10:"workflowId";i:1;s:7:"summary";s:0:"";s:6:"active";b:0;s:10:"methodName";s:15:"UpdateInventory";s:2:"id";i:1;}'),
(18, 16, 'Update Inventory Products', 'O:18:"VTEntityMethodTask":6:{s:18:"executeImmediately";b:1;s:10:"workflowId";i:16;s:7:"summary";s:25:"Update Inventory Products";s:6:"active";b:0;s:10:"methodName";s:15:"UpdateInventory";s:2:"id";i:18;}'),
(38, 34, 'Weryfikacja danych', 'O:16:"VTCreateTodoTask":23:{s:18:"executeImmediately";b:1;s:10:"workflowId";s:2:"34";s:7:"summary";s:18:"Weryfikacja danych";s:6:"active";b:0;s:7:"trigger";N;s:4:"todo";s:18:"Weryfikacja danych";s:11:"description";s:0:"";s:16:"sendNotification";s:0:"";s:4:"time";s:5:"08:00";s:4:"date";s:0:"";s:6:"status";s:11:"Not Started";s:8:"priority";s:6:"Medium";s:4:"days";s:0:"";s:9:"direction";s:5:"after";s:9:"datefield";s:12:"modifiedtime";s:16:"assigned_user_id";s:15:"copyParentOwner";s:2:"id";i:38;s:10:"days_start";s:1:"2";s:8:"days_end";s:1:"3";s:15:"direction_start";s:5:"after";s:15:"datefield_start";s:12:"modifiedtime";s:13:"direction_end";s:5:"after";s:13:"datefield_end";s:12:"modifiedtime";}'),
(41, 35, 'Zapoznanie się z historią współpracy', 'O:16:"VTCreateTodoTask":23:{s:18:"executeImmediately";b:1;s:10:"workflowId";s:2:"35";s:7:"summary";s:40:"Zapoznanie się z historią współpracy";s:6:"active";b:0;s:7:"trigger";N;s:4:"todo";s:40:"Zapoznanie się z historią współpracy";s:11:"description";s:0:"";s:16:"sendNotification";s:0:"";s:4:"time";s:5:"09:09";s:4:"date";s:0:"";s:6:"status";s:11:"Not Started";s:8:"priority";s:4:"High";s:4:"days";s:0:"";s:9:"direction";s:5:"after";s:9:"datefield";s:12:"modifiedtime";s:16:"assigned_user_id";s:15:"copyParentOwner";s:2:"id";i:41;s:10:"days_start";s:1:"2";s:8:"days_end";s:1:"3";s:15:"direction_start";s:5:"after";s:15:"datefield_start";s:12:"modifiedtime";s:13:"direction_end";s:5:"after";s:13:"datefield_end";s:12:"modifiedtime";}'),
(42, 35, 'Zapoznanie się z aktualnościami na stronie Klienta', 'O:16:"VTCreateTodoTask":23:{s:18:"executeImmediately";b:1;s:10:"workflowId";s:2:"35";s:7:"summary";s:52:"Zapoznanie się z aktualnościami na stronie Klienta";s:6:"active";b:0;s:7:"trigger";N;s:4:"todo";s:52:"Zapoznanie się z aktualnościami na stronie Klienta";s:11:"description";s:0:"";s:16:"sendNotification";s:0:"";s:4:"time";s:5:"08:00";s:4:"date";s:0:"";s:6:"status";s:11:"Not Started";s:8:"priority";s:4:"High";s:4:"days";s:0:"";s:9:"direction";s:5:"after";s:9:"datefield";s:12:"modifiedtime";s:16:"assigned_user_id";s:15:"copyParentOwner";s:2:"id";i:42;s:10:"days_start";s:1:"2";s:8:"days_end";s:1:"3";s:15:"direction_start";s:5:"after";s:15:"datefield_start";s:12:"modifiedtime";s:13:"direction_end";s:5:"after";s:13:"datefield_end";s:12:"modifiedtime";}'),
(43, 35, 'Zapoznanie się z aktualnościami społecznościowymi', 'O:16:"VTCreateTodoTask":23:{s:18:"executeImmediately";b:1;s:10:"workflowId";s:2:"35";s:7:"summary";s:53:"Zapoznanie się z aktualnościami społecznościowymi";s:6:"active";b:0;s:7:"trigger";N;s:4:"todo";s:53:"Zapoznanie się z aktualnościami społecznościowymi";s:11:"description";s:0:"";s:16:"sendNotification";s:0:"";s:4:"time";s:5:"08:00";s:4:"date";s:0:"";s:6:"status";s:11:"Not Started";s:8:"priority";s:4:"High";s:4:"days";s:0:"";s:9:"direction";s:5:"after";s:9:"datefield";s:12:"modifiedtime";s:16:"assigned_user_id";s:15:"copyParentOwner";s:2:"id";i:43;s:10:"days_start";s:1:"2";s:8:"days_end";s:1:"3";s:15:"direction_start";s:5:"after";s:15:"datefield_start";s:12:"modifiedtime";s:13:"direction_end";s:5:"after";s:13:"datefield_end";s:12:"modifiedtime";}'),
(44, 36, 'Kontakt telefoniczny lub mailowy', 'O:16:"VTCreateTodoTask":23:{s:18:"executeImmediately";b:1;s:10:"workflowId";s:2:"36";s:7:"summary";s:32:"Kontakt telefoniczny lub mailowy";s:6:"active";b:0;s:7:"trigger";N;s:4:"todo";s:32:"Kontakt telefoniczny lub mailowy";s:11:"description";s:0:"";s:16:"sendNotification";s:0:"";s:4:"time";s:5:"08:00";s:4:"date";s:0:"";s:6:"status";s:11:"Not Started";s:8:"priority";s:6:"Medium";s:4:"days";s:0:"";s:9:"direction";s:5:"after";s:9:"datefield";s:12:"modifiedtime";s:16:"assigned_user_id";s:15:"copyParentOwner";s:2:"id";i:44;s:10:"days_start";s:1:"2";s:8:"days_end";s:1:"3";s:15:"direction_start";s:5:"after";s:15:"datefield_start";s:12:"modifiedtime";s:13:"direction_end";s:5:"after";s:13:"datefield_end";s:12:"modifiedtime";}'),
(45, 36, 'Przypisanie osoby decyzyjnej do szansy sprzedaży', 'O:16:"VTCreateTodoTask":23:{s:18:"executeImmediately";b:1;s:10:"workflowId";s:2:"36";s:7:"summary";s:49:"Przypisanie osoby decyzyjnej do szansy sprzedaży";s:6:"active";b:0;s:7:"trigger";N;s:4:"todo";s:49:"Przypisanie osoby decyzyjnej do szansy sprzedaży";s:11:"description";s:0:"";s:16:"sendNotification";s:0:"";s:4:"time";s:5:"08:00";s:4:"date";s:0:"";s:6:"status";s:11:"Not Started";s:8:"priority";s:6:"Medium";s:4:"days";s:0:"";s:9:"direction";s:5:"after";s:9:"datefield";s:12:"modifiedtime";s:16:"assigned_user_id";s:15:"copyParentOwner";s:2:"id";i:45;s:10:"days_start";s:1:"2";s:8:"days_end";s:1:"3";s:15:"direction_start";s:5:"after";s:15:"datefield_start";s:12:"modifiedtime";s:13:"direction_end";s:5:"after";s:13:"datefield_end";s:12:"modifiedtime";}'),
(46, 36, 'Wstępna analiza potrzeb Klienta', 'O:16:"VTCreateTodoTask":23:{s:18:"executeImmediately";b:1;s:10:"workflowId";s:2:"36";s:7:"summary";s:32:"Wstępna analiza potrzeb Klienta";s:6:"active";b:0;s:7:"trigger";N;s:4:"todo";s:32:"Wstępna analiza potrzeb Klienta";s:11:"description";s:0:"";s:16:"sendNotification";s:0:"";s:4:"time";s:5:"08:00";s:4:"date";s:0:"";s:6:"status";s:11:"Not Started";s:8:"priority";s:6:"Medium";s:4:"days";s:0:"";s:9:"direction";s:5:"after";s:9:"datefield";s:12:"modifiedtime";s:16:"assigned_user_id";s:15:"copyParentOwner";s:2:"id";i:46;s:10:"days_start";s:1:"2";s:8:"days_end";s:1:"3";s:15:"direction_start";s:5:"after";s:15:"datefield_start";s:12:"modifiedtime";s:13:"direction_end";s:5:"after";s:13:"datefield_end";s:12:"modifiedtime";}'),
(47, 36, 'Uzupełnienie wstępnych ustaleń na szansie sprzedażowej', 'O:16:"VTCreateTodoTask":23:{s:18:"executeImmediately";b:1;s:10:"workflowId";s:2:"36";s:7:"summary";s:58:"Uzupełnienie wstępnych ustaleń na szansie sprzedażowej";s:6:"active";b:0;s:7:"trigger";N;s:4:"todo";s:58:"Uzupełnienie wstępnych ustaleń na szansie sprzedażowej";s:11:"description";s:0:"";s:16:"sendNotification";s:0:"";s:4:"time";s:5:"08:00";s:4:"date";s:0:"";s:6:"status";s:11:"Not Started";s:8:"priority";s:6:"Medium";s:4:"days";s:0:"";s:9:"direction";s:5:"after";s:9:"datefield";s:12:"modifiedtime";s:16:"assigned_user_id";s:15:"copyParentOwner";s:2:"id";i:47;s:10:"days_start";s:1:"2";s:8:"days_end";s:1:"3";s:15:"direction_start";s:5:"after";s:15:"datefield_start";s:12:"modifiedtime";s:13:"direction_end";s:5:"after";s:13:"datefield_end";s:12:"modifiedtime";}'),
(48, 36, 'Ustalenie terminu kolejnego kontaktu', 'O:16:"VTCreateTodoTask":23:{s:18:"executeImmediately";b:1;s:10:"workflowId";s:2:"36";s:7:"summary";s:36:"Ustalenie terminu kolejnego kontaktu";s:6:"active";b:0;s:7:"trigger";N;s:4:"todo";s:36:"Ustalenie terminu kolejnego kontaktu";s:11:"description";s:0:"";s:16:"sendNotification";s:0:"";s:4:"time";s:5:"08:00";s:4:"date";s:0:"";s:6:"status";s:11:"Not Started";s:8:"priority";s:6:"Medium";s:4:"days";s:0:"";s:9:"direction";s:5:"after";s:9:"datefield";s:12:"modifiedtime";s:16:"assigned_user_id";s:15:"copyParentOwner";s:2:"id";i:48;s:10:"days_start";s:1:"2";s:8:"days_end";s:1:"3";s:15:"direction_start";s:5:"after";s:15:"datefield_start";s:12:"modifiedtime";s:13:"direction_end";s:5:"after";s:13:"datefield_end";s:12:"modifiedtime";}'),
(49, 36, 'Wysłanie maila z podziękowaniem za rozmowę oraz podsumowaniem ustaleń', 'O:16:"VTCreateTodoTask":23:{s:18:"executeImmediately";b:1;s:10:"workflowId";s:2:"36";s:7:"summary";s:73:"Wysłanie maila z podziękowaniem za rozmowę oraz podsumowaniem ustaleń";s:6:"active";b:0;s:7:"trigger";N;s:4:"todo";s:73:"Wysłanie maila z podziękowaniem za rozmowę oraz podsumowaniem ustaleń";s:11:"description";s:0:"";s:16:"sendNotification";s:0:"";s:4:"time";s:5:"08:00";s:4:"date";s:0:"";s:6:"status";s:11:"Not Started";s:8:"priority";s:6:"Medium";s:4:"days";s:0:"";s:9:"direction";s:5:"after";s:9:"datefield";s:12:"modifiedtime";s:16:"assigned_user_id";s:15:"copyParentOwner";s:2:"id";i:49;s:10:"days_start";s:1:"2";s:8:"days_end";s:1:"3";s:15:"direction_start";s:5:"after";s:15:"datefield_start";s:12:"modifiedtime";s:13:"direction_end";s:5:"after";s:13:"datefield_end";s:12:"modifiedtime";}'),
(50, 37, 'Uzupełnienie informacji o: ''Zainteresowany produktami''', 'O:16:"VTCreateTodoTask":23:{s:18:"executeImmediately";b:1;s:10:"workflowId";s:2:"37";s:7:"summary";s:55:"Uzupełnienie informacji o: ''Zainteresowany produktami''";s:6:"active";b:0;s:7:"trigger";N;s:4:"todo";s:55:"Uzupełnienie informacji o: ''Zainteresowany produktami''";s:11:"description";s:0:"";s:16:"sendNotification";s:0:"";s:4:"time";s:5:"08:00";s:4:"date";s:0:"";s:6:"status";s:11:"Not Started";s:8:"priority";s:6:"Medium";s:4:"days";s:0:"";s:9:"direction";s:5:"after";s:9:"datefield";s:12:"modifiedtime";s:16:"assigned_user_id";s:15:"copyParentOwner";s:2:"id";i:50;s:10:"days_start";s:1:"2";s:8:"days_end";s:1:"3";s:15:"direction_start";s:5:"after";s:15:"datefield_start";s:12:"modifiedtime";s:13:"direction_end";s:5:"after";s:13:"datefield_end";s:12:"modifiedtime";}'),
(51, 37, 'Uzupełnienie informacji o: ''Zainteresowany usługami''', 'O:16:"VTCreateTodoTask":23:{s:18:"executeImmediately";b:1;s:10:"workflowId";s:2:"37";s:7:"summary";s:54:"Uzupełnienie informacji o: ''Zainteresowany usługami''";s:6:"active";b:0;s:7:"trigger";N;s:4:"todo";s:54:"Uzupełnienie informacji o: ''Zainteresowany usługami''";s:11:"description";s:0:"";s:16:"sendNotification";s:0:"";s:4:"time";s:5:"08:00";s:4:"date";s:0:"";s:6:"status";s:11:"Not Started";s:8:"priority";s:6:"Medium";s:4:"days";s:0:"";s:9:"direction";s:5:"after";s:9:"datefield";s:12:"modifiedtime";s:16:"assigned_user_id";s:15:"copyParentOwner";s:2:"id";i:51;s:10:"days_start";s:1:"2";s:8:"days_end";s:1:"3";s:15:"direction_start";s:5:"after";s:15:"datefield_start";s:12:"modifiedtime";s:13:"direction_end";s:5:"after";s:13:"datefield_end";s:12:"modifiedtime";}'),
(52, 37, 'Uzupełnienie informacji o: ''Produkty obce''', 'O:16:"VTCreateTodoTask":23:{s:18:"executeImmediately";b:1;s:10:"workflowId";s:2:"37";s:7:"summary";s:43:"Uzupełnienie informacji o: ''Produkty obce''";s:6:"active";b:0;s:7:"trigger";N;s:4:"todo";s:43:"Uzupełnienie informacji o: ''Produkty obce''";s:11:"description";s:0:"";s:16:"sendNotification";s:0:"";s:4:"time";s:5:"09:24";s:4:"date";s:0:"";s:6:"status";s:11:"Not Started";s:8:"priority";s:6:"Medium";s:4:"days";s:0:"";s:9:"direction";s:5:"after";s:9:"datefield";s:12:"modifiedtime";s:16:"assigned_user_id";s:15:"copyParentOwner";s:2:"id";i:52;s:10:"days_start";s:1:"2";s:8:"days_end";s:1:"3";s:15:"direction_start";s:5:"after";s:15:"datefield_start";s:12:"modifiedtime";s:13:"direction_end";s:5:"after";s:13:"datefield_end";s:12:"modifiedtime";}'),
(53, 37, 'Uzupełnienie informacji o: ''Usługi obce''', 'O:16:"VTCreateTodoTask":23:{s:18:"executeImmediately";b:1;s:10:"workflowId";s:2:"37";s:7:"summary";s:42:"Uzupełnienie informacji o: ''Usługi obce''";s:6:"active";b:0;s:7:"trigger";N;s:4:"todo";s:42:"Uzupełnienie informacji o: ''Usługi obce''";s:11:"description";s:0:"";s:16:"sendNotification";s:0:"";s:4:"time";s:5:"09:24";s:4:"date";s:0:"";s:6:"status";s:11:"Not Started";s:8:"priority";s:6:"Medium";s:4:"days";s:0:"";s:9:"direction";s:5:"after";s:9:"datefield";s:12:"modifiedtime";s:16:"assigned_user_id";s:15:"copyParentOwner";s:2:"id";i:53;s:10:"days_start";s:1:"2";s:8:"days_end";s:1:"3";s:15:"direction_start";s:5:"after";s:15:"datefield_start";s:12:"modifiedtime";s:13:"direction_end";s:5:"after";s:13:"datefield_end";s:12:"modifiedtime";}'),
(54, 37, 'Uzupełnienie dodatkowych ustaleń na szansie sprzedażowej', 'O:16:"VTCreateTodoTask":23:{s:18:"executeImmediately";b:1;s:10:"workflowId";s:2:"37";s:7:"summary";s:59:"Uzupełnienie dodatkowych ustaleń na szansie sprzedażowej";s:6:"active";b:0;s:7:"trigger";N;s:4:"todo";s:59:"Uzupełnienie dodatkowych ustaleń na szansie sprzedażowej";s:11:"description";s:0:"";s:16:"sendNotification";s:0:"";s:4:"time";s:5:"09:25";s:4:"date";s:0:"";s:6:"status";s:11:"Not Started";s:8:"priority";s:6:"Medium";s:4:"days";s:0:"";s:9:"direction";s:5:"after";s:9:"datefield";s:12:"modifiedtime";s:16:"assigned_user_id";s:15:"copyParentOwner";s:2:"id";i:54;s:10:"days_start";s:1:"2";s:8:"days_end";s:1:"3";s:15:"direction_start";s:5:"after";s:15:"datefield_start";s:12:"modifiedtime";s:13:"direction_end";s:5:"after";s:13:"datefield_end";s:12:"modifiedtime";}'),
(55, 38, 'Utworzenie kalkulacji o statusie ''Do przygotowania''', 'O:16:"VTCreateTodoTask":23:{s:18:"executeImmediately";b:1;s:10:"workflowId";s:2:"38";s:7:"summary";s:51:"Utworzenie kalkulacji o statusie ''Do przygotowania''";s:6:"active";b:0;s:7:"trigger";N;s:4:"todo";s:51:"Utworzenie kalkulacji o statusie ''Do przygotowania''";s:11:"description";s:0:"";s:16:"sendNotification";s:0:"";s:4:"time";s:5:"08:00";s:4:"date";s:0:"";s:6:"status";s:11:"Not Started";s:8:"priority";s:6:"Medium";s:4:"days";s:0:"";s:9:"direction";s:5:"after";s:9:"datefield";s:12:"modifiedtime";s:16:"assigned_user_id";s:15:"copyParentOwner";s:2:"id";i:55;s:10:"days_start";s:1:"2";s:8:"days_end";s:1:"3";s:15:"direction_start";s:5:"after";s:15:"datefield_start";s:12:"modifiedtime";s:13:"direction_end";s:5:"after";s:13:"datefield_end";s:12:"modifiedtime";}'),
(56, 38, 'Monitorowanie przygotowywanych kalkulacji', 'O:16:"VTCreateTodoTask":23:{s:18:"executeImmediately";b:1;s:10:"workflowId";s:2:"38";s:7:"summary";s:41:"Monitorowanie przygotowywanych kalkulacji";s:6:"active";b:0;s:7:"trigger";N;s:4:"todo";s:41:"Monitorowanie przygotowywanych kalkulacji";s:11:"description";s:0:"";s:16:"sendNotification";s:0:"";s:4:"time";s:5:"08:00";s:4:"date";s:0:"";s:6:"status";s:11:"Not Started";s:8:"priority";s:6:"Medium";s:4:"days";s:0:"";s:9:"direction";s:5:"after";s:9:"datefield";s:12:"modifiedtime";s:16:"assigned_user_id";s:15:"copyParentOwner";s:2:"id";i:56;s:10:"days_start";s:1:"2";s:8:"days_end";s:1:"3";s:15:"direction_start";s:5:"after";s:15:"datefield_start";s:12:"modifiedtime";s:13:"direction_end";s:5:"after";s:13:"datefield_end";s:12:"modifiedtime";}'),
(57, 38, 'Weryfikacja przygotowanych kalkulacji', 'O:16:"VTCreateTodoTask":23:{s:18:"executeImmediately";b:1;s:10:"workflowId";s:2:"38";s:7:"summary";s:37:"Weryfikacja przygotowanych kalkulacji";s:6:"active";b:0;s:7:"trigger";N;s:4:"todo";s:37:"Weryfikacja przygotowanych kalkulacji";s:11:"description";s:0:"";s:16:"sendNotification";s:0:"";s:4:"time";s:5:"08:00";s:4:"date";s:0:"";s:6:"status";s:11:"Not Started";s:8:"priority";s:6:"Medium";s:4:"days";s:0:"";s:9:"direction";s:5:"after";s:9:"datefield";s:12:"modifiedtime";s:16:"assigned_user_id";s:15:"copyParentOwner";s:2:"id";i:57;s:10:"days_start";s:1:"2";s:8:"days_end";s:1:"3";s:15:"direction_start";s:5:"after";s:15:"datefield_start";s:12:"modifiedtime";s:13:"direction_end";s:5:"after";s:13:"datefield_end";s:12:"modifiedtime";}'),
(58, 39, 'Utworzenie oferty', 'O:16:"VTCreateTodoTask":23:{s:18:"executeImmediately";b:1;s:10:"workflowId";s:2:"39";s:7:"summary";s:17:"Utworzenie oferty";s:6:"active";b:0;s:7:"trigger";N;s:4:"todo";s:17:"Utworzenie oferty";s:11:"description";s:0:"";s:16:"sendNotification";s:0:"";s:4:"time";s:5:"08:00";s:4:"date";s:0:"";s:6:"status";s:11:"Not Started";s:8:"priority";s:6:"Medium";s:4:"days";s:0:"";s:9:"direction";s:5:"after";s:9:"datefield";s:12:"modifiedtime";s:16:"assigned_user_id";s:15:"copyParentOwner";s:2:"id";i:58;s:10:"days_start";s:1:"2";s:8:"days_end";s:1:"3";s:15:"direction_start";s:5:"after";s:15:"datefield_start";s:12:"modifiedtime";s:13:"direction_end";s:5:"after";s:13:"datefield_end";s:12:"modifiedtime";}'),
(59, 39, 'Przygotowywanie oferty', 'O:16:"VTCreateTodoTask":23:{s:18:"executeImmediately";b:1;s:10:"workflowId";s:2:"39";s:7:"summary";s:22:"Przygotowywanie oferty";s:6:"active";b:0;s:7:"trigger";N;s:4:"todo";s:22:"Przygotowywanie oferty";s:11:"description";s:0:"";s:16:"sendNotification";s:0:"";s:4:"time";s:5:"08:00";s:4:"date";s:0:"";s:6:"status";s:11:"Not Started";s:8:"priority";s:6:"Medium";s:4:"days";s:0:"";s:9:"direction";s:5:"after";s:9:"datefield";s:12:"modifiedtime";s:16:"assigned_user_id";s:15:"copyParentOwner";s:2:"id";i:59;s:10:"days_start";s:1:"2";s:8:"days_end";s:1:"3";s:15:"direction_start";s:5:"after";s:15:"datefield_start";s:12:"modifiedtime";s:13:"direction_end";s:5:"after";s:13:"datefield_end";s:12:"modifiedtime";}'),
(60, 39, 'Weryfikacja przygotowanej oferty', 'O:16:"VTCreateTodoTask":23:{s:18:"executeImmediately";b:1;s:10:"workflowId";s:2:"39";s:7:"summary";s:32:"Weryfikacja przygotowanej oferty";s:6:"active";b:0;s:7:"trigger";N;s:4:"todo";s:32:"Weryfikacja przygotowanej oferty";s:11:"description";s:0:"";s:16:"sendNotification";s:0:"";s:4:"time";s:5:"08:00";s:4:"date";s:0:"";s:6:"status";s:11:"Not Started";s:8:"priority";s:6:"Medium";s:4:"days";s:0:"";s:9:"direction";s:5:"after";s:9:"datefield";s:12:"modifiedtime";s:16:"assigned_user_id";s:15:"copyParentOwner";s:2:"id";i:60;s:10:"days_start";s:1:"2";s:8:"days_end";s:1:"3";s:15:"direction_start";s:5:"after";s:15:"datefield_start";s:12:"modifiedtime";s:13:"direction_end";s:5:"after";s:13:"datefield_end";s:12:"modifiedtime";}'),
(61, 39, 'Akceptacja oferty', 'O:16:"VTCreateTodoTask":23:{s:18:"executeImmediately";b:1;s:10:"workflowId";s:2:"39";s:7:"summary";s:17:"Akceptacja oferty";s:6:"active";b:0;s:7:"trigger";N;s:4:"todo";s:17:"Akceptacja oferty";s:11:"description";s:0:"";s:16:"sendNotification";s:0:"";s:4:"time";s:5:"08:00";s:4:"date";s:0:"";s:6:"status";s:11:"Not Started";s:8:"priority";s:6:"Medium";s:4:"days";s:0:"";s:9:"direction";s:5:"after";s:9:"datefield";s:12:"modifiedtime";s:16:"assigned_user_id";s:15:"copyParentOwner";s:2:"id";i:61;s:10:"days_start";s:1:"2";s:8:"days_end";s:1:"3";s:15:"direction_start";s:5:"after";s:15:"datefield_start";s:12:"modifiedtime";s:13:"direction_end";s:5:"after";s:13:"datefield_end";s:12:"modifiedtime";}'),
(62, 39, 'Wysyłka oferty', 'O:16:"VTCreateTodoTask":23:{s:18:"executeImmediately";b:1;s:10:"workflowId";s:2:"39";s:7:"summary";s:15:"Wysyłka oferty";s:6:"active";b:0;s:7:"trigger";N;s:4:"todo";s:15:"Wysyłka oferty";s:11:"description";s:0:"";s:16:"sendNotification";s:0:"";s:4:"time";s:5:"09:32";s:4:"date";s:0:"";s:6:"status";s:11:"Not Started";s:8:"priority";s:6:"Medium";s:4:"days";s:0:"";s:9:"direction";s:5:"after";s:9:"datefield";s:12:"modifiedtime";s:16:"assigned_user_id";s:15:"copyParentOwner";s:2:"id";i:62;s:10:"days_start";s:1:"2";s:8:"days_end";s:1:"3";s:15:"direction_start";s:5:"after";s:15:"datefield_start";s:12:"modifiedtime";s:13:"direction_end";s:5:"after";s:13:"datefield_end";s:12:"modifiedtime";}'),
(63, 40, 'Monitorowanie decyzji w sprawie oferty', 'O:16:"VTCreateTodoTask":23:{s:18:"executeImmediately";b:1;s:10:"workflowId";s:2:"40";s:7:"summary";s:38:"Monitorowanie decyzji w sprawie oferty";s:6:"active";b:0;s:7:"trigger";N;s:4:"todo";s:38:"Monitorowanie decyzji w sprawie oferty";s:11:"description";s:0:"";s:16:"sendNotification";s:0:"";s:4:"time";s:5:"09:34";s:4:"date";s:0:"";s:6:"status";s:11:"Not Started";s:8:"priority";s:6:"Medium";s:4:"days";s:0:"";s:9:"direction";s:5:"after";s:9:"datefield";s:12:"modifiedtime";s:16:"assigned_user_id";s:15:"copyParentOwner";s:2:"id";i:63;s:10:"days_start";s:1:"2";s:8:"days_end";s:1:"3";s:15:"direction_start";s:5:"after";s:15:"datefield_start";s:12:"modifiedtime";s:13:"direction_end";s:5:"after";s:13:"datefield_end";s:12:"modifiedtime";}'),
(64, 41, 'Utworzenie kalkulacji o statusie ''Do przygotowania''', 'O:16:"VTCreateTodoTask":23:{s:18:"executeImmediately";b:1;s:10:"workflowId";s:2:"41";s:7:"summary";s:51:"Utworzenie kalkulacji o statusie ''Do przygotowania''";s:6:"active";b:0;s:7:"trigger";N;s:4:"todo";s:51:"Utworzenie kalkulacji o statusie ''Do przygotowania''";s:11:"description";s:0:"";s:16:"sendNotification";s:0:"";s:4:"time";s:5:"08:00";s:4:"date";s:0:"";s:6:"status";s:11:"Not Started";s:8:"priority";s:6:"Medium";s:4:"days";s:0:"";s:9:"direction";s:5:"after";s:9:"datefield";s:12:"modifiedtime";s:16:"assigned_user_id";s:15:"copyParentOwner";s:2:"id";i:64;s:10:"days_start";s:1:"2";s:8:"days_end";s:1:"3";s:15:"direction_start";s:5:"after";s:15:"datefield_start";s:12:"modifiedtime";s:13:"direction_end";s:5:"after";s:13:"datefield_end";s:12:"modifiedtime";}'),
(65, 41, 'Monitorowanie przygotowywanych kalkulacji', 'O:16:"VTCreateTodoTask":23:{s:18:"executeImmediately";b:1;s:10:"workflowId";s:2:"41";s:7:"summary";s:41:"Monitorowanie przygotowywanych kalkulacji";s:6:"active";b:0;s:7:"trigger";N;s:4:"todo";s:41:"Monitorowanie przygotowywanych kalkulacji";s:11:"description";s:0:"";s:16:"sendNotification";s:0:"";s:4:"time";s:5:"08:00";s:4:"date";s:0:"";s:6:"status";s:11:"Not Started";s:8:"priority";s:6:"Medium";s:4:"days";s:0:"";s:9:"direction";s:5:"after";s:9:"datefield";s:12:"modifiedtime";s:16:"assigned_user_id";s:15:"copyParentOwner";s:2:"id";i:65;s:10:"days_start";s:1:"2";s:8:"days_end";s:1:"3";s:15:"direction_start";s:5:"after";s:15:"datefield_start";s:12:"modifiedtime";s:13:"direction_end";s:5:"after";s:13:"datefield_end";s:12:"modifiedtime";}'),
(66, 41, 'Weryfikacja przygotowanych kalkulacji', 'O:16:"VTCreateTodoTask":23:{s:18:"executeImmediately";b:1;s:10:"workflowId";s:2:"41";s:7:"summary";s:37:"Weryfikacja przygotowanych kalkulacji";s:6:"active";b:0;s:7:"trigger";N;s:4:"todo";s:37:"Weryfikacja przygotowanych kalkulacji";s:11:"description";s:0:"";s:16:"sendNotification";s:0:"";s:4:"time";s:5:"08:00";s:4:"date";s:0:"";s:6:"status";s:11:"Not Started";s:8:"priority";s:6:"Medium";s:4:"days";s:0:"";s:9:"direction";s:5:"after";s:9:"datefield";s:12:"modifiedtime";s:16:"assigned_user_id";s:15:"copyParentOwner";s:2:"id";i:66;s:10:"days_start";s:1:"2";s:8:"days_end";s:1:"3";s:15:"direction_start";s:5:"after";s:15:"datefield_start";s:12:"modifiedtime";s:13:"direction_end";s:5:"after";s:13:"datefield_end";s:12:"modifiedtime";}'),
(67, 41, 'Utworzenie oferty', 'O:16:"VTCreateTodoTask":23:{s:18:"executeImmediately";b:1;s:10:"workflowId";s:2:"41";s:7:"summary";s:17:"Utworzenie oferty";s:6:"active";b:0;s:7:"trigger";N;s:4:"todo";s:17:"Utworzenie oferty";s:11:"description";s:0:"";s:16:"sendNotification";s:0:"";s:4:"time";s:5:"08:00";s:4:"date";s:0:"";s:6:"status";s:11:"Not Started";s:8:"priority";s:6:"Medium";s:4:"days";s:0:"";s:9:"direction";s:5:"after";s:9:"datefield";s:12:"modifiedtime";s:16:"assigned_user_id";s:15:"copyParentOwner";s:2:"id";i:67;s:10:"days_start";s:1:"2";s:8:"days_end";s:1:"3";s:15:"direction_start";s:5:"after";s:15:"datefield_start";s:12:"modifiedtime";s:13:"direction_end";s:5:"after";s:13:"datefield_end";s:12:"modifiedtime";}'),
(68, 41, 'Przygotowywanie oferty', 'O:16:"VTCreateTodoTask":23:{s:18:"executeImmediately";b:1;s:10:"workflowId";s:2:"41";s:7:"summary";s:22:"Przygotowywanie oferty";s:6:"active";b:0;s:7:"trigger";N;s:4:"todo";s:22:"Przygotowywanie oferty";s:11:"description";s:0:"";s:16:"sendNotification";s:0:"";s:4:"time";s:5:"08:00";s:4:"date";s:0:"";s:6:"status";s:11:"Not Started";s:8:"priority";s:6:"Medium";s:4:"days";s:0:"";s:9:"direction";s:5:"after";s:9:"datefield";s:12:"modifiedtime";s:16:"assigned_user_id";s:15:"copyParentOwner";s:2:"id";i:68;s:10:"days_start";s:1:"2";s:8:"days_end";s:1:"3";s:15:"direction_start";s:5:"after";s:15:"datefield_start";s:12:"modifiedtime";s:13:"direction_end";s:5:"after";s:13:"datefield_end";s:12:"modifiedtime";}'),
(69, 41, 'Weryfikacja przygotowanej oferty', 'O:16:"VTCreateTodoTask":23:{s:18:"executeImmediately";b:1;s:10:"workflowId";s:2:"41";s:7:"summary";s:32:"Weryfikacja przygotowanej oferty";s:6:"active";b:0;s:7:"trigger";N;s:4:"todo";s:32:"Weryfikacja przygotowanej oferty";s:11:"description";s:0:"";s:16:"sendNotification";s:0:"";s:4:"time";s:5:"08:00";s:4:"date";s:0:"";s:6:"status";s:11:"Not Started";s:8:"priority";s:6:"Medium";s:4:"days";s:0:"";s:9:"direction";s:5:"after";s:9:"datefield";s:12:"modifiedtime";s:16:"assigned_user_id";s:15:"copyParentOwner";s:2:"id";i:69;s:10:"days_start";s:1:"2";s:8:"days_end";s:1:"3";s:15:"direction_start";s:5:"after";s:15:"datefield_start";s:12:"modifiedtime";s:13:"direction_end";s:5:"after";s:13:"datefield_end";s:12:"modifiedtime";}'),
(70, 41, 'Uzyskanie akceptacji dla oferty', 'O:16:"VTCreateTodoTask":23:{s:18:"executeImmediately";b:1;s:10:"workflowId";s:2:"41";s:7:"summary";s:31:"Uzyskanie akceptacji dla oferty";s:6:"active";b:0;s:7:"trigger";N;s:4:"todo";s:31:"Uzyskanie akceptacji dla oferty";s:11:"description";s:0:"";s:16:"sendNotification";s:0:"";s:4:"time";s:5:"08:00";s:4:"date";s:0:"";s:6:"status";s:11:"Not Started";s:8:"priority";s:6:"Medium";s:4:"days";s:0:"";s:9:"direction";s:5:"after";s:9:"datefield";s:12:"modifiedtime";s:16:"assigned_user_id";s:15:"copyParentOwner";s:2:"id";i:70;s:10:"days_start";s:1:"2";s:8:"days_end";s:1:"3";s:15:"direction_start";s:5:"after";s:15:"datefield_start";s:12:"modifiedtime";s:13:"direction_end";s:5:"after";s:13:"datefield_end";s:12:"modifiedtime";}'),
(71, 41, 'Wysyłka oferty', 'O:16:"VTCreateTodoTask":23:{s:18:"executeImmediately";b:1;s:10:"workflowId";s:2:"41";s:7:"summary";s:15:"Wysyłka oferty";s:6:"active";b:0;s:7:"trigger";N;s:4:"todo";s:15:"Wysyłka oferty";s:11:"description";s:0:"";s:16:"sendNotification";s:0:"";s:4:"time";s:5:"08:00";s:4:"date";s:0:"";s:6:"status";s:11:"Not Started";s:8:"priority";s:6:"Medium";s:4:"days";s:0:"";s:9:"direction";s:5:"after";s:9:"datefield";s:12:"modifiedtime";s:16:"assigned_user_id";s:15:"copyParentOwner";s:2:"id";i:71;s:10:"days_start";s:1:"2";s:8:"days_end";s:1:"3";s:15:"direction_start";s:5:"after";s:15:"datefield_start";s:12:"modifiedtime";s:13:"direction_end";s:5:"after";s:13:"datefield_end";s:12:"modifiedtime";}'),
(72, 42, 'Tworzenie zamówienia/umowy', 'O:16:"VTCreateTodoTask":23:{s:18:"executeImmediately";b:1;s:10:"workflowId";s:2:"42";s:7:"summary";s:27:"Tworzenie zamówienia/umowy";s:6:"active";b:0;s:7:"trigger";N;s:4:"todo";s:27:"Tworzenie zamówienia/umowy";s:11:"description";s:0:"";s:16:"sendNotification";s:0:"";s:4:"time";s:5:"08:00";s:4:"date";s:0:"";s:6:"status";s:11:"Not Started";s:8:"priority";s:6:"Medium";s:4:"days";s:0:"";s:9:"direction";s:5:"after";s:9:"datefield";s:12:"modifiedtime";s:16:"assigned_user_id";s:15:"copyParentOwner";s:2:"id";i:72;s:10:"days_start";s:1:"2";s:8:"days_end";s:1:"3";s:15:"direction_start";s:5:"after";s:15:"datefield_start";s:12:"modifiedtime";s:13:"direction_end";s:5:"after";s:13:"datefield_end";s:12:"modifiedtime";}'),
(73, 42, 'Weryfikacja od strony technicznej', 'O:16:"VTCreateTodoTask":23:{s:18:"executeImmediately";b:1;s:10:"workflowId";s:2:"42";s:7:"summary";s:33:"Weryfikacja od strony technicznej";s:6:"active";b:0;s:7:"trigger";N;s:4:"todo";s:33:"Weryfikacja od strony technicznej";s:11:"description";s:0:"";s:16:"sendNotification";s:0:"";s:4:"time";s:5:"08:00";s:4:"date";s:0:"";s:6:"status";s:11:"Not Started";s:8:"priority";s:6:"Medium";s:4:"days";s:0:"";s:9:"direction";s:5:"after";s:9:"datefield";s:12:"modifiedtime";s:16:"assigned_user_id";s:15:"copyParentOwner";s:2:"id";i:73;s:10:"days_start";s:1:"2";s:8:"days_end";s:1:"3";s:15:"direction_start";s:5:"after";s:15:"datefield_start";s:12:"modifiedtime";s:13:"direction_end";s:5:"after";s:13:"datefield_end";s:12:"modifiedtime";}'),
(74, 42, 'Weryfikacja od strony finansowej', 'O:16:"VTCreateTodoTask":23:{s:18:"executeImmediately";b:1;s:10:"workflowId";s:2:"42";s:7:"summary";s:32:"Weryfikacja od strony finansowej";s:6:"active";b:0;s:7:"trigger";N;s:4:"todo";s:32:"Weryfikacja od strony finansowej";s:11:"description";s:0:"";s:16:"sendNotification";s:0:"";s:4:"time";s:5:"08:00";s:4:"date";s:0:"";s:6:"status";s:11:"Not Started";s:8:"priority";s:6:"Medium";s:4:"days";s:0:"";s:9:"direction";s:5:"after";s:9:"datefield";s:12:"modifiedtime";s:16:"assigned_user_id";s:15:"copyParentOwner";s:2:"id";i:74;s:10:"days_start";s:1:"2";s:8:"days_end";s:1:"3";s:15:"direction_start";s:5:"after";s:15:"datefield_start";s:12:"modifiedtime";s:13:"direction_end";s:5:"after";s:13:"datefield_end";s:12:"modifiedtime";}'),
(75, 42, 'Weryfikacja od strony prawnej', 'O:16:"VTCreateTodoTask":17:{s:18:"executeImmediately";b:1;s:10:"workflowId";s:2:"42";s:7:"summary";s:29:"Weryfikacja od strony prawnej";s:6:"active";b:0;s:7:"trigger";N;s:4:"todo";s:29:"Weryfikacja od strony prawnej";s:11:"description";s:0:"";s:16:"sendNotification";s:0:"";s:4:"time";s:5:"08:00";s:4:"date";s:0:"";s:6:"status";s:11:"Not Started";s:8:"priority";s:6:"Medium";s:4:"days";s:1:"3";s:9:"direction";s:5:"after";s:9:"datefield";s:12:"modifiedtime";s:16:"assigned_user_id";s:15:"copyParentOwner";s:2:"id";i:75;}'),
(76, 42, 'Uzyskanie akceptacji dla zamówienia/umowy', 'O:16:"VTCreateTodoTask":23:{s:18:"executeImmediately";b:1;s:10:"workflowId";s:2:"42";s:7:"summary";s:42:"Uzyskanie akceptacji dla zamówienia/umowy";s:6:"active";b:0;s:7:"trigger";N;s:4:"todo";s:42:"Uzyskanie akceptacji dla zamówienia/umowy";s:11:"description";s:0:"";s:16:"sendNotification";s:0:"";s:4:"time";s:5:"08:00";s:4:"date";s:0:"";s:6:"status";s:11:"Not Started";s:8:"priority";s:6:"Medium";s:4:"days";s:0:"";s:9:"direction";s:5:"after";s:9:"datefield";s:12:"modifiedtime";s:16:"assigned_user_id";s:15:"copyParentOwner";s:2:"id";i:76;s:10:"days_start";s:1:"2";s:8:"days_end";s:1:"3";s:15:"direction_start";s:5:"after";s:15:"datefield_start";s:12:"modifiedtime";s:13:"direction_end";s:5:"after";s:13:"datefield_end";s:12:"modifiedtime";}'),
(77, 42, 'Wysyłka zamówienia/umowy', 'O:16:"VTCreateTodoTask":23:{s:18:"executeImmediately";b:1;s:10:"workflowId";s:2:"42";s:7:"summary";s:26:"Wysyłka zamówienia/umowy";s:6:"active";b:0;s:7:"trigger";N;s:4:"todo";s:26:"Wysyłka zamówienia/umowy";s:11:"description";s:0:"";s:16:"sendNotification";s:0:"";s:4:"time";s:5:"08:00";s:4:"date";s:0:"";s:6:"status";s:11:"Not Started";s:8:"priority";s:6:"Medium";s:4:"days";s:0:"";s:9:"direction";s:5:"after";s:9:"datefield";s:12:"modifiedtime";s:16:"assigned_user_id";s:15:"copyParentOwner";s:2:"id";i:77;s:10:"days_start";s:1:"2";s:8:"days_end";s:1:"3";s:15:"direction_start";s:5:"after";s:15:"datefield_start";s:12:"modifiedtime";s:13:"direction_end";s:5:"after";s:13:"datefield_end";s:12:"modifiedtime";}'),
(78, 42, 'Monitorowanie otrzymania oryginałów podpisanych dokumentów', 'O:16:"VTCreateTodoTask":23:{s:18:"executeImmediately";b:1;s:10:"workflowId";s:2:"42";s:7:"summary";s:61:"Monitorowanie otrzymania oryginałów podpisanych dokumentów";s:6:"active";b:0;s:7:"trigger";N;s:4:"todo";s:61:"Monitorowanie otrzymania oryginałów podpisanych dokumentów";s:11:"description";s:0:"";s:16:"sendNotification";s:0:"";s:4:"time";s:5:"09:50";s:4:"date";s:0:"";s:6:"status";s:11:"Not Started";s:8:"priority";s:6:"Medium";s:4:"days";s:0:"";s:9:"direction";s:5:"after";s:9:"datefield";s:12:"modifiedtime";s:16:"assigned_user_id";s:15:"copyParentOwner";s:2:"id";i:78;s:10:"days_start";s:1:"2";s:8:"days_end";s:1:"3";s:15:"direction_start";s:5:"after";s:15:"datefield_start";s:12:"modifiedtime";s:13:"direction_end";s:5:"after";s:13:"datefield_end";s:12:"modifiedtime";}'),
(79, 43, 'Weryfikacja od strony finansowej', 'O:16:"VTCreateTodoTask":23:{s:18:"executeImmediately";b:1;s:10:"workflowId";s:2:"43";s:7:"summary";s:32:"Weryfikacja od strony finansowej";s:6:"active";b:0;s:7:"trigger";N;s:4:"todo";s:32:"Weryfikacja od strony finansowej";s:11:"description";s:0:"";s:16:"sendNotification";s:0:"";s:4:"time";s:5:"08:00";s:4:"date";s:0:"";s:6:"status";s:11:"Not Started";s:8:"priority";s:6:"Medium";s:4:"days";s:0:"";s:9:"direction";s:5:"after";s:9:"datefield";s:12:"modifiedtime";s:16:"assigned_user_id";s:15:"copyParentOwner";s:2:"id";i:79;s:10:"days_start";s:1:"2";s:8:"days_end";s:1:"3";s:15:"direction_start";s:5:"after";s:15:"datefield_start";s:12:"modifiedtime";s:13:"direction_end";s:5:"after";s:13:"datefield_end";s:12:"modifiedtime";}'),
(80, 43, 'Weryfikacja od strony prawnej', 'O:16:"VTCreateTodoTask":23:{s:18:"executeImmediately";b:1;s:10:"workflowId";s:2:"43";s:7:"summary";s:29:"Weryfikacja od strony prawnej";s:6:"active";b:0;s:7:"trigger";N;s:4:"todo";s:29:"Weryfikacja od strony prawnej";s:11:"description";s:0:"";s:16:"sendNotification";s:0:"";s:4:"time";s:5:"08:00";s:4:"date";s:0:"";s:6:"status";s:11:"Not Started";s:8:"priority";s:6:"Medium";s:4:"days";s:0:"";s:9:"direction";s:5:"after";s:9:"datefield";s:12:"modifiedtime";s:16:"assigned_user_id";s:15:"copyParentOwner";s:2:"id";i:80;s:10:"days_start";s:1:"2";s:8:"days_end";s:1:"3";s:15:"direction_start";s:5:"after";s:15:"datefield_start";s:12:"modifiedtime";s:13:"direction_end";s:5:"after";s:13:"datefield_end";s:12:"modifiedtime";}'),
(81, 43, 'Wysłanie informacji do Klienta w sprawie zamówienia/usługi', 'O:16:"VTCreateTodoTask":23:{s:18:"executeImmediately";b:1;s:10:"workflowId";s:2:"43";s:7:"summary";s:61:"Wysłanie informacji do Klienta w sprawie zamówienia/usługi";s:6:"active";b:0;s:7:"trigger";N;s:4:"todo";s:61:"Wysłanie informacji do Klienta w sprawie zamówienia/usługi";s:11:"description";s:0:"";s:16:"sendNotification";s:0:"";s:4:"time";s:5:"08:00";s:4:"date";s:0:"";s:6:"status";s:11:"Not Started";s:8:"priority";s:6:"Medium";s:4:"days";s:0:"";s:9:"direction";s:5:"after";s:9:"datefield";s:12:"modifiedtime";s:16:"assigned_user_id";s:15:"copyParentOwner";s:2:"id";i:81;s:10:"days_start";s:1:"2";s:8:"days_end";s:1:"3";s:15:"direction_start";s:5:"after";s:15:"datefield_start";s:12:"modifiedtime";s:13:"direction_end";s:5:"after";s:13:"datefield_end";s:12:"modifiedtime";}'),
(82, 44, 'Uzupełnienie informacji o: ''Produkty sprzedane''', 'O:16:"VTCreateTodoTask":23:{s:18:"executeImmediately";b:1;s:10:"workflowId";s:2:"44";s:7:"summary";s:48:"Uzupełnienie informacji o: ''Produkty sprzedane''";s:6:"active";b:0;s:7:"trigger";N;s:4:"todo";s:48:"Uzupełnienie informacji o: ''Produkty sprzedane''";s:11:"description";s:0:"";s:16:"sendNotification";s:0:"";s:4:"time";s:5:"08:00";s:4:"date";s:0:"";s:6:"status";s:11:"Not Started";s:8:"priority";s:6:"Medium";s:4:"days";s:0:"";s:9:"direction";s:5:"after";s:9:"datefield";s:12:"modifiedtime";s:16:"assigned_user_id";s:15:"copyParentOwner";s:2:"id";i:82;s:10:"days_start";s:1:"2";s:8:"days_end";s:1:"3";s:15:"direction_start";s:5:"after";s:15:"datefield_start";s:12:"modifiedtime";s:13:"direction_end";s:5:"after";s:13:"datefield_end";s:12:"modifiedtime";}'),
(83, 44, 'Uzupełnienie informacji o: ''Usługi sprzedane''', 'O:16:"VTCreateTodoTask":23:{s:18:"executeImmediately";b:1;s:10:"workflowId";s:2:"44";s:7:"summary";s:47:"Uzupełnienie informacji o: ''Usługi sprzedane''";s:6:"active";b:0;s:7:"trigger";N;s:4:"todo";s:47:"Uzupełnienie informacji o: ''Usługi sprzedane''";s:11:"description";s:0:"";s:16:"sendNotification";s:0:"";s:4:"time";s:5:"08:00";s:4:"date";s:0:"";s:6:"status";s:11:"Not Started";s:8:"priority";s:6:"Medium";s:4:"days";s:0:"";s:9:"direction";s:5:"after";s:9:"datefield";s:12:"modifiedtime";s:16:"assigned_user_id";s:15:"copyParentOwner";s:2:"id";i:83;s:10:"days_start";s:1:"2";s:8:"days_end";s:1:"3";s:15:"direction_start";s:5:"after";s:15:"datefield_start";s:12:"modifiedtime";s:13:"direction_end";s:5:"after";s:13:"datefield_end";s:12:"modifiedtime";}'),
(84, 44, 'Utworzenie projektów/zadań/etapów w celu realizacji zamówienia/umowy', 'O:16:"VTCreateTodoTask":23:{s:18:"executeImmediately";b:1;s:10:"workflowId";s:2:"44";s:7:"summary";s:72:"Utworzenie projektów/zadań/etapów w celu realizacji zamówienia/umowy";s:6:"active";b:0;s:7:"trigger";N;s:4:"todo";s:72:"Utworzenie projektów/zadań/etapów w celu realizacji zamówienia/umowy";s:11:"description";s:0:"";s:16:"sendNotification";s:0:"";s:4:"time";s:5:"08:00";s:4:"date";s:0:"";s:6:"status";s:11:"Not Started";s:8:"priority";s:6:"Medium";s:4:"days";s:0:"";s:9:"direction";s:5:"after";s:9:"datefield";s:12:"modifiedtime";s:16:"assigned_user_id";s:15:"copyParentOwner";s:2:"id";i:84;s:10:"days_start";s:1:"2";s:8:"days_end";s:1:"3";s:15:"direction_start";s:5:"after";s:15:"datefield_start";s:12:"modifiedtime";s:13:"direction_end";s:5:"after";s:13:"datefield_end";s:12:"modifiedtime";}'),
(85, 45, 'Monitorowanie realizacji projektów', 'O:16:"VTCreateTodoTask":23:{s:18:"executeImmediately";b:1;s:10:"workflowId";s:2:"45";s:7:"summary";s:35:"Monitorowanie realizacji projektów";s:6:"active";b:0;s:7:"trigger";N;s:4:"todo";s:35:"Monitorowanie realizacji projektów";s:11:"description";s:0:"";s:16:"sendNotification";s:0:"";s:4:"time";s:5:"08:00";s:4:"date";s:0:"";s:6:"status";s:11:"Not Started";s:8:"priority";s:6:"Medium";s:4:"days";s:0:"";s:9:"direction";s:5:"after";s:9:"datefield";s:12:"modifiedtime";s:16:"assigned_user_id";s:15:"copyParentOwner";s:2:"id";i:85;s:10:"days_start";s:1:"2";s:8:"days_end";s:1:"3";s:15:"direction_start";s:5:"after";s:15:"datefield_start";s:12:"modifiedtime";s:13:"direction_end";s:5:"after";s:13:"datefield_end";s:12:"modifiedtime";}'),
(86, 45, 'Ogólna weryfikacja procesu sprzedażowego', 'O:16:"VTCreateTodoTask":23:{s:18:"executeImmediately";b:1;s:10:"workflowId";s:2:"45";s:7:"summary";s:42:"Ogólna weryfikacja procesu sprzedażowego";s:6:"active";b:0;s:7:"trigger";N;s:4:"todo";s:42:"Ogólna weryfikacja procesu sprzedażowego";s:11:"description";s:0:"";s:16:"sendNotification";s:0:"";s:4:"time";s:5:"08:00";s:4:"date";s:0:"";s:6:"status";s:11:"Not Started";s:8:"priority";s:6:"Medium";s:4:"days";s:0:"";s:9:"direction";s:5:"after";s:9:"datefield";s:12:"modifiedtime";s:16:"assigned_user_id";s:15:"copyParentOwner";s:2:"id";i:86;s:10:"days_start";s:1:"2";s:8:"days_end";s:1:"3";s:15:"direction_start";s:5:"after";s:15:"datefield_start";s:12:"modifiedtime";s:13:"direction_end";s:5:"after";s:13:"datefield_end";s:12:"modifiedtime";}'),
(87, 46, 'Ocena procesu realizacji przez Klienta', 'O:16:"VTCreateTodoTask":23:{s:18:"executeImmediately";b:1;s:10:"workflowId";s:2:"46";s:7:"summary";s:38:"Ocena procesu realizacji przez Klienta";s:6:"active";b:0;s:7:"trigger";N;s:4:"todo";s:38:"Ocena procesu realizacji przez Klienta";s:11:"description";s:0:"";s:16:"sendNotification";s:0:"";s:4:"time";s:5:"08:00";s:4:"date";s:0:"";s:6:"status";s:11:"Not Started";s:8:"priority";s:6:"Medium";s:4:"days";s:0:"";s:9:"direction";s:5:"after";s:9:"datefield";s:12:"modifiedtime";s:16:"assigned_user_id";s:15:"copyParentOwner";s:2:"id";i:87;s:10:"days_start";s:1:"2";s:8:"days_end";s:1:"3";s:15:"direction_start";s:5:"after";s:15:"datefield_start";s:12:"modifiedtime";s:13:"direction_end";s:5:"after";s:13:"datefield_end";s:12:"modifiedtime";}'),
(88, 46, 'Ocena Klienta pod względem współpracy', 'O:16:"VTCreateTodoTask":23:{s:18:"executeImmediately";b:1;s:10:"workflowId";s:2:"46";s:7:"summary";s:40:"Ocena Klienta pod względem współpracy";s:6:"active";b:0;s:7:"trigger";N;s:4:"todo";s:40:"Ocena Klienta pod względem współpracy";s:11:"description";s:0:"";s:16:"sendNotification";s:0:"";s:4:"time";s:5:"08:00";s:4:"date";s:0:"";s:6:"status";s:11:"Not Started";s:8:"priority";s:6:"Medium";s:4:"days";s:0:"";s:9:"direction";s:5:"after";s:9:"datefield";s:12:"modifiedtime";s:16:"assigned_user_id";s:15:"copyParentOwner";s:2:"id";i:88;s:10:"days_start";s:1:"2";s:8:"days_end";s:1:"3";s:15:"direction_start";s:5:"after";s:15:"datefield_start";s:12:"modifiedtime";s:13:"direction_end";s:5:"after";s:13:"datefield_end";s:12:"modifiedtime";}'),
(89, 46, 'Wyznaczenie kolejnych kontaktów na najbliższe 6 miesięcy', 'O:16:"VTCreateTodoTask":23:{s:18:"executeImmediately";b:1;s:10:"workflowId";s:2:"46";s:7:"summary";s:59:"Wyznaczenie kolejnych kontaktów na najbliższe 6 miesięcy";s:6:"active";b:0;s:7:"trigger";N;s:4:"todo";s:59:"Wyznaczenie kolejnych kontaktów na najbliższe 6 miesięcy";s:11:"description";s:0:"";s:16:"sendNotification";s:0:"";s:4:"time";s:5:"08:00";s:4:"date";s:0:"";s:6:"status";s:11:"Not Started";s:8:"priority";s:6:"Medium";s:4:"days";s:0:"";s:9:"direction";s:5:"after";s:9:"datefield";s:12:"modifiedtime";s:16:"assigned_user_id";s:15:"copyParentOwner";s:2:"id";i:89;s:10:"days_start";s:1:"2";s:8:"days_end";s:1:"3";s:15:"direction_start";s:5:"after";s:15:"datefield_start";s:12:"modifiedtime";s:13:"direction_end";s:5:"after";s:13:"datefield_end";s:12:"modifiedtime";}'),
(90, 46, 'Utworzenie nowej szansy sprzedaży z datą przyszłą', 'O:16:"VTCreateTodoTask":23:{s:18:"executeImmediately";b:1;s:10:"workflowId";s:2:"46";s:7:"summary";s:53:"Utworzenie nowej szansy sprzedaży z datą przyszłą";s:6:"active";b:0;s:7:"trigger";N;s:4:"todo";s:53:"Utworzenie nowej szansy sprzedaży z datą przyszłą";s:11:"description";s:0:"";s:16:"sendNotification";s:0:"";s:4:"time";s:5:"08:00";s:4:"date";s:0:"";s:6:"status";s:11:"Not Started";s:8:"priority";s:6:"Medium";s:4:"days";s:0:"";s:9:"direction";s:5:"after";s:9:"datefield";s:12:"modifiedtime";s:16:"assigned_user_id";s:15:"copyParentOwner";s:2:"id";i:90;s:10:"days_start";s:1:"2";s:8:"days_end";s:1:"3";s:15:"direction_start";s:5:"after";s:15:"datefield_start";s:12:"modifiedtime";s:13:"direction_end";s:5:"after";s:13:"datefield_end";s:12:"modifiedtime";}'),
(91, 47, 'Weryfikacja danych', 'O:16:"VTCreateTodoTask":23:{s:18:"executeImmediately";b:1;s:10:"workflowId";s:2:"47";s:7:"summary";s:18:"Weryfikacja danych";s:6:"active";b:0;s:7:"trigger";N;s:4:"todo";s:18:"Weryfikacja danych";s:11:"description";s:0:"";s:16:"sendNotification";s:0:"";s:4:"time";s:5:"08:00";s:4:"date";s:0:"";s:6:"status";s:11:"Not Started";s:8:"priority";s:6:"Medium";s:4:"days";s:0:"";s:9:"direction";s:5:"after";s:9:"datefield";s:12:"modifiedtime";s:16:"assigned_user_id";s:15:"copyParentOwner";s:2:"id";i:91;s:10:"days_start";s:1:"2";s:8:"days_end";s:1:"3";s:15:"direction_start";s:5:"after";s:15:"datefield_start";s:12:"modifiedtime";s:13:"direction_end";s:5:"after";s:13:"datefield_end";s:12:"modifiedtime";}'),
(92, 48, 'Zapoznanie się z aktualnościami na stronie', 'O:16:"VTCreateTodoTask":23:{s:18:"executeImmediately";b:1;s:10:"workflowId";s:2:"48";s:7:"summary";s:44:"Zapoznanie się z aktualnościami na stronie";s:6:"active";b:0;s:7:"trigger";N;s:4:"todo";s:44:"Zapoznanie się z aktualnościami na stronie";s:11:"description";s:0:"";s:16:"sendNotification";s:0:"";s:4:"time";s:5:"08:00";s:4:"date";s:0:"";s:6:"status";s:11:"Not Started";s:8:"priority";s:6:"Medium";s:4:"days";s:0:"";s:9:"direction";s:5:"after";s:9:"datefield";s:12:"modifiedtime";s:16:"assigned_user_id";s:15:"copyParentOwner";s:2:"id";i:92;s:10:"days_start";s:1:"2";s:8:"days_end";s:1:"3";s:15:"direction_start";s:5:"after";s:15:"datefield_start";s:12:"modifiedtime";s:13:"direction_end";s:5:"after";s:13:"datefield_end";s:12:"modifiedtime";}'),
(93, 48, 'Zapoznanie się z aktualnościami społecznościowymi', 'O:16:"VTCreateTodoTask":23:{s:18:"executeImmediately";b:1;s:10:"workflowId";s:2:"48";s:7:"summary";s:53:"Zapoznanie się z aktualnościami społecznościowymi";s:6:"active";b:0;s:7:"trigger";N;s:4:"todo";s:53:"Zapoznanie się z aktualnościami społecznościowymi";s:11:"description";s:0:"";s:16:"sendNotification";s:0:"";s:4:"time";s:5:"08:00";s:4:"date";s:0:"";s:6:"status";s:11:"Not Started";s:8:"priority";s:6:"Medium";s:4:"days";s:0:"";s:9:"direction";s:5:"after";s:9:"datefield";s:12:"modifiedtime";s:16:"assigned_user_id";s:15:"copyParentOwner";s:2:"id";i:93;s:10:"days_start";s:1:"2";s:8:"days_end";s:1:"3";s:15:"direction_start";s:5:"after";s:15:"datefield_start";s:12:"modifiedtime";s:13:"direction_end";s:5:"after";s:13:"datefield_end";s:12:"modifiedtime";}'),
(94, 49, 'Kontakt telefoniczny lub mailowy', 'O:16:"VTCreateTodoTask":23:{s:18:"executeImmediately";b:1;s:10:"workflowId";s:2:"49";s:7:"summary";s:32:"Kontakt telefoniczny lub mailowy";s:6:"active";b:0;s:7:"trigger";N;s:4:"todo";s:32:"Kontakt telefoniczny lub mailowy";s:11:"description";s:0:"";s:16:"sendNotification";s:0:"";s:4:"time";s:5:"08:00";s:4:"date";s:0:"";s:6:"status";s:11:"Not Started";s:8:"priority";s:6:"Medium";s:4:"days";s:0:"";s:9:"direction";s:5:"after";s:9:"datefield";s:12:"modifiedtime";s:16:"assigned_user_id";s:15:"copyParentOwner";s:2:"id";i:94;s:10:"days_start";s:1:"2";s:8:"days_end";s:1:"3";s:15:"direction_start";s:5:"after";s:15:"datefield_start";s:12:"modifiedtime";s:13:"direction_end";s:5:"after";s:13:"datefield_end";s:12:"modifiedtime";}'),
(95, 49, 'Określenie osoby decyzyjnej', 'O:16:"VTCreateTodoTask":23:{s:18:"executeImmediately";b:1;s:10:"workflowId";s:2:"49";s:7:"summary";s:28:"Określenie osoby decyzyjnej";s:6:"active";b:0;s:7:"trigger";N;s:4:"todo";s:28:"Określenie osoby decyzyjnej";s:11:"description";s:0:"";s:16:"sendNotification";s:0:"";s:4:"time";s:5:"08:00";s:4:"date";s:0:"";s:6:"status";s:11:"Not Started";s:8:"priority";s:6:"Medium";s:4:"days";s:0:"";s:9:"direction";s:5:"after";s:9:"datefield";s:12:"modifiedtime";s:16:"assigned_user_id";s:15:"copyParentOwner";s:2:"id";i:95;s:10:"days_start";s:1:"2";s:8:"days_end";s:1:"3";s:15:"direction_start";s:5:"after";s:15:"datefield_start";s:12:"modifiedtime";s:13:"direction_end";s:5:"after";s:13:"datefield_end";s:12:"modifiedtime";}'),
(96, 49, 'Prezentacja doświadczenia firmy', 'O:16:"VTCreateTodoTask":23:{s:18:"executeImmediately";b:1;s:10:"workflowId";s:2:"49";s:7:"summary";s:32:"Prezentacja doświadczenia firmy";s:6:"active";b:0;s:7:"trigger";N;s:4:"todo";s:32:"Prezentacja doświadczenia firmy";s:11:"description";s:0:"";s:16:"sendNotification";s:0:"";s:4:"time";s:5:"08:00";s:4:"date";s:0:"";s:6:"status";s:11:"Not Started";s:8:"priority";s:6:"Medium";s:4:"days";s:0:"";s:9:"direction";s:5:"after";s:9:"datefield";s:12:"modifiedtime";s:16:"assigned_user_id";s:15:"copyParentOwner";s:2:"id";i:96;s:10:"days_start";s:1:"2";s:8:"days_end";s:1:"3";s:15:"direction_start";s:5:"after";s:15:"datefield_start";s:12:"modifiedtime";s:13:"direction_end";s:5:"after";s:13:"datefield_end";s:12:"modifiedtime";}'),
(97, 49, 'Prezentacja produktów i usług', 'O:16:"VTCreateTodoTask":23:{s:18:"executeImmediately";b:1;s:10:"workflowId";s:2:"49";s:7:"summary";s:31:"Prezentacja produktów i usług";s:6:"active";b:0;s:7:"trigger";N;s:4:"todo";s:31:"Prezentacja produktów i usług";s:11:"description";s:0:"";s:16:"sendNotification";s:0:"";s:4:"time";s:5:"08:00";s:4:"date";s:0:"";s:6:"status";s:11:"Not Started";s:8:"priority";s:6:"Medium";s:4:"days";s:0:"";s:9:"direction";s:5:"after";s:9:"datefield";s:12:"modifiedtime";s:16:"assigned_user_id";s:15:"copyParentOwner";s:2:"id";i:97;s:10:"days_start";s:1:"2";s:8:"days_end";s:1:"3";s:15:"direction_start";s:5:"after";s:15:"datefield_start";s:12:"modifiedtime";s:13:"direction_end";s:5:"after";s:13:"datefield_end";s:12:"modifiedtime";}'),
(98, 49, 'Wstępna analiza potrzeb Klienta', 'O:16:"VTCreateTodoTask":23:{s:18:"executeImmediately";b:1;s:10:"workflowId";s:2:"49";s:7:"summary";s:32:"Wstępna analiza potrzeb Klienta";s:6:"active";b:0;s:7:"trigger";N;s:4:"todo";s:32:"Wstępna analiza potrzeb Klienta";s:11:"description";s:0:"";s:16:"sendNotification";s:0:"";s:4:"time";s:5:"08:00";s:4:"date";s:0:"";s:6:"status";s:11:"Not Started";s:8:"priority";s:6:"Medium";s:4:"days";s:0:"";s:9:"direction";s:5:"after";s:9:"datefield";s:12:"modifiedtime";s:16:"assigned_user_id";s:15:"copyParentOwner";s:2:"id";i:98;s:10:"days_start";s:1:"2";s:8:"days_end";s:1:"3";s:15:"direction_start";s:5:"after";s:15:"datefield_start";s:12:"modifiedtime";s:13:"direction_end";s:5:"after";s:13:"datefield_end";s:12:"modifiedtime";}'),
(99, 49, 'Uzupełnienie informacji o: ''Usługi obce''', 'O:16:"VTCreateTodoTask":23:{s:18:"executeImmediately";b:1;s:10:"workflowId";s:2:"49";s:7:"summary";s:42:"Uzupełnienie informacji o: ''Usługi obce''";s:6:"active";b:0;s:7:"trigger";N;s:4:"todo";s:42:"Uzupełnienie informacji o: ''Usługi obce''";s:11:"description";s:0:"";s:16:"sendNotification";s:0:"";s:4:"time";s:5:"08:00";s:4:"date";s:0:"";s:6:"status";s:11:"Not Started";s:8:"priority";s:6:"Medium";s:4:"days";s:0:"";s:9:"direction";s:5:"after";s:9:"datefield";s:12:"modifiedtime";s:16:"assigned_user_id";s:15:"copyParentOwner";s:2:"id";i:99;s:10:"days_start";s:1:"2";s:8:"days_end";s:1:"3";s:15:"direction_start";s:5:"after";s:15:"datefield_start";s:12:"modifiedtime";s:13:"direction_end";s:5:"after";s:13:"datefield_end";s:12:"modifiedtime";}'),
(100, 49, 'Uzupełnienie informacji o: ''Produkty obce''', 'O:16:"VTCreateTodoTask":23:{s:18:"executeImmediately";b:1;s:10:"workflowId";s:2:"49";s:7:"summary";s:43:"Uzupełnienie informacji o: ''Produkty obce''";s:6:"active";b:0;s:7:"trigger";N;s:4:"todo";s:43:"Uzupełnienie informacji o: ''Produkty obce''";s:11:"description";s:0:"";s:16:"sendNotification";s:0:"";s:4:"time";s:5:"08:00";s:4:"date";s:0:"";s:6:"status";s:11:"Not Started";s:8:"priority";s:6:"Medium";s:4:"days";s:0:"";s:9:"direction";s:5:"after";s:9:"datefield";s:12:"modifiedtime";s:16:"assigned_user_id";s:15:"copyParentOwner";s:2:"id";i:100;s:10:"days_start";s:1:"2";s:8:"days_end";s:1:"3";s:15:"direction_start";s:5:"after";s:15:"datefield_start";s:12:"modifiedtime";s:13:"direction_end";s:5:"after";s:13:"datefield_end";s:12:"modifiedtime";}'),
(101, 49, 'Uzupełnienie wstępnych ustaleń w systemie', 'O:16:"VTCreateTodoTask":23:{s:18:"executeImmediately";b:1;s:10:"workflowId";s:2:"49";s:7:"summary";s:44:"Uzupełnienie wstępnych ustaleń w systemie";s:6:"active";b:0;s:7:"trigger";N;s:4:"todo";s:44:"Uzupełnienie wstępnych ustaleń w systemie";s:11:"description";s:0:"";s:16:"sendNotification";s:0:"";s:4:"time";s:5:"08:00";s:4:"date";s:0:"";s:6:"status";s:11:"Not Started";s:8:"priority";s:6:"Medium";s:4:"days";s:0:"";s:9:"direction";s:5:"after";s:9:"datefield";s:12:"modifiedtime";s:16:"assigned_user_id";s:15:"copyParentOwner";s:2:"id";i:101;s:10:"days_start";s:1:"2";s:8:"days_end";s:1:"3";s:15:"direction_start";s:5:"after";s:15:"datefield_start";s:12:"modifiedtime";s:13:"direction_end";s:5:"after";s:13:"datefield_end";s:12:"modifiedtime";}');
INSERT INTO `com_vtiger_workflowtasks` (`task_id`, `workflow_id`, `summary`, `task`) VALUES
(102, 50, 'Uszczegółowienie potrzeb Klienta', 'O:16:"VTCreateTodoTask":23:{s:18:"executeImmediately";b:1;s:10:"workflowId";s:2:"50";s:7:"summary";s:34:"Uszczegółowienie potrzeb Klienta";s:6:"active";b:0;s:7:"trigger";N;s:4:"todo";s:34:"Uszczegółowienie potrzeb Klienta";s:11:"description";s:0:"";s:16:"sendNotification";s:0:"";s:4:"time";s:5:"08:00";s:4:"date";s:0:"";s:6:"status";s:11:"Not Started";s:8:"priority";s:6:"Medium";s:4:"days";s:0:"";s:9:"direction";s:5:"after";s:9:"datefield";s:12:"modifiedtime";s:16:"assigned_user_id";s:15:"copyParentOwner";s:2:"id";i:102;s:10:"days_start";s:1:"2";s:8:"days_end";s:1:"3";s:15:"direction_start";s:5:"after";s:15:"datefield_start";s:12:"modifiedtime";s:13:"direction_end";s:5:"after";s:13:"datefield_end";s:12:"modifiedtime";}'),
(103, 50, 'Uzupełnienie informacji o: ''Zainteresowany usługami''', 'O:16:"VTCreateTodoTask":23:{s:18:"executeImmediately";b:1;s:10:"workflowId";s:2:"50";s:7:"summary";s:54:"Uzupełnienie informacji o: ''Zainteresowany usługami''";s:6:"active";b:0;s:7:"trigger";N;s:4:"todo";s:54:"Uzupełnienie informacji o: ''Zainteresowany usługami''";s:11:"description";s:0:"";s:16:"sendNotification";s:0:"";s:4:"time";s:5:"08:00";s:4:"date";s:0:"";s:6:"status";s:11:"Not Started";s:8:"priority";s:6:"Medium";s:4:"days";s:0:"";s:9:"direction";s:5:"after";s:9:"datefield";s:12:"modifiedtime";s:16:"assigned_user_id";s:15:"copyParentOwner";s:2:"id";i:103;s:10:"days_start";s:1:"2";s:8:"days_end";s:1:"3";s:15:"direction_start";s:5:"after";s:15:"datefield_start";s:12:"modifiedtime";s:13:"direction_end";s:5:"after";s:13:"datefield_end";s:12:"modifiedtime";}'),
(104, 50, 'Uzupełnienie informacji o: ''Zainteresowany produktami''', 'O:16:"VTCreateTodoTask":23:{s:18:"executeImmediately";b:1;s:10:"workflowId";s:2:"50";s:7:"summary";s:55:"Uzupełnienie informacji o: ''Zainteresowany produktami''";s:6:"active";b:0;s:7:"trigger";N;s:4:"todo";s:55:"Uzupełnienie informacji o: ''Zainteresowany produktami''";s:11:"description";s:0:"";s:16:"sendNotification";s:0:"";s:4:"time";s:5:"08:00";s:4:"date";s:0:"";s:6:"status";s:11:"Not Started";s:8:"priority";s:6:"Medium";s:4:"days";s:0:"";s:9:"direction";s:5:"after";s:9:"datefield";s:12:"modifiedtime";s:16:"assigned_user_id";s:15:"copyParentOwner";s:2:"id";i:104;s:10:"days_start";s:1:"2";s:8:"days_end";s:1:"3";s:15:"direction_start";s:5:"after";s:15:"datefield_start";s:12:"modifiedtime";s:13:"direction_end";s:5:"after";s:13:"datefield_end";s:12:"modifiedtime";}'),
(105, 51, 'Kontakt telefoniczny lub mailowy', 'O:16:"VTCreateTodoTask":23:{s:18:"executeImmediately";b:1;s:10:"workflowId";s:2:"51";s:7:"summary";s:32:"Kontakt telefoniczny lub mailowy";s:6:"active";b:0;s:7:"trigger";N;s:4:"todo";s:32:"Kontakt telefoniczny lub mailowy";s:11:"description";s:0:"";s:16:"sendNotification";s:0:"";s:4:"time";s:5:"08:00";s:4:"date";s:0:"";s:6:"status";s:11:"Not Started";s:8:"priority";s:6:"Medium";s:4:"days";s:0:"";s:9:"direction";s:5:"after";s:9:"datefield";s:12:"modifiedtime";s:16:"assigned_user_id";s:15:"copyParentOwner";s:2:"id";i:105;s:10:"days_start";s:1:"2";s:8:"days_end";s:1:"3";s:15:"direction_start";s:5:"after";s:15:"datefield_start";s:12:"modifiedtime";s:13:"direction_end";s:5:"after";s:13:"datefield_end";s:12:"modifiedtime";}'),
(106, 33, 'Notify Account On Ticket Create', 'O:19:"VTEmailTemplateTask":10:{s:18:"executeImmediately";b:1;s:10:"workflowId";s:2:"33";s:7:"summary";s:31:"Notify Account On Ticket Create";s:6:"active";b:0;s:7:"trigger";N;s:8:"template";s:2:"40";s:11:"attachments";s:0:"";s:5:"email";s:25:"parent_id=Accounts=email1";s:10:"copy_email";s:0:"";s:2:"id";i:106;}'),
(107, 32, 'Notify Contact On Ticket Create', 'O:19:"VTEmailTemplateTask":10:{s:18:"executeImmediately";b:1;s:10:"workflowId";s:2:"32";s:7:"summary";s:31:"Notify Contact On Ticket Create";s:6:"active";b:0;s:7:"trigger";N;s:8:"template";s:2:"39";s:11:"attachments";s:0:"";s:5:"email";s:25:"contact_id=Contacts=email";s:10:"copy_email";s:0:"";s:2:"id";i:107;}'),
(108, 31, 'Notify Owner On Ticket Create', 'O:19:"VTEmailTemplateTask":10:{s:18:"executeImmediately";b:1;s:10:"workflowId";s:2:"31";s:7:"summary";s:29:"Notify Owner On Ticket Create";s:6:"active";b:0;s:7:"trigger";N;s:8:"template";s:2:"43";s:11:"attachments";s:0:"";s:5:"email";s:29:"assigned_user_id=Users=email1";s:10:"copy_email";s:0:"";s:2:"id";i:108;}'),
(109, 30, 'Notify Account On Ticket Closed', 'O:19:"VTEmailTemplateTask":10:{s:18:"executeImmediately";b:1;s:10:"workflowId";s:2:"30";s:7:"summary";s:31:"Notify Account On Ticket Closed";s:6:"active";b:0;s:7:"trigger";N;s:8:"template";s:2:"38";s:11:"attachments";s:0:"";s:5:"email";s:25:"parent_id=Accounts=email1";s:10:"copy_email";s:0:"";s:2:"id";i:109;}'),
(110, 29, 'Notify Contact On Ticket Closed', 'O:19:"VTEmailTemplateTask":10:{s:18:"executeImmediately";b:1;s:10:"workflowId";s:2:"29";s:7:"summary";s:31:"Notify Contact On Ticket Closed";s:6:"active";b:0;s:7:"trigger";N;s:8:"template";s:2:"37";s:11:"attachments";s:0:"";s:5:"email";s:25:"contact_id=Contacts=email";s:10:"copy_email";s:0:"";s:2:"id";i:110;}'),
(111, 28, 'Notify Owner On Ticket Closed', 'O:19:"VTEmailTemplateTask":10:{s:18:"executeImmediately";b:1;s:10:"workflowId";s:2:"28";s:7:"summary";s:29:"Notify Owner On Ticket Closed";s:6:"active";b:0;s:7:"trigger";N;s:8:"template";s:2:"42";s:11:"attachments";s:0:"";s:5:"email";s:29:"assigned_user_id=Users=email1";s:10:"copy_email";s:0:"";s:2:"id";i:111;}'),
(112, 27, 'Notify Account On Ticket Change', 'O:19:"VTEmailTemplateTask":10:{s:18:"executeImmediately";b:1;s:10:"workflowId";s:2:"27";s:7:"summary";s:31:"Notify Account On Ticket Change";s:6:"active";b:0;s:7:"trigger";N;s:8:"template";s:2:"36";s:11:"attachments";s:0:"";s:5:"email";s:25:"parent_id=Accounts=email1";s:10:"copy_email";s:0:"";s:2:"id";i:112;}'),
(113, 26, 'Notify Contact On Ticket Change', 'O:19:"VTEmailTemplateTask":10:{s:18:"executeImmediately";b:1;s:10:"workflowId";s:2:"26";s:7:"summary";s:31:"Notify Contact On Ticket Change";s:6:"active";b:0;s:7:"trigger";N;s:8:"template";s:2:"41";s:11:"attachments";s:0:"";s:5:"email";s:25:"contact_id=Contacts=email";s:10:"copy_email";s:0:"";s:2:"id";i:113;}'),
(114, 25, 'Notify Owner On Ticket Change', 'O:19:"VTEmailTemplateTask":10:{s:18:"executeImmediately";b:1;s:10:"workflowId";s:2:"25";s:7:"summary";s:29:"Notify Owner On Ticket Change";s:6:"active";b:0;s:7:"trigger";N;s:8:"template";s:2:"35";s:11:"attachments";s:0:"";s:5:"email";s:29:"assigned_user_id=Users=email1";s:10:"copy_email";s:0:"";s:2:"id";i:114;}'),
(116, 52, 'Create Portal Login Details', 'O:18:"VTEntityMethodTask":7:{s:18:"executeImmediately";b:1;s:10:"workflowId";s:2:"52";s:7:"summary";s:27:"Create Portal Login Details";s:6:"active";b:0;s:7:"trigger";N;s:10:"methodName";s:24:"CreatePortalLoginDetails";s:2:"id";i:116;}'),
(119, 14, 'Notification Email to Record Owner', 'O:19:"VTEmailTemplateTask":10:{s:18:"executeImmediately";b:1;s:10:"workflowId";s:2:"14";s:7:"summary";s:34:"Notification Email to Record Owner";s:6:"active";b:0;s:7:"trigger";N;s:8:"template";s:2:"46";s:11:"attachments";s:0:"";s:5:"email";s:29:"assigned_user_id=Users=email1";s:10:"copy_email";s:0:"";s:2:"id";i:119;}'),
(120, 53, 'Send Customer Login Details', 'O:19:"VTEmailTemplateTask":10:{s:18:"executeImmediately";b:1;s:10:"workflowId";s:2:"53";s:7:"summary";s:27:"Send Customer Login Details";s:6:"active";b:0;s:7:"trigger";N;s:8:"template";s:2:"44";s:11:"attachments";s:0:"";s:5:"email";s:5:"email";s:10:"copy_email";s:0:"";s:2:"id";i:120;}'),
(121, 54, 'Update Closed Time', 'O:18:"VTUpdateClosedTime":6:{s:18:"executeImmediately";b:1;s:10:"workflowId";s:2:"54";s:7:"summary";s:18:"Update Closed Time";s:6:"active";b:1;s:7:"trigger";N;s:2:"id";i:121;}'),
(122, 13, 'Send invitations', 'O:22:"VTSendNotificationTask":7:{s:18:"executeImmediately";b:1;s:10:"workflowId";s:2:"13";s:7:"summary";s:16:"Send invitations";s:6:"active";b:0;s:7:"trigger";N;s:8:"template";s:2:"45";s:2:"id";i:122;}'),
(123, 55, 'Generate mail address book', 'O:17:"VTAddressBookTask":7:{s:18:"executeImmediately";b:0;s:10:"workflowId";s:2:"55";s:7:"summary";s:26:"Generate mail address book";s:6:"active";b:1;s:7:"trigger";N;s:4:"test";s:0:"";s:2:"id";i:123;}');

-- --------------------------------------------------------

--
-- Table structure for table `com_vtiger_workflowtasks_entitymethod`
--

CREATE TABLE IF NOT EXISTS `com_vtiger_workflowtasks_entitymethod` (
  `workflowtasks_entitymethod_id` int(11) NOT NULL,
  `module_name` varchar(100) DEFAULT NULL,
  `method_name` varchar(100) DEFAULT NULL,
  `function_path` varchar(400) DEFAULT NULL,
  `function_name` varchar(100) DEFAULT NULL,
  PRIMARY KEY (`workflowtasks_entitymethod_id`),
  UNIQUE KEY `com_vtiger_workflowtasks_entitymethod_idx` (`workflowtasks_entitymethod_id`)
) ENGINE=InnoDB DEFAULT CHARSET=utf8;

--
-- Dumping data for table `com_vtiger_workflowtasks_entitymethod`
--

INSERT INTO `com_vtiger_workflowtasks_entitymethod` (`workflowtasks_entitymethod_id`, `module_name`, `method_name`, `function_path`, `function_name`) VALUES
(1, 'SalesOrder', 'UpdateInventory', 'modules/Inventory/handlers/InventoryHandler.php', 'handleInventoryProductRel'),
(2, 'Invoice', 'UpdateInventory', 'modules/Inventory/handlers/InventoryHandler.php', 'handleInventoryProductRel'),
(3, 'Contacts', 'CreatePortalLoginDetails', 'modules/Contacts/handlers/ContactsHandler.php', 'Contacts_createPortalLoginDetails'),
(8, 'ModComments', 'CustomerCommentFromPortal', 'modules/ModComments/handlers/ModCommentsHandler.php', 'CustomerCommentFromPortal'),
(9, 'ModComments', 'TicketOwnerComments', 'modules/ModComments/handlers/ModCommentsHandler.php', 'TicketOwnerComments'),
(10, 'PurchaseOrder', 'UpdateInventory', 'modules/Inventory/handlers/InventoryHandler.php', 'handleInventoryProductRel');

-- --------------------------------------------------------

--
-- Table structure for table `com_vtiger_workflowtasks_entitymethod_seq`
--

CREATE TABLE IF NOT EXISTS `com_vtiger_workflowtasks_entitymethod_seq` (
  `id` int(11) NOT NULL
) ENGINE=InnoDB DEFAULT CHARSET=utf8;

--
-- Dumping data for table `com_vtiger_workflowtasks_entitymethod_seq`
--

INSERT INTO `com_vtiger_workflowtasks_entitymethod_seq` (`id`) VALUES
(19);

-- --------------------------------------------------------

--
-- Table structure for table `com_vtiger_workflowtasks_seq`
--

CREATE TABLE IF NOT EXISTS `com_vtiger_workflowtasks_seq` (
  `id` int(11) NOT NULL
) ENGINE=InnoDB DEFAULT CHARSET=utf8;

--
-- Dumping data for table `com_vtiger_workflowtasks_seq`
--

INSERT INTO `com_vtiger_workflowtasks_seq` (`id`) VALUES
(123);

-- --------------------------------------------------------

--
-- Table structure for table `com_vtiger_workflowtask_queue`
--

CREATE TABLE IF NOT EXISTS `com_vtiger_workflowtask_queue` (
  `task_id` int(11) DEFAULT NULL,
  `entity_id` varchar(100) DEFAULT NULL,
  `do_after` int(11) DEFAULT NULL,
  `task_contents` text
) ENGINE=InnoDB DEFAULT CHARSET=utf8;

-- --------------------------------------------------------

--
-- Table structure for table `com_vtiger_workflowtemplates`
--

CREATE TABLE IF NOT EXISTS `com_vtiger_workflowtemplates` (
  `template_id` int(11) NOT NULL AUTO_INCREMENT,
  `module_name` varchar(100) DEFAULT NULL,
  `title` varchar(400) DEFAULT NULL,
  `template` text,
  PRIMARY KEY (`template_id`)
) ENGINE=InnoDB DEFAULT CHARSET=utf8 AUTO_INCREMENT=1 ;

-- --------------------------------------------------------

--
-- Table structure for table `com_vtiger_workflow_activatedonce`
--

CREATE TABLE IF NOT EXISTS `com_vtiger_workflow_activatedonce` (
  `workflow_id` int(11) NOT NULL,
  `entity_id` int(11) NOT NULL,
  PRIMARY KEY (`workflow_id`,`entity_id`)
) ENGINE=InnoDB DEFAULT CHARSET=utf8;

-- --------------------------------------------------------

--
-- Table structure for table `com_vtiger_workflow_tasktypes`
--

CREATE TABLE IF NOT EXISTS `com_vtiger_workflow_tasktypes` (
  `id` int(11) NOT NULL,
  `tasktypename` varchar(255) NOT NULL,
  `label` varchar(255) DEFAULT NULL,
  `classname` varchar(255) DEFAULT NULL,
  `classpath` varchar(255) DEFAULT NULL,
  `templatepath` varchar(255) DEFAULT NULL,
  `modules` varchar(500) DEFAULT NULL,
  `sourcemodule` varchar(255) DEFAULT NULL
) ENGINE=InnoDB DEFAULT CHARSET=utf8;

--
-- Dumping data for table `com_vtiger_workflow_tasktypes`
--

INSERT INTO `com_vtiger_workflow_tasktypes` (`id`, `tasktypename`, `label`, `classname`, `classpath`, `templatepath`, `modules`, `sourcemodule`) VALUES
(1, 'VTEmailTask', 'Send Mail', 'VTEmailTask', 'modules/com_vtiger_workflow/tasks/VTEmailTask.inc', 'com_vtiger_workflow/taskforms/VTEmailTask.tpl', '{"include":[],"exclude":[]}', ''),
(2, 'VTEntityMethodTask', 'Invoke Custom Function', 'VTEntityMethodTask', 'modules/com_vtiger_workflow/tasks/VTEntityMethodTask.inc', 'com_vtiger_workflow/taskforms/VTEntityMethodTask.tpl', '{"include":[],"exclude":[]}', ''),
(3, 'VTCreateTodoTask', 'Create Todo', 'VTCreateTodoTask', 'modules/com_vtiger_workflow/tasks/VTCreateTodoTask.inc', 'com_vtiger_workflow/taskforms/VTCreateTodoTask.tpl', '{"include":["Leads","Accounts","Potentials","Contacts","HelpDesk","Campaigns","Quotes","PurchaseOrder","SalesOrder","Invoice"],"exclude":["Calendar","FAQ","Events"]}', ''),
(4, 'VTCreateEventTask', 'Create Event', 'VTCreateEventTask', 'modules/com_vtiger_workflow/tasks/VTCreateEventTask.inc', 'com_vtiger_workflow/taskforms/VTCreateEventTask.tpl', '{"include":["Leads","Accounts","Potentials","Contacts","HelpDesk","Campaigns"],"exclude":["Calendar","FAQ","Events"]}', ''),
(5, 'VTUpdateFieldsTask', 'Update Fields', 'VTUpdateFieldsTask', 'modules/com_vtiger_workflow/tasks/VTUpdateFieldsTask.inc', 'com_vtiger_workflow/taskforms/VTUpdateFieldsTask.tpl', '{"include":[],"exclude":[]}', ''),
(6, 'VTCreateEntityTask', 'Create Entity', 'VTCreateEntityTask', 'modules/com_vtiger_workflow/tasks/VTCreateEntityTask.inc', 'com_vtiger_workflow/taskforms/VTCreateEntityTask.tpl', '{"include":[],"exclude":[]}', ''),
(7, 'VTSMSTask', 'SMS Task', 'VTSMSTask', 'modules/com_vtiger_workflow/tasks/VTSMSTask.inc', 'com_vtiger_workflow/taskforms/VTSMSTask.tpl', '{"include":[],"exclude":[]}', 'SMSNotifier'),
(8, 'VTEmailTemplateTask', 'Email Template Task', 'VTEmailTemplateTask', 'modules/com_vtiger_workflow/tasks/VTEmailTemplateTask.inc', 'com_vtiger_workflow/taskforms/VTEmailTemplateTask.tpl', '{"include":[],"exclude":[]}', NULL),
(9, 'VTSendPdf', 'Send Pdf', 'VTSendPdf', 'modules/com_vtiger_workflow/tasks/VTSendPdf.inc', 'com_vtiger_workflow/taskforms/VTSendPdf.tpl', '{"include":[],"exclude":[]}', NULL),
(10, 'VTUpdateClosedTime', 'Update Closed Time', 'VTUpdateClosedTime', 'modules/com_vtiger_workflow/tasks/VTUpdateClosedTime.inc', 'com_vtiger_workflow/taskforms/VTUpdateClosedTime.tpl', '{"include":[],"exclude":[]}', NULL),
(11, 'VTSendNotificationTask', 'Send Notification', 'VTSendNotificationTask', 'modules/com_vtiger_workflow/tasks/VTSendNotificationTask.inc', 'com_vtiger_workflow/taskforms/VTSendNotificationTask.tpl', '{"include":["Calendar","Events"],"exclude":[]}', NULL),
(12, 'VTAddressBookTask', 'Create Address Book', 'VTAddressBookTask', 'modules/com_vtiger_workflow/tasks/VTAddressBookTask.inc', 'com_vtiger_workflow/taskforms/VTAddressBookTask.tpl', '{"include":["Contacts"],"exclude":[]}', NULL);

-- --------------------------------------------------------

--
-- Table structure for table `com_vtiger_workflow_tasktypes_seq`
--

CREATE TABLE IF NOT EXISTS `com_vtiger_workflow_tasktypes_seq` (
  `id` int(11) NOT NULL
) ENGINE=InnoDB DEFAULT CHARSET=utf8;

--
-- Dumping data for table `com_vtiger_workflow_tasktypes_seq`
--

INSERT INTO `com_vtiger_workflow_tasktypes_seq` (`id`) VALUES
(12);

-- --------------------------------------------------------

--
-- Table structure for table `roundcube_cache`
--

CREATE TABLE IF NOT EXISTS `roundcube_cache` (
  `user_id` int(10) unsigned NOT NULL,
  `cache_key` varchar(128) CHARACTER SET ascii NOT NULL,
  `created` datetime NOT NULL DEFAULT '1000-01-01 00:00:00',
  `expires` datetime DEFAULT NULL,
  `data` longtext NOT NULL,
  KEY `expires_index` (`expires`),
  KEY `user_cache_index` (`user_id`,`cache_key`)
) ENGINE=InnoDB DEFAULT CHARSET=utf8;

-- --------------------------------------------------------

--
-- Table structure for table `roundcube_cache_index`
--

CREATE TABLE IF NOT EXISTS `roundcube_cache_index` (
  `user_id` int(10) unsigned NOT NULL,
  `mailbox` varchar(255) CHARACTER SET utf8 COLLATE utf8_bin NOT NULL,
  `expires` datetime DEFAULT NULL,
  `valid` tinyint(1) NOT NULL DEFAULT '0',
  `data` longtext NOT NULL,
  PRIMARY KEY (`user_id`,`mailbox`),
  KEY `expires_index` (`expires`)
) ENGINE=InnoDB DEFAULT CHARSET=utf8;

-- --------------------------------------------------------

--
-- Table structure for table `roundcube_cache_messages`
--

CREATE TABLE IF NOT EXISTS `roundcube_cache_messages` (
  `user_id` int(10) unsigned NOT NULL,
  `mailbox` varchar(255) CHARACTER SET utf8 COLLATE utf8_bin NOT NULL,
  `uid` int(11) unsigned NOT NULL DEFAULT '0',
  `expires` datetime DEFAULT NULL,
  `data` longtext NOT NULL,
  `flags` int(11) NOT NULL DEFAULT '0',
  PRIMARY KEY (`user_id`,`mailbox`,`uid`),
  KEY `expires_index` (`expires`)
) ENGINE=InnoDB DEFAULT CHARSET=utf8;

-- --------------------------------------------------------

--
-- Table structure for table `roundcube_cache_shared`
--

CREATE TABLE IF NOT EXISTS `roundcube_cache_shared` (
  `cache_key` varchar(255) CHARACTER SET ascii NOT NULL,
  `created` datetime NOT NULL DEFAULT '1000-01-01 00:00:00',
  `expires` datetime DEFAULT NULL,
  `data` longtext NOT NULL,
  KEY `expires_index` (`expires`),
  KEY `cache_key_index` (`cache_key`)
) ENGINE=InnoDB DEFAULT CHARSET=utf8;

-- --------------------------------------------------------

--
-- Table structure for table `roundcube_cache_thread`
--

CREATE TABLE IF NOT EXISTS `roundcube_cache_thread` (
  `user_id` int(10) unsigned NOT NULL,
  `mailbox` varchar(255) CHARACTER SET utf8 COLLATE utf8_bin NOT NULL,
  `expires` datetime DEFAULT NULL,
  `data` longtext NOT NULL,
  PRIMARY KEY (`user_id`,`mailbox`),
  KEY `expires_index` (`expires`)
) ENGINE=InnoDB DEFAULT CHARSET=utf8;

-- --------------------------------------------------------

--
-- Table structure for table `roundcube_contactgroupmembers`
--

CREATE TABLE IF NOT EXISTS `roundcube_contactgroupmembers` (
  `contactgroup_id` int(10) unsigned NOT NULL,
  `contact_id` int(10) unsigned NOT NULL,
  `created` datetime NOT NULL DEFAULT '1000-01-01 00:00:00',
  PRIMARY KEY (`contactgroup_id`,`contact_id`),
  KEY `roundcube_contactgroupmembers_contact_index` (`contact_id`)
) ENGINE=InnoDB DEFAULT CHARSET=utf8;

-- --------------------------------------------------------

--
-- Table structure for table `roundcube_contactgroups`
--

CREATE TABLE IF NOT EXISTS `roundcube_contactgroups` (
  `contactgroup_id` int(10) unsigned NOT NULL AUTO_INCREMENT,
  `user_id` int(10) unsigned NOT NULL,
  `changed` datetime NOT NULL DEFAULT '1000-01-01 00:00:00',
  `del` tinyint(1) NOT NULL DEFAULT '0',
  `name` varchar(128) NOT NULL DEFAULT '',
  PRIMARY KEY (`contactgroup_id`),
  KEY `roundcube_contactgroups_user_index` (`user_id`,`del`)
) ENGINE=InnoDB DEFAULT CHARSET=utf8 AUTO_INCREMENT=1 ;

-- --------------------------------------------------------

--
-- Table structure for table `roundcube_contacts`
--

CREATE TABLE IF NOT EXISTS `roundcube_contacts` (
  `contact_id` int(10) unsigned NOT NULL AUTO_INCREMENT,
  `changed` datetime NOT NULL DEFAULT '1000-01-01 00:00:00',
  `del` tinyint(1) NOT NULL DEFAULT '0',
  `name` varchar(128) NOT NULL DEFAULT '',
  `email` text NOT NULL,
  `firstname` varchar(128) NOT NULL DEFAULT '',
  `surname` varchar(128) NOT NULL DEFAULT '',
  `vcard` longtext,
  `words` text,
  `user_id` int(10) unsigned NOT NULL,
  PRIMARY KEY (`contact_id`),
  KEY `roundcube_user_contacts_index` (`user_id`,`del`)
) ENGINE=InnoDB DEFAULT CHARSET=utf8 AUTO_INCREMENT=1 ;

-- --------------------------------------------------------

--
-- Table structure for table `roundcube_dictionary`
--

CREATE TABLE IF NOT EXISTS `roundcube_dictionary` (
  `user_id` int(10) unsigned DEFAULT NULL,
  `language` varchar(5) NOT NULL,
  `data` longtext NOT NULL,
  UNIQUE KEY `uniqueness` (`user_id`,`language`)
) ENGINE=InnoDB DEFAULT CHARSET=utf8;

-- --------------------------------------------------------

--
-- Table structure for table `roundcube_identities`
--

CREATE TABLE IF NOT EXISTS `roundcube_identities` (
  `identity_id` int(10) unsigned NOT NULL AUTO_INCREMENT,
  `user_id` int(10) unsigned NOT NULL,
  `changed` datetime NOT NULL DEFAULT '1000-01-01 00:00:00',
  `del` tinyint(1) NOT NULL DEFAULT '0',
  `standard` tinyint(1) NOT NULL DEFAULT '0',
  `name` varchar(128) NOT NULL,
  `organization` varchar(128) NOT NULL DEFAULT '',
  `email` varchar(128) NOT NULL,
  `reply-to` varchar(128) NOT NULL DEFAULT '',
  `bcc` varchar(128) NOT NULL DEFAULT '',
  `signature` text,
  `html_signature` tinyint(1) NOT NULL DEFAULT '0',
  PRIMARY KEY (`identity_id`),
  KEY `user_identities_index` (`user_id`,`del`),
  KEY `email_identities_index` (`email`,`del`)
) ENGINE=InnoDB DEFAULT CHARSET=utf8 AUTO_INCREMENT=1 ;

-- --------------------------------------------------------

--
-- Table structure for table `roundcube_searches`
--

CREATE TABLE IF NOT EXISTS `roundcube_searches` (
  `search_id` int(10) unsigned NOT NULL AUTO_INCREMENT,
  `user_id` int(10) unsigned NOT NULL,
  `type` int(3) NOT NULL DEFAULT '0',
  `name` varchar(128) NOT NULL,
  `data` text,
  PRIMARY KEY (`search_id`),
  UNIQUE KEY `uniqueness` (`user_id`,`type`,`name`)
) ENGINE=InnoDB DEFAULT CHARSET=utf8 AUTO_INCREMENT=1 ;

-- --------------------------------------------------------

--
-- Table structure for table `roundcube_session`
--

CREATE TABLE IF NOT EXISTS `roundcube_session` (
  `sess_id` varchar(128) NOT NULL,
  `created` datetime NOT NULL DEFAULT '1000-01-01 00:00:00',
  `changed` datetime NOT NULL DEFAULT '1000-01-01 00:00:00',
  `ip` varchar(40) NOT NULL,
  `vars` mediumtext NOT NULL,
  PRIMARY KEY (`sess_id`),
  KEY `changed_index` (`changed`)
) ENGINE=InnoDB DEFAULT CHARSET=utf8;

-- --------------------------------------------------------

--
-- Table structure for table `roundcube_system`
--

CREATE TABLE IF NOT EXISTS `roundcube_system` (
  `name` varchar(64) NOT NULL,
  `value` mediumtext,
  PRIMARY KEY (`name`)
) ENGINE=InnoDB DEFAULT CHARSET=utf8;

-- --------------------------------------------------------

--
-- Table structure for table `roundcube_users`
--

CREATE TABLE IF NOT EXISTS `roundcube_users` (
  `user_id` int(10) unsigned NOT NULL AUTO_INCREMENT,
  `username` varchar(128) CHARACTER SET utf8 COLLATE utf8_bin NOT NULL,
  `mail_host` varchar(128) NOT NULL,
  `created` datetime NOT NULL DEFAULT '1000-01-01 00:00:00',
  `last_login` datetime DEFAULT NULL,
  `language` varchar(5) DEFAULT NULL,
  `preferences` longtext,
  `actions` text,
  `password` varchar(200) DEFAULT NULL,
  `crm_user_id` int(19) DEFAULT '0',
  PRIMARY KEY (`user_id`),
  UNIQUE KEY `username` (`username`,`mail_host`)
) ENGINE=InnoDB DEFAULT CHARSET=utf8 AUTO_INCREMENT=1 ;

-- --------------------------------------------------------

--
-- Table structure for table `vtiger_account`
--

CREATE TABLE IF NOT EXISTS `vtiger_account` (
  `accountid` int(19) NOT NULL DEFAULT '0',
  `account_no` varchar(100) NOT NULL,
  `accountname` varchar(100) NOT NULL,
  `parentid` int(19) DEFAULT '0',
  `account_type` varchar(200) DEFAULT NULL,
  `industry` varchar(200) DEFAULT NULL,
  `annualrevenue` decimal(25,8) DEFAULT NULL,
  `ownership` varchar(50) DEFAULT NULL,
  `siccode` varchar(50) DEFAULT NULL,
  `phone` varchar(30) DEFAULT NULL,
  `otherphone` varchar(30) DEFAULT NULL,
  `email1` varchar(100) DEFAULT NULL,
  `email2` varchar(100) DEFAULT NULL,
  `website` varchar(100) DEFAULT NULL,
  `fax` varchar(30) DEFAULT NULL,
  `employees` int(10) DEFAULT '0',
  `emailoptout` varchar(3) DEFAULT '0',
  `isconvertedfromlead` varchar(3) DEFAULT '0',
  `vat_id` varchar(30) DEFAULT NULL,
  `registration_number_1` varchar(30) DEFAULT NULL,
  `registration_number_2` varchar(30) DEFAULT NULL,
  `verification` text,
  `no_approval` varchar(3) DEFAULT '0',
  `sum_salesorders` decimal(25,8) DEFAULT '0.00000000',
  `sum_invoices` decimal(25,8) DEFAULT '0.00000000',
  `balance` decimal(25,8) DEFAULT NULL,
  `average_profit_so` decimal(5,2) DEFAULT NULL,
  PRIMARY KEY (`accountid`),
  KEY `account_account_type_idx` (`account_type`),
  KEY `email_idx` (`email1`,`email2`),
  KEY `sum_salesorders` (`sum_salesorders`),
  KEY `sum_invoices` (`sum_invoices`)
) ENGINE=InnoDB DEFAULT CHARSET=utf8;

-- --------------------------------------------------------

--
-- Table structure for table `vtiger_accountaddress`
--

CREATE TABLE IF NOT EXISTS `vtiger_accountaddress` (
  `accountaddressid` int(19) NOT NULL,
  `addresslevel1a` varchar(255) DEFAULT NULL,
  `addresslevel1b` varchar(255) DEFAULT NULL,
  `addresslevel1c` varchar(255) DEFAULT NULL,
  `addresslevel2a` varchar(255) DEFAULT NULL,
  `addresslevel2b` varchar(255) DEFAULT NULL,
  `addresslevel2c` varchar(255) DEFAULT NULL,
  `addresslevel3a` varchar(255) DEFAULT NULL,
  `addresslevel3b` varchar(255) DEFAULT NULL,
  `addresslevel3c` varchar(255) DEFAULT NULL,
  `addresslevel4a` varchar(255) DEFAULT NULL,
  `addresslevel4b` varchar(255) DEFAULT NULL,
  `addresslevel4c` varchar(255) DEFAULT NULL,
  `addresslevel5a` varchar(255) DEFAULT NULL,
  `addresslevel5b` varchar(255) DEFAULT NULL,
  `addresslevel5c` varchar(255) DEFAULT NULL,
  `addresslevel6a` varchar(255) DEFAULT NULL,
  `addresslevel6b` varchar(255) DEFAULT NULL,
  `addresslevel6c` varchar(255) DEFAULT NULL,
  `addresslevel7a` varchar(255) DEFAULT NULL,
  `addresslevel7b` varchar(255) DEFAULT NULL,
  `addresslevel7c` varchar(255) DEFAULT NULL,
  `addresslevel8a` varchar(255) DEFAULT NULL,
  `addresslevel8b` varchar(255) DEFAULT NULL,
  `addresslevel8c` varchar(255) DEFAULT NULL,
  `buildingnumbera` varchar(100) DEFAULT NULL,
  `localnumbera` varchar(100) DEFAULT NULL,
  `buildingnumberb` varchar(100) DEFAULT NULL,
  `localnumberb` varchar(100) DEFAULT NULL,
  `buildingnumberc` varchar(100) DEFAULT NULL,
  `localnumberc` varchar(100) DEFAULT NULL,
  `poboxa` varchar(50) DEFAULT NULL,
  `poboxb` varchar(50) DEFAULT NULL,
  `poboxc` varchar(50) DEFAULT NULL,
  PRIMARY KEY (`accountaddressid`)
) ENGINE=InnoDB DEFAULT CHARSET=utf8;

-- --------------------------------------------------------

--
-- Table structure for table `vtiger_accountscf`
--

CREATE TABLE IF NOT EXISTS `vtiger_accountscf` (
  `accountid` int(19) NOT NULL DEFAULT '0',
  PRIMARY KEY (`accountid`)
) ENGINE=InnoDB DEFAULT CHARSET=utf8;

-- --------------------------------------------------------

--
-- Table structure for table `vtiger_accounttype`
--

CREATE TABLE IF NOT EXISTS `vtiger_accounttype` (
  `accounttypeid` int(19) NOT NULL AUTO_INCREMENT,
  `accounttype` varchar(200) NOT NULL,
  `presence` int(1) NOT NULL DEFAULT '1',
  `picklist_valueid` int(19) NOT NULL DEFAULT '0',
  `sortorderid` int(11) DEFAULT NULL,
  PRIMARY KEY (`accounttypeid`),
  UNIQUE KEY `accounttype_accounttype_idx` (`accounttype`)
) ENGINE=InnoDB  DEFAULT CHARSET=utf8 AUTO_INCREMENT=12 ;

--
-- Dumping data for table `vtiger_accounttype`
--

INSERT INTO `vtiger_accounttype` (`accounttypeid`, `accounttype`, `presence`, `picklist_valueid`, `sortorderid`) VALUES
(2, 'Analyst', 1, 2, 1),
(3, 'Competitor', 1, 3, 2),
(4, 'Customer', 1, 4, 3),
(5, 'Integrator', 1, 5, 4),
(6, 'Investor', 1, 6, 5),
(7, 'Partner', 1, 7, 6),
(8, 'Press', 1, 8, 7),
(9, 'Prospect', 1, 9, 8),
(10, 'Reseller', 1, 10, 9),
(11, 'Other', 1, 11, 10);

-- --------------------------------------------------------

--
-- Table structure for table `vtiger_accounttype_seq`
--

CREATE TABLE IF NOT EXISTS `vtiger_accounttype_seq` (
  `id` int(11) NOT NULL
) ENGINE=InnoDB DEFAULT CHARSET=utf8;

--
-- Dumping data for table `vtiger_accounttype_seq`
--

INSERT INTO `vtiger_accounttype_seq` (`id`) VALUES
(11);

-- --------------------------------------------------------

--
-- Table structure for table `vtiger_actionmapping`
--

CREATE TABLE IF NOT EXISTS `vtiger_actionmapping` (
  `actionid` int(19) NOT NULL,
  `actionname` varchar(200) NOT NULL,
  `securitycheck` int(19) DEFAULT NULL,
  PRIMARY KEY (`actionid`,`actionname`)
) ENGINE=InnoDB DEFAULT CHARSET=utf8;

--
-- Dumping data for table `vtiger_actionmapping`
--

INSERT INTO `vtiger_actionmapping` (`actionid`, `actionname`, `securitycheck`) VALUES
(0, 'Save', 0),
(0, 'SavePriceBook', 1),
(0, 'SaveVendor', 1),
(1, 'DetailViewAjax', 1),
(1, 'EditView', 0),
(1, 'PriceBookEditView', 1),
(1, 'QuickCreate', 1),
(1, 'VendorEditView', 1),
(2, 'Delete', 0),
(2, 'DeletePriceBook', 1),
(2, 'DeleteVendor', 1),
(3, 'index', 0),
(3, 'Popup', 1),
(4, 'DetailView', 0),
(4, 'PriceBookDetailView', 1),
(4, 'TagCloud', 1),
(4, 'VendorDetailView', 1),
(5, 'Import', 0),
(6, 'Export', 0),
(8, 'Merge', 0),
(9, 'ConvertLead', 0),
(10, 'DuplicatesHandling', 0),
(11, 'ReceiveIncomingCalls', 0),
(12, 'MakeOutgoingCalls', 0),
(13, 'Print', 0),
(14, 'CreateCustomFilter', 0),
(15, 'DuplicateRecord', 0),
(16, 'EditableComments', 0);

-- --------------------------------------------------------

--
-- Table structure for table `vtiger_activity`
--

CREATE TABLE IF NOT EXISTS `vtiger_activity` (
  `activityid` int(19) NOT NULL DEFAULT '0',
  `subject` varchar(100) NOT NULL,
  `semodule` varchar(20) DEFAULT NULL,
  `activitytype` varchar(200) NOT NULL,
  `date_start` date NOT NULL,
  `due_date` date DEFAULT NULL,
  `time_start` varchar(50) DEFAULT NULL,
  `time_end` varchar(50) DEFAULT NULL,
  `sendnotification` varchar(3) NOT NULL DEFAULT '0',
  `duration_hours` varchar(200) DEFAULT NULL,
  `duration_minutes` varchar(200) DEFAULT NULL,
  `status` varchar(200) DEFAULT NULL,
  `eventstatus` varchar(200) DEFAULT NULL,
  `priority` varchar(200) DEFAULT NULL,
  `location` varchar(150) DEFAULT NULL,
  `notime` varchar(3) NOT NULL DEFAULT '0',
  `visibility` varchar(50) NOT NULL DEFAULT 'all',
  `recurringtype` varchar(200) DEFAULT NULL,
  `deleted` tinyint(1) DEFAULT '0',
  `smownerid` int(19) DEFAULT NULL,
  PRIMARY KEY (`activityid`),
  KEY `activity_activityid_subject_idx` (`activityid`,`subject`),
  KEY `activity_activitytype_date_start_idx` (`activitytype`,`date_start`),
  KEY `activity_date_start_due_date_idx` (`date_start`,`due_date`),
  KEY `activity_date_start_time_start_idx` (`date_start`,`time_start`),
  KEY `activity_eventstatus_idx` (`eventstatus`),
  KEY `activity_status_idx` (`status`),
  KEY `activitytype` (`activitytype`,`date_start`,`due_date`,`time_start`,`time_end`,`eventstatus`,`deleted`,`smownerid`),
  KEY `activitytype_2` (`activitytype`,`date_start`,`due_date`,`time_start`,`time_end`,`deleted`,`smownerid`)
) ENGINE=InnoDB DEFAULT CHARSET=utf8;

-- --------------------------------------------------------

--
-- Table structure for table `vtiger_activitycf`
--

CREATE TABLE IF NOT EXISTS `vtiger_activitycf` (
  `activityid` int(19) NOT NULL DEFAULT '0',
  PRIMARY KEY (`activityid`)
) ENGINE=InnoDB DEFAULT CHARSET=utf8;

-- --------------------------------------------------------

--
-- Table structure for table `vtiger_activityproductrel`
--

CREATE TABLE IF NOT EXISTS `vtiger_activityproductrel` (
  `activityid` int(19) NOT NULL DEFAULT '0',
  `productid` int(19) NOT NULL DEFAULT '0',
  PRIMARY KEY (`activityid`,`productid`),
  KEY `activityproductrel_activityid_idx` (`activityid`),
  KEY `activityproductrel_productid_idx` (`productid`)
) ENGINE=InnoDB DEFAULT CHARSET=utf8;

-- --------------------------------------------------------

--
-- Table structure for table `vtiger_activitytype`
--

CREATE TABLE IF NOT EXISTS `vtiger_activitytype` (
  `activitytypeid` int(19) NOT NULL AUTO_INCREMENT,
  `activitytype` varchar(200) NOT NULL,
  `presence` int(1) NOT NULL DEFAULT '1',
  `picklist_valueid` int(19) NOT NULL DEFAULT '0',
  `sortorderid` int(11) DEFAULT NULL,
  PRIMARY KEY (`activitytypeid`),
  UNIQUE KEY `activitytype_activitytype_idx` (`activitytype`)
) ENGINE=InnoDB  DEFAULT CHARSET=utf8 AUTO_INCREMENT=4 ;

--
-- Dumping data for table `vtiger_activitytype`
--

INSERT INTO `vtiger_activitytype` (`activitytypeid`, `activitytype`, `presence`, `picklist_valueid`, `sortorderid`) VALUES
(1, 'Call', 0, 12, 0),
(2, 'Meeting', 0, 13, 1),
(3, 'Mobile Call', 0, 321, 1);

-- --------------------------------------------------------

--
-- Table structure for table `vtiger_activitytype_seq`
--

CREATE TABLE IF NOT EXISTS `vtiger_activitytype_seq` (
  `id` int(11) NOT NULL
) ENGINE=InnoDB DEFAULT CHARSET=utf8;

--
-- Dumping data for table `vtiger_activitytype_seq`
--

INSERT INTO `vtiger_activitytype_seq` (`id`) VALUES
(3);

-- --------------------------------------------------------

--
-- Table structure for table `vtiger_activity_reminder`
--

CREATE TABLE IF NOT EXISTS `vtiger_activity_reminder` (
  `activity_id` int(11) NOT NULL,
  `reminder_time` int(11) NOT NULL,
  `reminder_sent` int(2) NOT NULL,
  `recurringid` int(19) NOT NULL,
  PRIMARY KEY (`activity_id`,`recurringid`)
) ENGINE=InnoDB DEFAULT CHARSET=utf8;

-- --------------------------------------------------------

--
-- Table structure for table `vtiger_activity_reminder_popup`
--

CREATE TABLE IF NOT EXISTS `vtiger_activity_reminder_popup` (
  `reminderid` int(19) NOT NULL AUTO_INCREMENT,
  `semodule` varchar(100) NOT NULL,
  `recordid` int(19) NOT NULL,
  `date_start` date NOT NULL,
  `time_start` varchar(100) NOT NULL,
  `status` int(2) NOT NULL,
  PRIMARY KEY (`reminderid`),
  KEY `recordid` (`recordid`)
) ENGINE=InnoDB DEFAULT CHARSET=utf8 AUTO_INCREMENT=1 ;

-- --------------------------------------------------------

--
-- Table structure for table `vtiger_activity_view`
--

CREATE TABLE IF NOT EXISTS `vtiger_activity_view` (
  `activity_viewid` int(19) NOT NULL AUTO_INCREMENT,
  `activity_view` varchar(200) NOT NULL,
  `sortorderid` int(19) NOT NULL DEFAULT '0',
  `presence` int(1) NOT NULL DEFAULT '1',
  PRIMARY KEY (`activity_viewid`)
) ENGINE=InnoDB  DEFAULT CHARSET=utf8 AUTO_INCREMENT=5 ;

--
-- Dumping data for table `vtiger_activity_view`
--

INSERT INTO `vtiger_activity_view` (`activity_viewid`, `activity_view`, `sortorderid`, `presence`) VALUES
(1, 'Today', 0, 1),
(2, 'This Week', 1, 1),
(3, 'This Month', 2, 1),
(4, 'This Year', 3, 1);

-- --------------------------------------------------------

--
-- Table structure for table `vtiger_activity_view_seq`
--

CREATE TABLE IF NOT EXISTS `vtiger_activity_view_seq` (
  `id` int(11) NOT NULL
) ENGINE=InnoDB DEFAULT CHARSET=utf8;

--
-- Dumping data for table `vtiger_activity_view_seq`
--

INSERT INTO `vtiger_activity_view_seq` (`id`) VALUES
(4);

-- --------------------------------------------------------

--
-- Table structure for table `vtiger_announcement`
--

CREATE TABLE IF NOT EXISTS `vtiger_announcement` (
  `creatorid` int(19) NOT NULL,
  `announcement` text,
  `title` varchar(255) DEFAULT NULL,
  `time` timestamp NOT NULL DEFAULT CURRENT_TIMESTAMP ON UPDATE CURRENT_TIMESTAMP,
  PRIMARY KEY (`creatorid`),
  KEY `announcement_creatorid_idx` (`creatorid`)
) ENGINE=InnoDB DEFAULT CHARSET=utf8;

-- --------------------------------------------------------

--
-- Table structure for table `vtiger_apiaddress`
--

CREATE TABLE IF NOT EXISTS `vtiger_apiaddress` (
  `nominatim` int(1) DEFAULT '1',
  `key` varchar(255) DEFAULT NULL,
  `source` varchar(128) DEFAULT NULL,
  `min_lenght` int(2) DEFAULT '3'
) ENGINE=InnoDB DEFAULT CHARSET=utf8;

--
-- Dumping data for table `vtiger_apiaddress`
--

INSERT INTO `vtiger_apiaddress` (`nominatim`, `key`, `source`, `min_lenght`) VALUES
(0, '0', 'https://api.opencagedata.com/geocode/v1/', 3);

-- --------------------------------------------------------

--
-- Table structure for table `vtiger_assets`
--

CREATE TABLE IF NOT EXISTS `vtiger_assets` (
  `assetsid` int(11) NOT NULL,
  `asset_no` varchar(30) NOT NULL,
  `product` int(19) NOT NULL,
  `serialnumber` varchar(200) DEFAULT NULL,
  `datesold` date DEFAULT NULL,
  `dateinservice` date DEFAULT NULL,
  `assetstatus` varchar(200) DEFAULT 'In Service',
  `tagnumber` varchar(300) DEFAULT NULL,
  `invoiceid` int(19) DEFAULT NULL,
  `shippingmethod` varchar(200) DEFAULT NULL,
  `assetname` varchar(100) DEFAULT NULL,
  `contact` int(19) DEFAULT NULL,
  `sum_time` decimal(10,2) DEFAULT '0.00',
  `potential` int(19) DEFAULT NULL,
  `parent_id` int(19) DEFAULT NULL,
  `pot_renewal` int(19) DEFAULT NULL,
  `ordertime` decimal(10,2) DEFAULT NULL,
  PRIMARY KEY (`assetsid`),
  KEY `parent_id` (`parent_id`),
  KEY `pot_renewal` (`pot_renewal`),
  KEY `product` (`product`),
  KEY `invoiceid` (`invoiceid`),
  KEY `potential` (`potential`),
  KEY `contact` (`contact`)
) ENGINE=InnoDB DEFAULT CHARSET=utf8;

-- --------------------------------------------------------

--
-- Table structure for table `vtiger_assetscf`
--

CREATE TABLE IF NOT EXISTS `vtiger_assetscf` (
  `assetsid` int(19) NOT NULL,
  PRIMARY KEY (`assetsid`)
) ENGINE=InnoDB DEFAULT CHARSET=utf8;

-- --------------------------------------------------------

--
-- Table structure for table `vtiger_assetstatus`
--

CREATE TABLE IF NOT EXISTS `vtiger_assetstatus` (
  `assetstatusid` int(11) NOT NULL AUTO_INCREMENT,
  `assetstatus` varchar(200) NOT NULL,
  `presence` int(1) NOT NULL DEFAULT '1',
  `picklist_valueid` int(11) NOT NULL DEFAULT '0',
  `sortorderid` int(11) DEFAULT '0',
  PRIMARY KEY (`assetstatusid`)
) ENGINE=InnoDB  DEFAULT CHARSET=utf8 AUTO_INCREMENT=7 ;

--
-- Dumping data for table `vtiger_assetstatus`
--

INSERT INTO `vtiger_assetstatus` (`assetstatusid`, `assetstatus`, `presence`, `picklist_valueid`, `sortorderid`) VALUES
(3, 'Draft', 1, 508, 3),
(4, 'Realization proceeding', 1, 509, 4),
(5, 'Warranty proceeding', 1, 510, 5),
(6, 'Delivered to Organization', 1, 511, 6);

-- --------------------------------------------------------

--
-- Table structure for table `vtiger_assetstatus_seq`
--

CREATE TABLE IF NOT EXISTS `vtiger_assetstatus_seq` (
  `id` int(11) NOT NULL
) ENGINE=InnoDB DEFAULT CHARSET=utf8;

--
-- Dumping data for table `vtiger_assetstatus_seq`
--

INSERT INTO `vtiger_assetstatus_seq` (`id`) VALUES
(6);

-- --------------------------------------------------------

--
-- Table structure for table `vtiger_asterisk`
--

CREATE TABLE IF NOT EXISTS `vtiger_asterisk` (
  `server` varchar(30) DEFAULT NULL,
  `port` varchar(30) DEFAULT NULL,
  `username` varchar(50) DEFAULT NULL,
  `password` varchar(50) DEFAULT NULL,
  `version` varchar(50) DEFAULT NULL
) ENGINE=InnoDB DEFAULT CHARSET=utf8;

-- --------------------------------------------------------

--
-- Table structure for table `vtiger_asteriskextensions`
--

CREATE TABLE IF NOT EXISTS `vtiger_asteriskextensions` (
  `userid` int(11) DEFAULT NULL,
  `asterisk_extension` varchar(50) DEFAULT NULL,
  `use_asterisk` varchar(3) DEFAULT NULL
) ENGINE=InnoDB DEFAULT CHARSET=utf8;

--
-- Dumping data for table `vtiger_asteriskextensions`
--

INSERT INTO `vtiger_asteriskextensions` (`userid`, `asterisk_extension`, `use_asterisk`) VALUES
(1, NULL, NULL);

-- --------------------------------------------------------

--
-- Table structure for table `vtiger_asteriskincomingcalls`
--

CREATE TABLE IF NOT EXISTS `vtiger_asteriskincomingcalls` (
  `from_number` varchar(50) DEFAULT NULL,
  `from_name` varchar(50) DEFAULT NULL,
  `to_number` varchar(50) DEFAULT NULL,
  `callertype` varchar(30) DEFAULT NULL,
  `flag` int(19) DEFAULT NULL,
  `timer` int(19) DEFAULT NULL,
  `refuid` varchar(255) DEFAULT NULL
) ENGINE=InnoDB DEFAULT CHARSET=utf8;

-- --------------------------------------------------------

--
-- Table structure for table `vtiger_asteriskincomingevents`
--

CREATE TABLE IF NOT EXISTS `vtiger_asteriskincomingevents` (
  `uid` varchar(255) NOT NULL,
  `channel` varchar(100) DEFAULT NULL,
  `from_number` bigint(20) DEFAULT NULL,
  `from_name` varchar(100) DEFAULT NULL,
  `to_number` bigint(20) DEFAULT NULL,
  `callertype` varchar(100) DEFAULT NULL,
  `timer` int(20) DEFAULT NULL,
  `flag` varchar(3) DEFAULT NULL,
  `pbxrecordid` int(19) DEFAULT NULL,
  `relcrmid` int(19) DEFAULT NULL,
  PRIMARY KEY (`uid`)
) ENGINE=InnoDB DEFAULT CHARSET=utf8;

-- --------------------------------------------------------

--
-- Table structure for table `vtiger_attachments`
--

CREATE TABLE IF NOT EXISTS `vtiger_attachments` (
  `attachmentsid` int(19) NOT NULL,
  `name` varchar(255) NOT NULL,
  `description` text,
  `type` varchar(100) DEFAULT NULL,
  `path` text,
  `subject` varchar(255) DEFAULT NULL,
  PRIMARY KEY (`attachmentsid`),
  KEY `attachments_attachmentsid_idx` (`attachmentsid`)
) ENGINE=InnoDB DEFAULT CHARSET=utf8;

-- --------------------------------------------------------

--
-- Table structure for table `vtiger_attachmentsfolder`
--

CREATE TABLE IF NOT EXISTS `vtiger_attachmentsfolder` (
  `folderid` int(19) NOT NULL AUTO_INCREMENT,
  `foldername` varchar(200) NOT NULL,
  `description` varchar(250) DEFAULT NULL,
  `createdby` int(19) NOT NULL,
  `sequence` int(19) DEFAULT NULL,
  PRIMARY KEY (`folderid`)
) ENGINE=InnoDB  DEFAULT CHARSET=utf8 AUTO_INCREMENT=2 ;

--
-- Dumping data for table `vtiger_attachmentsfolder`
--

INSERT INTO `vtiger_attachmentsfolder` (`folderid`, `foldername`, `description`, `createdby`, `sequence`) VALUES
(1, 'Default', 'This is a Default Folder', 1, 1);

-- --------------------------------------------------------

--
-- Table structure for table `vtiger_attachmentsfolder_seq`
--

CREATE TABLE IF NOT EXISTS `vtiger_attachmentsfolder_seq` (
  `id` int(11) NOT NULL
) ENGINE=InnoDB DEFAULT CHARSET=utf8;

--
-- Dumping data for table `vtiger_attachmentsfolder_seq`
--

INSERT INTO `vtiger_attachmentsfolder_seq` (`id`) VALUES
(1);

-- --------------------------------------------------------

--
-- Table structure for table `vtiger_audit_trial`
--

CREATE TABLE IF NOT EXISTS `vtiger_audit_trial` (
  `auditid` int(19) NOT NULL,
  `userid` int(19) DEFAULT NULL,
  `module` varchar(255) DEFAULT NULL,
  `action` varchar(255) DEFAULT NULL,
  `recordid` varchar(20) DEFAULT NULL,
  `actiondate` datetime DEFAULT NULL,
  PRIMARY KEY (`auditid`)
) ENGINE=InnoDB DEFAULT CHARSET=utf8;

-- --------------------------------------------------------

--
-- Table structure for table `vtiger_backup`
--

CREATE TABLE IF NOT EXISTS `vtiger_backup` (
  `backupid` int(11) NOT NULL AUTO_INCREMENT,
  `file_name` varchar(50) NOT NULL,
  `created_at` datetime NOT NULL,
  `create_time` varchar(40) NOT NULL,
  `how_many` int(11) NOT NULL,
  PRIMARY KEY (`backupid`)
) ENGINE=InnoDB DEFAULT CHARSET=utf8 AUTO_INCREMENT=1 ;

-- --------------------------------------------------------

--
-- Table structure for table `vtiger_backup_db_tmp`
--

CREATE TABLE IF NOT EXISTS `vtiger_backup_db_tmp` (
  `tmpbackupid` int(11) NOT NULL AUTO_INCREMENT,
  `table_name` varchar(100) NOT NULL,
  `status` tinyint(1) NOT NULL,
  PRIMARY KEY (`tmpbackupid`)
) ENGINE=InnoDB DEFAULT CHARSET=utf8 AUTO_INCREMENT=1 ;

-- --------------------------------------------------------

--
-- Table structure for table `vtiger_backup_db_tmp_info`
--

CREATE TABLE IF NOT EXISTS `vtiger_backup_db_tmp_info` (
  `id` int(11) NOT NULL AUTO_INCREMENT,
  `file_name` varchar(50) NOT NULL,
  `status` varchar(20) NOT NULL,
  `time` varchar(40) DEFAULT '0',
  `howmany` int(11) NOT NULL DEFAULT '0',
  `tables_prepare` tinyint(1) NOT NULL,
  `backup_db` tinyint(1) NOT NULL,
  PRIMARY KEY (`id`)
) ENGINE=InnoDB DEFAULT CHARSET=utf8 AUTO_INCREMENT=1 ;

-- --------------------------------------------------------

--
-- Table structure for table `vtiger_backup_dir`
--

CREATE TABLE IF NOT EXISTS `vtiger_backup_dir` (
  `name` varchar(200) NOT NULL,
  `backup` int(11) NOT NULL
) ENGINE=InnoDB DEFAULT CHARSET=utf8;

-- --------------------------------------------------------

--
-- Table structure for table `vtiger_backup_ftp`
--

CREATE TABLE IF NOT EXISTS `vtiger_backup_ftp` (
  `id` int(11) NOT NULL AUTO_INCREMENT,
  `host` varchar(50) NOT NULL,
  `login` varchar(50) NOT NULL,
  `password` varchar(100) NOT NULL,
  `status` tinyint(1) NOT NULL,
  PRIMARY KEY (`id`)
) ENGINE=InnoDB DEFAULT CHARSET=utf8 AUTO_INCREMENT=1 ;

-- --------------------------------------------------------

--
-- Table structure for table `vtiger_blocks`
--

CREATE TABLE IF NOT EXISTS `vtiger_blocks` (
  `blockid` int(19) NOT NULL,
  `tabid` int(19) NOT NULL,
  `blocklabel` varchar(100) NOT NULL,
  `sequence` int(10) DEFAULT NULL,
  `show_title` int(2) DEFAULT NULL,
  `visible` int(2) NOT NULL DEFAULT '0',
  `create_view` int(2) NOT NULL DEFAULT '0',
  `edit_view` int(2) NOT NULL DEFAULT '0',
  `detail_view` int(2) NOT NULL DEFAULT '0',
  `display_status` int(1) NOT NULL DEFAULT '1',
  `iscustom` int(1) NOT NULL DEFAULT '0',
  PRIMARY KEY (`blockid`),
  KEY `block_tabid_idx` (`tabid`)
) ENGINE=InnoDB DEFAULT CHARSET=utf8;

--
-- Dumping data for table `vtiger_blocks`
--

INSERT INTO `vtiger_blocks` (`blockid`, `tabid`, `blocklabel`, `sequence`, `show_title`, `visible`, `create_view`, `edit_view`, `detail_view`, `display_status`, `iscustom`) VALUES
(1, 2, 'LBL_OPPORTUNITY_INFORMATION', 1, 0, 0, 0, 0, 0, 1, 0),
(2, 2, 'LBL_CUSTOM_INFORMATION', 3, 0, 0, 0, 0, 0, 1, 0),
(3, 2, 'LBL_DESCRIPTION_INFORMATION', 5, 0, 0, 0, 0, 0, 1, 0),
(4, 4, 'LBL_CONTACT_INFORMATION', 1, 0, 0, 0, 0, 0, 1, 0),
(5, 4, 'LBL_CUSTOM_INFORMATION', 3, 0, 0, 0, 0, 0, 0, 0),
(6, 4, 'LBL_CUSTOMER_PORTAL_INFORMATION', 4, 0, 0, 0, 0, 0, 0, 0),
(7, 4, 'LBL_ADDRESS_INFORMATION', 6, 0, 0, 0, 0, 0, 0, 0),
(8, 4, 'LBL_DESCRIPTION_INFORMATION', 8, 0, 0, 0, 0, 0, 0, 0),
(9, 6, 'LBL_ACCOUNT_INFORMATION', 1, 0, 0, 0, 0, 0, 1, 0),
(10, 6, 'LBL_ADDRESS_MAILING_INFORMATION', 8, 0, 0, 0, 0, 0, 0, 0),
(11, 6, 'LBL_ADDRESS_INFORMATION', 7, 0, 0, 0, 0, 0, 0, 0),
(12, 6, 'LBL_DESCRIPTION_INFORMATION', 10, 0, 0, 0, 0, 0, 1, 0),
(13, 7, 'LBL_LEAD_INFORMATION', 1, 0, 0, 0, 0, 0, 1, 0),
(14, 7, 'LBL_CUSTOM_INFORMATION', 4, 0, 0, 0, 0, 0, 0, 0),
(15, 7, 'LBL_ADDRESS_INFORMATION', 5, 0, 0, 0, 0, 0, 0, 0),
(16, 7, 'LBL_DESCRIPTION_INFORMATION', 6, 0, 0, 0, 0, 0, 0, 0),
(17, 8, 'LBL_NOTE_INFORMATION', 1, 0, 0, 0, 0, 0, 1, 0),
(18, 8, 'LBL_FILE_INFORMATION', 3, 1, 0, 0, 0, 0, 1, 0),
(19, 9, 'LBL_TASK_INFORMATION', 1, 0, 0, 0, 0, 0, 1, 0),
(20, 9, 'LBL_DESCRIPTION_INFORMATION', 2, 1, 0, 0, 0, 0, 1, 0),
(21, 10, 'LBL_EMAIL_INFORMATION', 1, 0, 0, 0, 0, 0, 1, 0),
(22, 10, 'Emails_Block1', 2, 1, 0, 0, 0, 0, 1, 0),
(23, 10, 'Emails_Block2', 3, 1, 0, 0, 0, 0, 1, 0),
(24, 10, 'Emails_Block3', 4, 1, 0, 0, 0, 0, 1, 0),
(25, 13, 'LBL_TICKET_INFORMATION', 1, 0, 0, 0, 0, 0, 1, 0),
(26, 13, '', 3, 1, 0, 0, 0, 0, 1, 0),
(27, 13, 'LBL_CUSTOM_INFORMATION', 2, 0, 0, 0, 0, 0, 1, 0),
(28, 13, 'LBL_DESCRIPTION_INFORMATION', 4, 0, 0, 0, 0, 0, 1, 0),
(29, 13, 'LBL_TICKET_RESOLUTION', 5, 0, 0, 1, 0, 0, 1, 0),
(30, 13, 'LBL_COMMENTS', 7, 0, 0, 1, 0, 0, 1, 0),
(31, 14, 'LBL_PRODUCT_INFORMATION', 1, 0, 0, 0, 0, 0, 1, 0),
(32, 14, 'LBL_PRICING_INFORMATION', 2, 0, 0, 0, 0, 0, 1, 0),
(33, 14, 'LBL_STOCK_INFORMATION', 3, 0, 0, 0, 0, 0, 1, 0),
(34, 14, 'LBL_CUSTOM_INFORMATION', 4, 0, 0, 0, 0, 0, 1, 0),
(35, 14, 'LBL_IMAGE_INFORMATION', 5, 0, 0, 0, 0, 0, 1, 0),
(36, 14, 'LBL_DESCRIPTION_INFORMATION', 6, 0, 0, 0, 0, 0, 1, 0),
(37, 15, 'LBL_FAQ_INFORMATION', 1, 0, 0, 0, 0, 0, 1, 0),
(38, 15, 'LBL_COMMENT_INFORMATION', 4, 0, 0, 1, 0, 0, 1, 0),
(39, 16, 'LBL_EVENT_INFORMATION', 1, 0, 0, 0, 0, 0, 1, 0),
(40, 16, 'LBL_REMINDER_INFORMATION', 2, 0, 0, 0, 0, 0, 1, 0),
(41, 16, 'LBL_DESCRIPTION_INFORMATION', 5, 0, 0, 0, 0, 0, 1, 0),
(42, 18, 'LBL_VENDOR_INFORMATION', 1, 0, 0, 0, 0, 0, 1, 0),
(43, 18, 'LBL_ADDRESS_MAILING_INFORMATION', 3, 0, 0, 0, 0, 0, 1, 0),
(44, 18, 'LBL_ADDRESS_INFORMATION', 2, 0, 0, 0, 0, 0, 1, 0),
(45, 18, 'LBL_DESCRIPTION_INFORMATION', 5, 0, 0, 0, 0, 0, 1, 0),
(46, 19, 'LBL_PRICEBOOK_INFORMATION', 1, 0, 0, 0, 0, 0, 1, 0),
(47, 19, 'LBL_CUSTOM_INFORMATION', 2, 0, 0, 0, 0, 0, 1, 0),
(48, 19, 'LBL_DESCRIPTION_INFORMATION', 3, 0, 0, 0, 0, 0, 1, 0),
(49, 20, 'LBL_QUOTE_INFORMATION', 1, 0, 0, 0, 0, 0, 1, 0),
(50, 20, 'LBL_ADDRESS_DELIVERY_INFORMATION', 3, 0, 0, 0, 0, 0, 1, 0),
(51, 20, 'LBL_ADDRESS_INFORMATION', 2, 0, 0, 0, 0, 0, 1, 0),
(52, 20, 'LBL_RELATED_PRODUCTS', 4, 0, 0, 0, 0, 0, 1, 0),
(53, 20, 'LBL_TERMS_INFORMATION', 5, 0, 0, 0, 0, 0, 1, 0),
(54, 20, 'LBL_DESCRIPTION_INFORMATION', 6, 0, 0, 0, 0, 0, 1, 0),
(55, 21, 'LBL_PO_INFORMATION', 1, 0, 0, 0, 0, 0, 1, 0),
(56, 21, 'LBL_ADDRESS_DELIVERY_INFORMATION', 3, 0, 0, 0, 0, 0, 1, 0),
(57, 21, 'LBL_ADDRESS_INFORMATION', 2, 0, 0, 0, 0, 0, 1, 0),
(58, 21, 'LBL_RELATED_PRODUCTS', 4, 0, 0, 0, 0, 0, 1, 0),
(59, 21, 'LBL_TERMS_INFORMATION', 5, 0, 0, 0, 0, 0, 1, 0),
(60, 21, 'LBL_DESCRIPTION_INFORMATION', 6, 0, 0, 0, 0, 0, 1, 0),
(61, 22, 'LBL_SO_INFORMATION', 1, 0, 0, 0, 0, 0, 1, 0),
(62, 22, 'LBL_ADDRESS_DELIVERY_INFORMATION', 4, 0, 0, 0, 0, 0, 1, 0),
(63, 22, 'LBL_ADDRESS_INFORMATION', 3, 0, 0, 0, 0, 0, 1, 0),
(64, 22, 'LBL_RELATED_PRODUCTS', 5, 0, 0, 0, 0, 0, 1, 0),
(65, 22, 'LBL_TERMS_INFORMATION', 6, 0, 0, 0, 0, 0, 1, 0),
(66, 22, 'LBL_DESCRIPTION_INFORMATION', 7, 0, 0, 0, 0, 0, 1, 0),
(67, 23, 'LBL_INVOICE_INFORMATION', 1, 0, 0, 0, 0, 0, 1, 0),
(68, 23, 'LBL_ADDRESS_DELIVERY_INFORMATION', 3, 0, 0, 0, 0, 0, 1, 0),
(69, 23, 'LBL_ADDRESS_INFORMATION', 2, 0, 0, 0, 0, 0, 1, 0),
(70, 23, 'LBL_RELATED_PRODUCTS', 4, 0, 0, 0, 0, 0, 1, 0),
(71, 23, 'LBL_TERMS_INFORMATION', 5, 0, 0, 0, 0, 0, 1, 0),
(72, 23, 'LBL_DESCRIPTION_INFORMATION', 6, 0, 0, 0, 0, 0, 1, 0),
(73, 4, 'LBL_IMAGE_INFORMATION', 9, 0, 0, 0, 0, 0, 0, 0),
(74, 26, 'LBL_CAMPAIGN_INFORMATION', 1, 0, 0, 0, 0, 0, 1, 0),
(75, 26, 'LBL_CUSTOM_INFORMATION', 2, 0, 0, 0, 0, 0, 1, 0),
(76, 26, 'LBL_EXPECTATIONS_AND_ACTUALS', 3, 0, 0, 0, 0, 0, 1, 0),
(77, 29, 'LBL_USERLOGIN_ROLE', 1, 0, 0, 0, 0, 0, 1, 0),
(78, 29, 'LBL_CURRENCY_CONFIGURATION', 3, 0, 0, 0, 0, 0, 1, 0),
(79, 29, 'LBL_MORE_INFORMATION', 4, 0, 0, 0, 0, 0, 1, 0),
(81, 26, 'LBL_DESCRIPTION_INFORMATION', 5, 0, 0, 0, 0, 0, 1, 0),
(82, 29, 'LBL_USER_IMAGE_INFORMATION', 5, 0, 0, 0, 0, 0, 1, 0),
(83, 29, 'LBL_USER_ADV_OPTIONS', 6, 0, 0, 0, 0, 0, 1, 0),
(84, 8, 'LBL_DESCRIPTION', 2, 0, 0, 0, 0, 0, 1, 0),
(85, 22, 'Recurring Invoice Information', 2, 0, 0, 0, 0, 0, 1, 0),
(86, 9, 'LBL_CUSTOM_INFORMATION', 3, 0, 0, 0, 0, 0, 1, 0),
(87, 16, 'LBL_CUSTOM_INFORMATION', 6, 0, 0, 0, 0, 0, 1, 0),
(88, 33, 'LBL_PBXMANAGER_INFORMATION', 1, 0, 0, 0, 0, 0, 1, 0),
(89, 34, 'LBL_SERVICE_CONTRACT_INFORMATION', 1, 0, 0, 0, 0, 0, 1, 0),
(90, 34, 'LBL_CUSTOM_INFORMATION', 3, 0, 0, 0, 0, 0, 1, 0),
(91, 35, 'LBL_SERVICE_INFORMATION', 1, 0, 0, 0, 0, 0, 1, 0),
(92, 35, 'LBL_PRICING_INFORMATION', 2, 0, 0, 0, 0, 0, 1, 0),
(93, 35, 'LBL_CUSTOM_INFORMATION', 3, 0, 0, 0, 0, 0, 1, 0),
(94, 35, 'LBL_DESCRIPTION_INFORMATION', 4, 0, 0, 0, 0, 0, 1, 0),
(95, 37, 'LBL_ASSET_INFORMATION', 1, 0, 0, 0, 0, 0, 1, 0),
(96, 37, 'LBL_CUSTOM_INFORMATION', 2, 0, 0, 0, 0, 0, 1, 0),
(97, 37, 'LBL_DESCRIPTION_INFORMATION', 4, 0, 0, 0, 0, 0, 1, 0),
(98, 40, 'LBL_MODCOMMENTS_INFORMATION', 1, 0, 0, 0, 0, 0, 1, 0),
(99, 40, 'LBL_OTHER_INFORMATION', 2, 0, 0, 0, 0, 0, 1, 0),
(100, 40, 'LBL_CUSTOM_INFORMATION', 3, 0, 0, 0, 0, 0, 1, 0),
(101, 41, 'LBL_PROJECT_MILESTONE_INFORMATION', 1, 0, 0, 0, 0, 0, 1, 0),
(102, 41, 'LBL_CUSTOM_INFORMATION', 2, 0, 0, 0, 0, 0, 1, 0),
(103, 41, 'LBL_DESCRIPTION_INFORMATION', 3, 0, 0, 0, 0, 0, 1, 0),
(104, 42, 'LBL_PROJECT_TASK_INFORMATION', 1, 0, 0, 0, 0, 0, 1, 0),
(105, 42, 'LBL_CUSTOM_INFORMATION', 2, 0, 0, 0, 0, 0, 1, 0),
(106, 42, 'LBL_DESCRIPTION_INFORMATION', 3, 0, 0, 0, 0, 0, 1, 0),
(107, 43, 'LBL_PROJECT_INFORMATION', 1, 0, 0, 0, 0, 0, 1, 0),
(108, 43, 'LBL_CUSTOM_INFORMATION', 2, 0, 0, 0, 0, 0, 1, 0),
(109, 43, 'LBL_DESCRIPTION_INFORMATION', 4, 0, 0, 0, 0, 0, 1, 0),
(110, 45, 'LBL_SMSNOTIFIER_INFORMATION', 1, 0, 0, 0, 0, 0, 1, 0),
(111, 45, 'LBL_CUSTOM_INFORMATION', 2, 0, 0, 0, 0, 0, 1, 0),
(112, 45, 'StatusInformation', 3, 0, 0, 0, 0, 0, 1, 0),
(113, 23, 'LBL_ITEM_DETAILS', 5, 0, 0, 0, 0, 0, 1, 0),
(114, 22, 'LBL_ITEM_DETAILS', 5, 0, 0, 0, 0, 0, 1, 0),
(115, 21, 'LBL_ITEM_DETAILS', 5, 0, 0, 0, 0, 0, 1, 0),
(116, 20, 'LBL_ITEM_DETAILS', 5, 0, 0, 0, 0, 0, 1, 0),
(117, 16, 'LBL_RECURRENCE_INFORMATION', 3, 0, 0, 0, 0, 0, 1, 0),
(118, 29, 'LBL_CALENDAR_SETTINGS', 2, 0, 0, 0, 0, 0, 1, 0),
(119, 16, 'LBL_RELATED_TO', 4, 0, 0, 0, 0, 0, 1, 0),
(120, 47, 'LBL_MAIN_INFORMATION', 1, 0, 0, 0, 0, 0, 1, 0),
(121, 47, 'LBL_FOOTER_HEADER', 2, 0, 0, 0, 0, 0, 1, 0),
(122, 47, 'HEADER', 3, 0, 0, 0, 0, 0, 1, 0),
(123, 47, 'CONTENT', 4, 0, 0, 0, 0, 0, 1, 0),
(124, 47, 'FOOTER', 5, 0, 0, 0, 0, 0, 1, 0),
(125, 47, 'LBL_CUSTOM_INFORMATION', 6, 0, 0, 0, 0, 0, 1, 0),
(126, 49, 'LBL_OSSMAILTEMPLATES_INFORMATION', 1, 0, 0, 0, 0, 0, 1, 0),
(127, 49, 'LBL_CONTENT_INFORMATION', 2, 0, 0, 0, 0, 0, 1, 0),
(128, 51, 'LBL_MAIN_INFORMATION', 1, 0, 0, 0, 0, 0, 1, 0),
(129, 51, 'LBL_BLOCK', 2, 0, 0, 0, 0, 0, 1, 0),
(130, 51, 'LBL_DESCRIPTION_INFORMATION', 3, 0, 0, 0, 0, 0, 1, 0),
(132, 43, 'LBL_SUMMARY', 5, 0, 0, 0, 0, 0, 1, 0),
(133, 2, 'LBL_SUMMARY', 6, 0, 0, 0, 0, 0, 1, 0),
(134, 54, 'LBL_INFORMATION', 1, 0, 0, 0, 0, 0, 1, 0),
(135, 54, 'LBL_CUSTOM_INFORMATION', 2, 0, 0, 0, 0, 0, 1, 0),
(136, 54, 'LBL_DESCRIPTION_INFORMATION', 3, 0, 0, 0, 0, 0, 0, 0),
(137, 54, 'Oryginalna wiadomość', 4, 0, 0, 0, 0, 0, 0, 0),
(138, 57, 'LBL_INFORMATION', 1, 0, 0, 0, 0, 0, 1, 0),
(139, 57, 'LBL_CUSTOM_INFORMATION', 2, 0, 0, 0, 0, 0, 1, 0),
(140, 57, 'LBL_DESCRIPTION_INFORMATION', 3, 0, 0, 0, 0, 0, 1, 0),
(141, 58, 'LBL_INFORMATION', 1, 0, 0, 0, 0, 0, 1, 0),
(142, 58, 'LBL_CUSTOM_INFORMATION', 2, 0, 0, 0, 0, 0, 1, 0),
(143, 58, 'LBL_DESCRIPTION_INFORMATION', 3, 0, 0, 0, 0, 0, 1, 0),
(144, 59, 'LBL_INFORMATION', 1, 0, 0, 0, 0, 0, 1, 0),
(145, 59, 'LBL_CUSTOM_INFORMATION', 2, 0, 0, 0, 0, 0, 1, 0),
(146, 59, 'LBL_DESCRIPTION_INFORMATION', 3, 0, 0, 0, 0, 0, 1, 0),
(147, 60, 'LBL_OSSPASSWORD_INFORMATION', 1, 0, 0, 0, 0, 0, 1, 0),
(148, 60, 'LBL_CUSTOM_INFORMATION', 2, 0, 0, 0, 0, 0, 1, 0),
(149, 60, 'LBL_DESCRIPTION_INFORMATION', 3, 0, 0, 0, 0, 0, 1, 0),
(150, 7, 'Contact Information', 2, 0, 0, 0, 0, 0, 1, 1),
(151, 61, 'LBL_INFORMATION', 1, 0, 0, 0, 0, 0, 1, 0),
(152, 61, 'LBL_CONTACTS', 2, 0, 0, 0, 0, 0, 1, 0),
(153, 61, 'LBL_PERMANENT_ADDRESS', 3, 0, 0, 0, 0, 0, 1, 0),
(154, 61, 'LBL_CORRESPONDANCE_ADDRESS', 4, 0, 0, 0, 0, 0, 1, 0),
(178, 4, 'LBL_ADDRESS_MAILING_INFORMATION', 7, 0, 0, 0, 0, 0, 0, 1),
(179, 18, 'LBL_ADDRESS_DELIVERY_INFORMATION', 4, 0, 0, 0, 0, 0, 1, 1),
(180, 34, 'LBL_SUMMARY', 2, 0, 0, 0, 0, 0, 1, 1),
(181, 6, 'LBL_ADDRESS_DELIVERY_INFORMATION', 9, 0, 0, 0, 0, 0, 0, 1),
(182, 70, 'LBL_INFORMATION', 1, 0, 0, 0, 0, 0, 1, 0),
(183, 70, 'LBL_CUSTOM_INFORMATION', 2, 0, 0, 0, 0, 0, 1, 0),
(184, 70, 'LBL_DESCRIPTION_INFORMATION', 3, 0, 0, 0, 0, 0, 1, 0),
(185, 70, 'LBL_PRODUCT_INFORMATION', 4, 0, 0, 0, 0, 0, 1, 0),
(186, 71, 'LBL_INFORMATION', 1, 0, 0, 0, 0, 0, 1, 0),
(187, 71, 'LBL_ADDRESS_INFORMATION', 2, 0, 0, 0, 0, 0, 1, 0),
(188, 71, 'LBL_CUSTOM_INFORMATION', 3, 0, 0, 0, 0, 0, 1, 0),
(189, 71, 'LBL_DESCRIPTION_INFORMATION', 4, 0, 0, 0, 0, 0, 1, 0),
(191, 7, 'LBL_REGISTRATION_INFO', 3, 0, 0, 0, 0, 0, 0, 1),
(192, 37, 'BLOCK_INFORMATION_TIME', 3, 0, 0, 0, 0, 0, 1, 1),
(194, 6, 'LBL_REGISTRATION_INFO', 5, 0, 0, 0, 0, 0, 1, 1),
(195, 6, 'LBL_CONTACT_INFO', 2, 0, 0, 0, 0, 0, 1, 1),
(196, 6, 'LBL_ADVANCED_BLOCK', 4, 0, 0, 0, 0, 0, 1, 1),
(197, 4, 'LBL_CONTACT_INFO', 2, 0, 0, 0, 0, 0, 1, 1),
(198, 6, 'LBL_FINANSIAL_SUMMARY', 3, 0, 0, 0, 0, 0, 1, 1),
(199, 2, 'LBL_FINANSIAL_SUMMARY', 2, 0, 0, 0, 0, 0, 1, 1),
(200, 6, 'LBL_SHARING_INFORMATION', 6, 0, 0, 0, 0, 0, 0, 1),
(201, 26, 'LBL_SHARING_INFORMATION', 4, 0, 0, 0, 0, 0, 0, 1),
(202, 2, 'LBL_SHARING_INFORMATION', 4, 0, 0, 0, 0, 0, 0, 1),
(203, 43, 'LBL_SHARING_INFORMATION', 3, 0, 0, 0, 0, 0, 0, 1),
(204, 13, 'LBL_SHARING_INFORMATION', 3, 0, 0, 0, 0, 0, 0, 1),
(205, 4, 'LBL_SHARING_INFORMATION', 5, 0, 0, 0, 0, 0, 0, 1),
(206, 7, 'LBL_SHARING_INFORMATION', 7, 0, 0, 0, 0, 0, 1, 1),
(207, 8, 'LBL_SHARING_INFORMATION', 4, 0, 0, 0, 0, 0, 1, 1),
(208, 9, 'LBL_SHARING_INFORMATION', 4, 0, 0, 0, 0, 0, 1, 1),
(209, 15, 'LBL_SHARING_INFORMATION', 5, 0, 0, 0, 0, 0, 1, 1),
(210, 16, 'LBL_SHARING_INFORMATION', 7, 0, 0, 0, 0, 0, 1, 1),
(211, 18, 'LBL_SHARING_INFORMATION', 6, 0, 0, 0, 0, 0, 1, 1),
(212, 19, 'LBL_SHARING_INFORMATION', 4, 0, 0, 0, 0, 0, 1, 1),
(213, 20, 'LBL_SHARING_INFORMATION', 7, 0, 0, 0, 0, 0, 1, 1),
(214, 21, 'LBL_SHARING_INFORMATION', 7, 0, 0, 0, 0, 0, 1, 1),
(215, 22, 'LBL_SHARING_INFORMATION', 8, 0, 0, 0, 0, 0, 1, 1),
(216, 23, 'LBL_SHARING_INFORMATION', 7, 0, 0, 0, 0, 0, 1, 1),
(217, 34, 'LBL_SHARING_INFORMATION', 4, 0, 0, 0, 0, 0, 1, 1),
(218, 37, 'LBL_SHARING_INFORMATION', 5, 0, 0, 0, 0, 0, 1, 1),
(219, 41, 'LBL_SHARING_INFORMATION', 4, 0, 0, 0, 0, 0, 1, 1),
(220, 42, 'LBL_SHARING_INFORMATION', 4, 0, 0, 0, 0, 0, 1, 1),
(221, 47, 'LBL_SHARING_INFORMATION', 7, 0, 0, 0, 0, 0, 1, 1),
(222, 49, 'LBL_SHARING_INFORMATION', 3, 0, 0, 0, 0, 0, 1, 1),
(223, 51, 'LBL_SHARING_INFORMATION', 4, 0, 0, 0, 0, 0, 1, 1),
(224, 54, 'LBL_SHARING_INFORMATION', 5, 0, 0, 0, 0, 0, 1, 1),
(225, 57, 'LBL_SHARING_INFORMATION', 4, 0, 0, 0, 0, 0, 1, 1),
(226, 58, 'LBL_SHARING_INFORMATION', 4, 0, 0, 0, 0, 0, 1, 1),
(227, 59, 'LBL_SHARING_INFORMATION', 4, 0, 0, 0, 0, 0, 1, 1),
(228, 60, 'LBL_SHARING_INFORMATION', 4, 0, 0, 0, 0, 0, 1, 1),
(229, 61, 'LBL_SHARING_INFORMATION', 5, 0, 0, 0, 0, 0, 1, 1),
(230, 70, 'LBL_SHARING_INFORMATION', 5, 0, 0, 0, 0, 0, 1, 1),
(231, 71, 'LBL_SHARING_INFORMATION', 5, 0, 0, 0, 0, 0, 1, 1);

-- --------------------------------------------------------

--
-- Table structure for table `vtiger_blocks_seq`
--

CREATE TABLE IF NOT EXISTS `vtiger_blocks_seq` (
  `id` int(11) NOT NULL
) ENGINE=InnoDB DEFAULT CHARSET=utf8;

--
-- Dumping data for table `vtiger_blocks_seq`
--

INSERT INTO `vtiger_blocks_seq` (`id`) VALUES
(231);

-- --------------------------------------------------------

--
-- Table structure for table `vtiger_bruteforce`
--

CREATE TABLE IF NOT EXISTS `vtiger_bruteforce` (
  `attempsnumber` int(11) NOT NULL COMMENT 'Number of attempts',
  `timelock` int(11) DEFAULT NULL COMMENT 'Time lock'
) ENGINE=InnoDB DEFAULT CHARSET=utf8;

--
-- Dumping data for table `vtiger_bruteforce`
--

INSERT INTO `vtiger_bruteforce` (`attempsnumber`, `timelock`) VALUES
(10, 15);

-- --------------------------------------------------------

--
-- Table structure for table `vtiger_calculations`
--

CREATE TABLE IF NOT EXISTS `vtiger_calculations` (
  `calculationsid` int(19) NOT NULL,
  `calculations_no` varchar(30) NOT NULL,
  `name` varchar(200) DEFAULT NULL,
  `parentid` int(19) DEFAULT NULL,
  `relatedid` int(19) DEFAULT NULL,
  `potentialid` int(19) DEFAULT NULL,
  `comments` text,
  `total` decimal(25,8) DEFAULT NULL,
  `calculationsstatus` varchar(255) DEFAULT '',
  `total_purchase` decimal(13,2) DEFAULT NULL,
  `total_margin` decimal(13,2) DEFAULT NULL,
  `total_marginp` decimal(13,2) DEFAULT NULL,
  `date` date DEFAULT NULL,
  PRIMARY KEY (`calculationsid`),
  KEY `calculations_parentid_idx` (`parentid`),
  KEY `calculations_relatedid_idx` (`relatedid`),
  KEY `osscosts_potentialid_idx` (`potentialid`)
) ENGINE=InnoDB DEFAULT CHARSET=utf8;

-- --------------------------------------------------------

--
-- Table structure for table `vtiger_calculationscf`
--

CREATE TABLE IF NOT EXISTS `vtiger_calculationscf` (
  `calculationsid` int(19) NOT NULL,
  PRIMARY KEY (`calculationsid`)
) ENGINE=InnoDB DEFAULT CHARSET=utf8;

-- --------------------------------------------------------

--
-- Table structure for table `vtiger_calculationsproductrel`
--

CREATE TABLE IF NOT EXISTS `vtiger_calculationsproductrel` (
  `id` int(19) DEFAULT NULL,
  `productid` int(19) DEFAULT NULL,
  `sequence_no` int(4) DEFAULT NULL,
  `quantity` decimal(25,3) DEFAULT NULL,
  `listprice` decimal(27,8) DEFAULT NULL,
  `comment` text,
  `description` text,
  `lineitem_id` int(11) NOT NULL AUTO_INCREMENT,
  `incrementondel` int(19) DEFAULT NULL,
  `rbh` decimal(10,2) DEFAULT NULL,
  `purchase` decimal(10,2) DEFAULT NULL,
  `margin` decimal(10,2) DEFAULT NULL,
  `marginp` decimal(10,2) DEFAULT NULL,
  PRIMARY KEY (`lineitem_id`),
  KEY `calculationsproductrel_id_idx` (`id`),
  KEY `calculationsproductrel_productid_idx` (`productid`)
) ENGINE=InnoDB DEFAULT CHARSET=utf8 AUTO_INCREMENT=1 ;

-- --------------------------------------------------------

--
-- Table structure for table `vtiger_calculationsstatus`
--

CREATE TABLE IF NOT EXISTS `vtiger_calculationsstatus` (
  `calculationsstatusid` int(11) NOT NULL AUTO_INCREMENT,
  `calculationsstatus` varchar(200) NOT NULL,
  `presence` int(1) NOT NULL DEFAULT '1',
  `picklist_valueid` int(11) NOT NULL DEFAULT '0',
  `sortorderid` int(11) DEFAULT '0',
  PRIMARY KEY (`calculationsstatusid`)
) ENGINE=InnoDB  DEFAULT CHARSET=utf8 AUTO_INCREMENT=7 ;

--
-- Dumping data for table `vtiger_calculationsstatus`
--

INSERT INTO `vtiger_calculationsstatus` (`calculationsstatusid`, `calculationsstatus`, `presence`, `picklist_valueid`, `sortorderid`) VALUES
(1, 'LBL_IN_PREPARATION', 1, 435, 1),
(2, 'Waiting for valuation', 1, 436, 3),
(3, 'Waiting for acceptance', 1, 437, 4),
(4, 'Accepted', 0, 438, 5),
(5, 'Rejected', 1, 439, 6),
(6, 'LBL_OBJECTIONS_ARE_RAISED', 1, 543, 2);

-- --------------------------------------------------------

--
-- Table structure for table `vtiger_calculationsstatus_seq`
--

CREATE TABLE IF NOT EXISTS `vtiger_calculationsstatus_seq` (
  `id` int(11) NOT NULL
) ENGINE=InnoDB DEFAULT CHARSET=utf8;

--
-- Dumping data for table `vtiger_calculationsstatus_seq`
--

INSERT INTO `vtiger_calculationsstatus_seq` (`id`) VALUES
(6);

-- --------------------------------------------------------

--
-- Table structure for table `vtiger_calendarsharedtype`
--

CREATE TABLE IF NOT EXISTS `vtiger_calendarsharedtype` (
  `calendarsharedtypeid` int(11) NOT NULL AUTO_INCREMENT,
  `calendarsharedtype` varchar(200) NOT NULL,
  `sortorderid` int(11) DEFAULT NULL,
  `presence` int(11) NOT NULL DEFAULT '1',
  PRIMARY KEY (`calendarsharedtypeid`)
) ENGINE=InnoDB  DEFAULT CHARSET=utf8 AUTO_INCREMENT=4 ;

--
-- Dumping data for table `vtiger_calendarsharedtype`
--

INSERT INTO `vtiger_calendarsharedtype` (`calendarsharedtypeid`, `calendarsharedtype`, `sortorderid`, `presence`) VALUES
(1, 'public', 1, 1),
(2, 'private', 2, 1),
(3, 'seletedusers', 3, 1);

-- --------------------------------------------------------

--
-- Table structure for table `vtiger_calendarsharedtype_seq`
--

CREATE TABLE IF NOT EXISTS `vtiger_calendarsharedtype_seq` (
  `id` int(11) NOT NULL
) ENGINE=InnoDB DEFAULT CHARSET=utf8;

--
-- Dumping data for table `vtiger_calendarsharedtype_seq`
--

INSERT INTO `vtiger_calendarsharedtype_seq` (`id`) VALUES
(3);

-- --------------------------------------------------------

--
-- Table structure for table `vtiger_calendar_default_activitytypes`
--

CREATE TABLE IF NOT EXISTS `vtiger_calendar_default_activitytypes` (
  `id` int(19) NOT NULL,
  `module` varchar(50) DEFAULT NULL,
  `fieldname` varchar(50) DEFAULT NULL,
  `defaultcolor` varchar(50) DEFAULT NULL,
  PRIMARY KEY (`id`)
) ENGINE=InnoDB DEFAULT CHARSET=utf8;

--
-- Dumping data for table `vtiger_calendar_default_activitytypes`
--

INSERT INTO `vtiger_calendar_default_activitytypes` (`id`, `module`, `fieldname`, `defaultcolor`) VALUES
(1, 'Events', 'Events', '#17309A'),
(2, 'Calendar', 'Tasks', '#3A87AD'),
(3, 'Potentials', 'Potentials', '#AA6705'),
(4, 'Contacts', 'End of support for contact', '#953B39'),
(5, 'Contacts', 'Birthdays of contacts', '#545252'),
(6, 'Invoice', 'Invoice', '#87865D'),
(7, 'Project', 'Project', '#C71585'),
(8, 'ProjectTask', 'Project Task', '#006400');

-- --------------------------------------------------------

--
-- Table structure for table `vtiger_calendar_default_activitytypes_seq`
--

CREATE TABLE IF NOT EXISTS `vtiger_calendar_default_activitytypes_seq` (
  `id` int(11) NOT NULL
) ENGINE=InnoDB DEFAULT CHARSET=utf8;

--
-- Dumping data for table `vtiger_calendar_default_activitytypes_seq`
--

INSERT INTO `vtiger_calendar_default_activitytypes_seq` (`id`) VALUES
(8);

-- --------------------------------------------------------

--
-- Table structure for table `vtiger_calendar_user_activitytypes`
--

CREATE TABLE IF NOT EXISTS `vtiger_calendar_user_activitytypes` (
  `id` int(19) NOT NULL,
  `defaultid` int(19) DEFAULT NULL,
  `userid` int(19) DEFAULT NULL,
  `color` varchar(50) DEFAULT NULL,
  `visible` int(19) DEFAULT '0',
  PRIMARY KEY (`id`)
) ENGINE=InnoDB DEFAULT CHARSET=utf8;

--
-- Dumping data for table `vtiger_calendar_user_activitytypes`
--

INSERT INTO `vtiger_calendar_user_activitytypes` (`id`, `defaultid`, `userid`, `color`, `visible`) VALUES
(1, 1, 1, '#00ff0d', 1),
(2, 2, 1, '#0810ff', 1),
(3, 3, 1, '#AA6705', 0),
(4, 4, 1, '#953B39', 0),
(5, 5, 1, '#545252', 0),
(6, 6, 1, '#87865D', 0),
(7, 7, 1, '#C71585', 0),
(8, 8, 1, '#006400', 0);

-- --------------------------------------------------------

--
-- Table structure for table `vtiger_calendar_user_activitytypes_seq`
--

CREATE TABLE IF NOT EXISTS `vtiger_calendar_user_activitytypes_seq` (
  `id` int(11) NOT NULL
) ENGINE=InnoDB DEFAULT CHARSET=utf8;

--
-- Dumping data for table `vtiger_calendar_user_activitytypes_seq`
--

INSERT INTO `vtiger_calendar_user_activitytypes_seq` (`id`) VALUES
(8);

-- --------------------------------------------------------

--
-- Table structure for table `vtiger_callduration`
--

CREATE TABLE IF NOT EXISTS `vtiger_callduration` (
  `calldurationid` int(11) NOT NULL AUTO_INCREMENT,
  `callduration` varchar(200) NOT NULL,
  `sortorderid` int(11) DEFAULT NULL,
  `presence` int(11) NOT NULL DEFAULT '1',
  PRIMARY KEY (`calldurationid`)
) ENGINE=InnoDB  DEFAULT CHARSET=utf8 AUTO_INCREMENT=6 ;

--
-- Dumping data for table `vtiger_callduration`
--

INSERT INTO `vtiger_callduration` (`calldurationid`, `callduration`, `sortorderid`, `presence`) VALUES
(1, '5', 1, 1),
(2, '10', 2, 1),
(3, '30', 3, 1),
(4, '60', 4, 1),
(5, '120', 5, 1);

-- --------------------------------------------------------

--
-- Table structure for table `vtiger_callduration_seq`
--

CREATE TABLE IF NOT EXISTS `vtiger_callduration_seq` (
  `id` int(11) NOT NULL
) ENGINE=InnoDB DEFAULT CHARSET=utf8;

--
-- Dumping data for table `vtiger_callduration_seq`
--

INSERT INTO `vtiger_callduration_seq` (`id`) VALUES
(5);

-- --------------------------------------------------------

--
-- Table structure for table `vtiger_campaign`
--

CREATE TABLE IF NOT EXISTS `vtiger_campaign` (
  `campaign_no` varchar(100) NOT NULL,
  `campaignname` varchar(255) DEFAULT NULL,
  `campaigntype` varchar(200) DEFAULT NULL,
  `campaignstatus` varchar(200) DEFAULT NULL,
  `expectedrevenue` decimal(25,8) DEFAULT NULL,
  `budgetcost` decimal(25,8) DEFAULT NULL,
  `actualcost` decimal(25,8) DEFAULT NULL,
  `expectedresponse` varchar(200) DEFAULT NULL,
  `numsent` decimal(11,0) DEFAULT NULL,
  `product_id` int(19) DEFAULT NULL,
  `sponsor` varchar(255) DEFAULT NULL,
  `targetaudience` varchar(255) DEFAULT NULL,
  `targetsize` int(19) DEFAULT NULL,
  `expectedresponsecount` int(19) DEFAULT NULL,
  `expectedsalescount` int(19) DEFAULT NULL,
  `expectedroi` decimal(25,8) DEFAULT NULL,
  `actualresponsecount` int(19) DEFAULT NULL,
  `actualsalescount` int(19) DEFAULT NULL,
  `actualroi` decimal(25,8) DEFAULT NULL,
  `campaignid` int(19) NOT NULL,
  `closingdate` date DEFAULT NULL,
  PRIMARY KEY (`campaignid`),
  KEY `campaign_campaignstatus_idx` (`campaignstatus`),
  KEY `campaign_campaignname_idx` (`campaignname`),
  KEY `campaign_campaignid_idx` (`campaignid`)
) ENGINE=InnoDB DEFAULT CHARSET=utf8;

-- --------------------------------------------------------

--
-- Table structure for table `vtiger_campaignaccountrel`
--

CREATE TABLE IF NOT EXISTS `vtiger_campaignaccountrel` (
  `campaignid` int(19) DEFAULT NULL,
  `accountid` int(19) DEFAULT NULL,
  `campaignrelstatusid` int(19) DEFAULT NULL
) ENGINE=InnoDB DEFAULT CHARSET=utf8;

-- --------------------------------------------------------

--
-- Table structure for table `vtiger_campaigncontrel`
--

CREATE TABLE IF NOT EXISTS `vtiger_campaigncontrel` (
  `campaignid` int(19) NOT NULL DEFAULT '0',
  `contactid` int(19) NOT NULL DEFAULT '0',
  `campaignrelstatusid` int(19) NOT NULL DEFAULT '0',
  PRIMARY KEY (`campaignid`,`contactid`,`campaignrelstatusid`),
  KEY `campaigncontrel_contractid_idx` (`contactid`)
) ENGINE=InnoDB DEFAULT CHARSET=utf8;

-- --------------------------------------------------------

--
-- Table structure for table `vtiger_campaignleadrel`
--

CREATE TABLE IF NOT EXISTS `vtiger_campaignleadrel` (
  `campaignid` int(19) NOT NULL DEFAULT '0',
  `leadid` int(19) NOT NULL DEFAULT '0',
  `campaignrelstatusid` int(19) NOT NULL DEFAULT '0',
  PRIMARY KEY (`campaignid`,`leadid`,`campaignrelstatusid`),
  KEY `campaignleadrel_leadid_campaignid_idx` (`leadid`,`campaignid`)
) ENGINE=InnoDB DEFAULT CHARSET=utf8;

-- --------------------------------------------------------

--
-- Table structure for table `vtiger_campaignrelstatus`
--

CREATE TABLE IF NOT EXISTS `vtiger_campaignrelstatus` (
  `campaignrelstatusid` int(19) DEFAULT NULL,
  `campaignrelstatus` varchar(256) DEFAULT NULL,
  `sortorderid` int(19) DEFAULT NULL,
  `presence` int(19) DEFAULT NULL
) ENGINE=InnoDB DEFAULT CHARSET=utf8;

--
-- Dumping data for table `vtiger_campaignrelstatus`
--

INSERT INTO `vtiger_campaignrelstatus` (`campaignrelstatusid`, `campaignrelstatus`, `sortorderid`, `presence`) VALUES
(2, 'Contacted - Successful', 1, 1),
(3, 'Contacted - Unsuccessful', 2, 1),
(4, 'Contacted - Never Contact Again', 3, 1);

-- --------------------------------------------------------

--
-- Table structure for table `vtiger_campaignrelstatus_seq`
--

CREATE TABLE IF NOT EXISTS `vtiger_campaignrelstatus_seq` (
  `id` int(11) NOT NULL
) ENGINE=InnoDB DEFAULT CHARSET=utf8;

--
-- Dumping data for table `vtiger_campaignrelstatus_seq`
--

INSERT INTO `vtiger_campaignrelstatus_seq` (`id`) VALUES
(4);

-- --------------------------------------------------------

--
-- Table structure for table `vtiger_campaignscf`
--

CREATE TABLE IF NOT EXISTS `vtiger_campaignscf` (
  `campaignid` int(19) NOT NULL DEFAULT '0',
  PRIMARY KEY (`campaignid`)
) ENGINE=InnoDB DEFAULT CHARSET=utf8;

-- --------------------------------------------------------

--
-- Table structure for table `vtiger_campaignstatus`
--

CREATE TABLE IF NOT EXISTS `vtiger_campaignstatus` (
  `campaignstatusid` int(19) NOT NULL AUTO_INCREMENT,
  `campaignstatus` varchar(200) NOT NULL,
  `presence` int(1) NOT NULL DEFAULT '1',
  `picklist_valueid` int(19) NOT NULL DEFAULT '0',
  `sortorderid` int(11) DEFAULT NULL,
  PRIMARY KEY (`campaignstatusid`),
  KEY `campaignstatus_campaignstatus_idx` (`campaignstatus`)
) ENGINE=InnoDB  DEFAULT CHARSET=utf8 AUTO_INCREMENT=7 ;

--
-- Dumping data for table `vtiger_campaignstatus`
--

INSERT INTO `vtiger_campaignstatus` (`campaignstatusid`, `campaignstatus`, `presence`, `picklist_valueid`, `sortorderid`) VALUES
(2, 'Planning', 1, 15, 1),
(3, 'Active', 1, 16, 2),
(4, 'Inactive', 1, 17, 3),
(5, 'Completed', 1, 18, 4),
(6, 'Cancelled', 1, 19, 5);

-- --------------------------------------------------------

--
-- Table structure for table `vtiger_campaignstatus_seq`
--

CREATE TABLE IF NOT EXISTS `vtiger_campaignstatus_seq` (
  `id` int(11) NOT NULL
) ENGINE=InnoDB DEFAULT CHARSET=utf8;

--
-- Dumping data for table `vtiger_campaignstatus_seq`
--

INSERT INTO `vtiger_campaignstatus_seq` (`id`) VALUES
(6);

-- --------------------------------------------------------

--
-- Table structure for table `vtiger_campaigntype`
--

CREATE TABLE IF NOT EXISTS `vtiger_campaigntype` (
  `campaigntypeid` int(19) NOT NULL AUTO_INCREMENT,
  `campaigntype` varchar(200) NOT NULL,
  `presence` int(1) NOT NULL DEFAULT '1',
  `picklist_valueid` int(19) NOT NULL DEFAULT '0',
  `sortorderid` int(11) DEFAULT NULL,
  PRIMARY KEY (`campaigntypeid`),
  UNIQUE KEY `campaigntype_campaigntype_idx` (`campaigntype`)
) ENGINE=InnoDB  DEFAULT CHARSET=utf8 AUTO_INCREMENT=14 ;

--
-- Dumping data for table `vtiger_campaigntype`
--

INSERT INTO `vtiger_campaigntype` (`campaigntypeid`, `campaigntype`, `presence`, `picklist_valueid`, `sortorderid`) VALUES
(2, 'Conference', 1, 21, 1),
(3, 'Webinar', 1, 22, 2),
(4, 'Trade Show', 1, 23, 3),
(5, 'Public Relations', 1, 24, 4),
(6, 'Partners', 1, 25, 5),
(7, 'Referral Program', 1, 26, 6),
(8, 'Advertisement', 1, 27, 7),
(9, 'Banner Ads', 1, 28, 8),
(10, 'Direct Mail', 1, 29, 9),
(11, 'Email', 1, 30, 10),
(12, 'Telemarketing', 1, 31, 11),
(13, 'Others', 1, 32, 12);

-- --------------------------------------------------------

--
-- Table structure for table `vtiger_campaigntype_seq`
--

CREATE TABLE IF NOT EXISTS `vtiger_campaigntype_seq` (
  `id` int(11) NOT NULL
) ENGINE=InnoDB DEFAULT CHARSET=utf8;

--
-- Dumping data for table `vtiger_campaigntype_seq`
--

INSERT INTO `vtiger_campaigntype_seq` (`id`) VALUES
(13);

-- --------------------------------------------------------

--
-- Table structure for table `vtiger_carrier`
--

CREATE TABLE IF NOT EXISTS `vtiger_carrier` (
  `carrierid` int(19) NOT NULL AUTO_INCREMENT,
  `carrier` varchar(200) NOT NULL,
  `presence` int(1) NOT NULL DEFAULT '1',
  `picklist_valueid` int(19) NOT NULL DEFAULT '0',
  `sortorderid` int(11) DEFAULT NULL,
  PRIMARY KEY (`carrierid`),
  UNIQUE KEY `carrier_carrier_idx` (`carrier`)
) ENGINE=InnoDB  DEFAULT CHARSET=utf8 AUTO_INCREMENT=6 ;

--
-- Dumping data for table `vtiger_carrier`
--

INSERT INTO `vtiger_carrier` (`carrierid`, `carrier`, `presence`, `picklist_valueid`, `sortorderid`) VALUES
(1, 'FedEx', 1, 33, 0),
(2, 'UPS', 1, 34, 1),
(3, 'USPS', 1, 35, 2),
(4, 'DHL', 1, 36, 3),
(5, 'BlueDart', 1, 37, 4);

-- --------------------------------------------------------

--
-- Table structure for table `vtiger_carrier_seq`
--

CREATE TABLE IF NOT EXISTS `vtiger_carrier_seq` (
  `id` int(11) NOT NULL
) ENGINE=InnoDB DEFAULT CHARSET=utf8;

--
-- Dumping data for table `vtiger_carrier_seq`
--

INSERT INTO `vtiger_carrier_seq` (`id`) VALUES
(5);

-- --------------------------------------------------------

--
-- Table structure for table `vtiger_cntactivityrel`
--

CREATE TABLE IF NOT EXISTS `vtiger_cntactivityrel` (
  `contactid` int(19) NOT NULL DEFAULT '0',
  `activityid` int(19) NOT NULL DEFAULT '0',
  PRIMARY KEY (`contactid`,`activityid`),
  KEY `cntactivityrel_contactid_idx` (`contactid`),
  KEY `cntactivityrel_activityid_idx` (`activityid`)
) ENGINE=InnoDB DEFAULT CHARSET=utf8;

-- --------------------------------------------------------

--
-- Table structure for table `vtiger_contactaddress`
--

CREATE TABLE IF NOT EXISTS `vtiger_contactaddress` (
  `contactaddressid` int(19) NOT NULL DEFAULT '0',
  `addresslevel1a` varchar(255) DEFAULT NULL,
  `addresslevel1b` varchar(255) DEFAULT NULL,
  `addresslevel2a` varchar(255) DEFAULT NULL,
  `addresslevel2b` varchar(255) DEFAULT NULL,
  `addresslevel3a` varchar(255) DEFAULT NULL,
  `addresslevel3b` varchar(255) DEFAULT NULL,
  `addresslevel4a` varchar(255) DEFAULT NULL,
  `addresslevel4b` varchar(255) DEFAULT NULL,
  `addresslevel5a` varchar(255) DEFAULT NULL,
  `addresslevel5b` varchar(255) DEFAULT NULL,
  `addresslevel6a` varchar(255) DEFAULT NULL,
  `addresslevel6b` varchar(255) DEFAULT NULL,
  `addresslevel7a` varchar(255) DEFAULT NULL,
  `addresslevel7b` varchar(255) DEFAULT NULL,
  `addresslevel8a` varchar(255) DEFAULT NULL,
  `addresslevel8b` varchar(255) DEFAULT NULL,
  `buildingnumbera` varchar(100) DEFAULT NULL,
  `localnumbera` varchar(100) DEFAULT NULL,
  `buildingnumberb` varchar(100) DEFAULT NULL,
  `localnumberb` varchar(100) DEFAULT NULL,
  `poboxa` varchar(50) DEFAULT NULL,
  `poboxb` varchar(50) DEFAULT NULL,
  PRIMARY KEY (`contactaddressid`)
) ENGINE=InnoDB DEFAULT CHARSET=utf8;

-- --------------------------------------------------------

--
-- Table structure for table `vtiger_contactdetails`
--

CREATE TABLE IF NOT EXISTS `vtiger_contactdetails` (
  `contactid` int(19) NOT NULL DEFAULT '0',
  `contact_no` varchar(100) NOT NULL,
  `parentid` int(19) DEFAULT NULL,
  `salutation` varchar(200) DEFAULT NULL,
  `firstname` varchar(40) DEFAULT NULL,
  `lastname` varchar(80) NOT NULL,
  `email` varchar(100) DEFAULT NULL,
  `phone` varchar(50) DEFAULT NULL,
  `mobile` varchar(50) DEFAULT NULL,
  `reportsto` varchar(30) DEFAULT NULL,
  `training` varchar(50) DEFAULT NULL,
  `usertype` varchar(50) DEFAULT NULL,
  `contacttype` varchar(50) DEFAULT NULL,
  `otheremail` varchar(100) DEFAULT NULL,
  `donotcall` varchar(3) DEFAULT NULL,
  `emailoptout` varchar(3) DEFAULT '0',
  `imagename` varchar(150) DEFAULT NULL,
  `isconvertedfromlead` varchar(3) DEFAULT '0',
  `verification` text,
  `secondary_email` varchar(50) DEFAULT '',
  `notifilanguage` varchar(100) DEFAULT '',
  `contactstatus` varchar(255) DEFAULT '',
  PRIMARY KEY (`contactid`),
  KEY `contactdetails_accountid_idx` (`parentid`),
  KEY `email_idx` (`email`)
) ENGINE=InnoDB DEFAULT CHARSET=utf8;

-- --------------------------------------------------------

--
-- Table structure for table `vtiger_contactsbookmails`
--

CREATE TABLE IF NOT EXISTS `vtiger_contactsbookmails` (
  `contactid` int(19) DEFAULT NULL,
  `email` varchar(100) DEFAULT NULL,
  `name` varchar(100) DEFAULT NULL,
  `users` text,
  KEY `email` (`email`,`name`),
  KEY `contactid` (`contactid`)
) ENGINE=InnoDB DEFAULT CHARSET=utf8;

-- --------------------------------------------------------

--
-- Table structure for table `vtiger_contactscf`
--

CREATE TABLE IF NOT EXISTS `vtiger_contactscf` (
  `contactid` int(19) NOT NULL DEFAULT '0',
  PRIMARY KEY (`contactid`)
) ENGINE=InnoDB DEFAULT CHARSET=utf8;

-- --------------------------------------------------------

--
-- Table structure for table `vtiger_contactstatus`
--

CREATE TABLE IF NOT EXISTS `vtiger_contactstatus` (
  `contactstatusid` int(11) NOT NULL AUTO_INCREMENT,
  `contactstatus` varchar(200) NOT NULL,
  `presence` int(1) NOT NULL DEFAULT '1',
  `picklist_valueid` int(11) NOT NULL DEFAULT '0',
  `sortorderid` int(11) DEFAULT '0',
  PRIMARY KEY (`contactstatusid`)
) ENGINE=InnoDB  DEFAULT CHARSET=utf8 AUTO_INCREMENT=3 ;

--
-- Dumping data for table `vtiger_contactstatus`
--

INSERT INTO `vtiger_contactstatus` (`contactstatusid`, `contactstatus`, `presence`, `picklist_valueid`, `sortorderid`) VALUES
(1, 'Active', 1, 559, 1),
(2, 'Inactive', 1, 560, 2);

-- --------------------------------------------------------

--
-- Table structure for table `vtiger_contactstatus_seq`
--

CREATE TABLE IF NOT EXISTS `vtiger_contactstatus_seq` (
  `id` int(11) NOT NULL
) ENGINE=InnoDB DEFAULT CHARSET=utf8;

--
-- Dumping data for table `vtiger_contactstatus_seq`
--

INSERT INTO `vtiger_contactstatus_seq` (`id`) VALUES
(2);

-- --------------------------------------------------------

--
-- Table structure for table `vtiger_contactsubdetails`
--

CREATE TABLE IF NOT EXISTS `vtiger_contactsubdetails` (
  `contactsubscriptionid` int(19) NOT NULL DEFAULT '0',
  `birthday` date DEFAULT NULL,
  `laststayintouchrequest` int(30) DEFAULT '0',
  `laststayintouchsavedate` int(19) DEFAULT '0',
  `leadsource` varchar(200) DEFAULT NULL,
  PRIMARY KEY (`contactsubscriptionid`)
) ENGINE=InnoDB DEFAULT CHARSET=utf8;

-- --------------------------------------------------------

--
-- Table structure for table `vtiger_contpotentialrel`
--

CREATE TABLE IF NOT EXISTS `vtiger_contpotentialrel` (
  `contactid` int(19) NOT NULL DEFAULT '0',
  `potentialid` int(19) NOT NULL DEFAULT '0',
  PRIMARY KEY (`contactid`,`potentialid`),
  KEY `contpotentialrel_potentialid_idx` (`potentialid`),
  KEY `contpotentialrel_contactid_idx` (`contactid`)
) ENGINE=InnoDB DEFAULT CHARSET=utf8;

-- --------------------------------------------------------

--
-- Table structure for table `vtiger_contract_priority`
--

CREATE TABLE IF NOT EXISTS `vtiger_contract_priority` (
  `contract_priorityid` int(11) NOT NULL AUTO_INCREMENT,
  `contract_priority` varchar(200) NOT NULL,
  `presence` int(1) NOT NULL DEFAULT '1',
  `picklist_valueid` int(11) NOT NULL DEFAULT '0',
  `sortorderid` int(11) DEFAULT '0',
  PRIMARY KEY (`contract_priorityid`)
) ENGINE=InnoDB  DEFAULT CHARSET=utf8 AUTO_INCREMENT=4 ;

--
-- Dumping data for table `vtiger_contract_priority`
--

INSERT INTO `vtiger_contract_priority` (`contract_priorityid`, `contract_priority`, `presence`, `picklist_valueid`, `sortorderid`) VALUES
(1, 'Low', 1, 220, 1),
(2, 'Normal', 1, 221, 2),
(3, 'High', 1, 222, 3);

-- --------------------------------------------------------

--
-- Table structure for table `vtiger_contract_priority_seq`
--

CREATE TABLE IF NOT EXISTS `vtiger_contract_priority_seq` (
  `id` int(11) NOT NULL
) ENGINE=InnoDB DEFAULT CHARSET=utf8;

--
-- Dumping data for table `vtiger_contract_priority_seq`
--

INSERT INTO `vtiger_contract_priority_seq` (`id`) VALUES
(3);

-- --------------------------------------------------------

--
-- Table structure for table `vtiger_contract_status`
--

CREATE TABLE IF NOT EXISTS `vtiger_contract_status` (
  `contract_statusid` int(11) NOT NULL AUTO_INCREMENT,
  `contract_status` varchar(200) NOT NULL,
  `presence` int(1) NOT NULL DEFAULT '1',
  `picklist_valueid` int(11) NOT NULL DEFAULT '0',
  `sortorderid` int(11) DEFAULT '0',
  PRIMARY KEY (`contract_statusid`)
) ENGINE=InnoDB  DEFAULT CHARSET=utf8 AUTO_INCREMENT=7 ;

--
-- Dumping data for table `vtiger_contract_status`
--

INSERT INTO `vtiger_contract_status` (`contract_statusid`, `contract_status`, `presence`, `picklist_valueid`, `sortorderid`) VALUES
(1, 'Undefined', 1, 214, 1),
(2, 'In Planning', 1, 215, 2),
(3, 'In Progress', 1, 216, 3),
(4, 'On Hold', 1, 217, 4),
(5, 'Complete', 0, 218, 5),
(6, 'Archived', 1, 219, 6);

-- --------------------------------------------------------

--
-- Table structure for table `vtiger_contract_status_seq`
--

CREATE TABLE IF NOT EXISTS `vtiger_contract_status_seq` (
  `id` int(11) NOT NULL
) ENGINE=InnoDB DEFAULT CHARSET=utf8;

--
-- Dumping data for table `vtiger_contract_status_seq`
--

INSERT INTO `vtiger_contract_status_seq` (`id`) VALUES
(6);

-- --------------------------------------------------------

--
-- Table structure for table `vtiger_contract_type`
--

CREATE TABLE IF NOT EXISTS `vtiger_contract_type` (
  `contract_typeid` int(11) NOT NULL AUTO_INCREMENT,
  `contract_type` varchar(200) NOT NULL,
  `presence` int(1) NOT NULL DEFAULT '1',
  `picklist_valueid` int(11) NOT NULL DEFAULT '0',
  `sortorderid` int(11) DEFAULT '0',
  PRIMARY KEY (`contract_typeid`)
) ENGINE=InnoDB  DEFAULT CHARSET=utf8 AUTO_INCREMENT=4 ;

--
-- Dumping data for table `vtiger_contract_type`
--

INSERT INTO `vtiger_contract_type` (`contract_typeid`, `contract_type`, `presence`, `picklist_valueid`, `sortorderid`) VALUES
(1, 'Support', 1, 223, 1),
(2, 'Services', 1, 224, 2),
(3, 'Administrative', 1, 225, 3);

-- --------------------------------------------------------

--
-- Table structure for table `vtiger_contract_type_seq`
--

CREATE TABLE IF NOT EXISTS `vtiger_contract_type_seq` (
  `id` int(11) NOT NULL
) ENGINE=InnoDB DEFAULT CHARSET=utf8;

--
-- Dumping data for table `vtiger_contract_type_seq`
--

INSERT INTO `vtiger_contract_type_seq` (`id`) VALUES
(3);

-- --------------------------------------------------------

--
-- Table structure for table `vtiger_convertleadmapping`
--

CREATE TABLE IF NOT EXISTS `vtiger_convertleadmapping` (
  `cfmid` int(19) NOT NULL AUTO_INCREMENT,
  `leadfid` int(19) NOT NULL,
  `accountfid` int(19) DEFAULT NULL,
  `contactfid` int(19) DEFAULT NULL,
  `potentialfid` int(19) DEFAULT NULL,
  `editable` int(19) DEFAULT '1',
  PRIMARY KEY (`cfmid`)
) ENGINE=InnoDB  DEFAULT CHARSET=utf8 AUTO_INCREMENT=44 ;

--
-- Dumping data for table `vtiger_convertleadmapping`
--

INSERT INTO `vtiger_convertleadmapping` (`cfmid`, `leadfid`, `accountfid`, `contactfid`, `potentialfid`, `editable`) VALUES
(1, 43, 1, 0, 0, 0),
(2, 49, 14, 0, 0, 1),
(3, 40, 3, 69, 0, NULL),
(5, 44, 5, 0, 0, 1),
(7, 46, 9, 80, 0, 0),
(8, 48, 4, 0, 0, 1),
(21, 65, 36, 109, 125, 1),
(24, 41, 0, 70, 0, 0),
(25, 42, 0, 71, 0, 1),
(28, 47, 0, 74, 117, 1),
(30, 53, 10, 0, 0, 1),
(31, 51, 17, 0, 0, 1),
(32, 1291, 1285, 1293, 0, 1),
(33, 1292, 1286, 1294, 0, 1),
(34, 1065, 1089, 1073, 0, 1),
(35, 1066, 1091, 1075, 0, 1),
(36, 1067, 1093, 1077, 0, 1),
(37, 1068, 1095, 1079, 0, 1),
(38, 1069, 1097, 1081, 0, 1),
(39, 1070, 1099, 1083, 0, 1),
(40, 1071, 1101, 1085, 0, 1),
(41, 1072, 1103, 1087, 0, 1),
(42, 967, 970, 0, 0, 1),
(43, 969, 972, 0, 0, 1);

-- --------------------------------------------------------

--
-- Table structure for table `vtiger_crmentity`
--

CREATE TABLE IF NOT EXISTS `vtiger_crmentity` (
  `crmid` int(19) NOT NULL,
  `smcreatorid` int(19) NOT NULL DEFAULT '0',
  `smownerid` int(19) NOT NULL DEFAULT '0',
  `shownerid` set('1') DEFAULT NULL,
  `modifiedby` int(19) NOT NULL DEFAULT '0',
  `setype` varchar(30) NOT NULL,
  `description` text,
  `attention` text,
  `createdtime` datetime NOT NULL,
  `modifiedtime` datetime NOT NULL,
  `viewedtime` datetime DEFAULT NULL,
  `closedtime` datetime DEFAULT NULL,
  `status` varchar(50) DEFAULT NULL,
  `version` int(19) NOT NULL DEFAULT '0',
  `presence` tinyint(1) DEFAULT '1',
  `deleted` tinyint(1) NOT NULL DEFAULT '0',
  `label` varchar(255) DEFAULT NULL,
  `searchlabel` varchar(255) DEFAULT NULL,
  `inheritsharing` tinyint(1) DEFAULT '0',
  PRIMARY KEY (`crmid`),
  KEY `crmentity_smcreatorid_idx` (`smcreatorid`),
  KEY `crmentity_modifiedby_idx` (`modifiedby`),
  KEY `crmentity_deleted_idx` (`deleted`),
  KEY `crm_ownerid_del_setype_idx` (`smownerid`,`deleted`,`setype`),
  KEY `vtiger_crmentity_labelidx` (`label`),
  KEY `searchlabel` (`setype`,`label`),
  KEY `setype` (`setype`,`deleted`,`searchlabel`),
  KEY `crmid` (`crmid`,`deleted`)
) ENGINE=InnoDB DEFAULT CHARSET=utf8;

--
-- Dumping data for table `vtiger_crmentity`
--

INSERT INTO `vtiger_crmentity` (`crmid`, `smcreatorid`, `smownerid`, `shownerid`, `modifiedby`, `setype`, `description`, `attention`, `createdtime`, `modifiedtime`, `viewedtime`, `closedtime`, `status`, `version`, `presence`, `deleted`, `label`, `searchlabel`, `inheritsharing`) VALUES
(35, 1, 1, NULL, 1, 'OSSMailTemplates', NULL, NULL, '2014-09-22 23:48:32', '2014-11-24 10:52:34', NULL, NULL, NULL, 0, 1, 0, 'Notify Owner On Ticket Change', 'Notify Owner On Ticket Change', 0),
(36, 1, 1, NULL, 1, 'OSSMailTemplates', NULL, NULL, '2014-09-22 23:51:21', '2014-11-24 10:48:00', NULL, NULL, NULL, 0, 1, 0, 'Notify Account On Ticket Change', 'Notify Account On Ticket Change', 0),
(37, 1, 1, NULL, 1, 'OSSMailTemplates', NULL, NULL, '2014-09-22 23:53:15', '2014-11-24 10:48:41', NULL, NULL, NULL, 0, 1, 0, 'Notify Contact On Ticket Closed', 'Notify Contact On Ticket Closed', 0),
(38, 1, 1, NULL, 1, 'OSSMailTemplates', NULL, NULL, '2014-09-22 23:55:03', '2014-11-24 10:49:00', NULL, NULL, NULL, 0, 1, 0, 'Notify Account On Ticket Closed', 'Notify Account On Ticket Closed', 0),
(39, 1, 1, NULL, 1, 'OSSMailTemplates', NULL, NULL, '2014-09-22 23:57:26', '2014-11-24 10:49:19', NULL, NULL, NULL, 0, 1, 0, 'Notify Contact On Ticket Create', 'Notify Contact On Ticket Create', 0),
(40, 1, 1, NULL, 1, 'OSSMailTemplates', NULL, NULL, '2014-09-22 23:58:38', '2014-11-24 10:49:39', NULL, NULL, NULL, 0, 1, 0, 'Notify Account On Ticket Create', 'Notify Account On Ticket Create', 0),
(41, 1, 1, NULL, 1, 'OSSMailTemplates', NULL, NULL, '2014-09-23 00:05:38', '2014-11-24 10:50:53', NULL, NULL, NULL, 0, 1, 0, 'Notify Contact On Ticket Change', 'Notify Contact On Ticket Change', 0),
(42, 1, 1, NULL, 1, 'OSSMailTemplates', NULL, NULL, '2014-09-23 00:06:31', '2014-11-24 10:51:36', NULL, NULL, NULL, 0, 1, 0, 'Notify Owner On Ticket Closed', 'Notify Owner On Ticket Closed', 0),
(43, 1, 1, NULL, 1, 'OSSMailTemplates', NULL, NULL, '2014-09-23 00:07:37', '2014-11-24 10:51:59', NULL, NULL, NULL, 0, 1, 0, 'Notify Owner On Ticket Create', 'Notify Owner On Ticket Create', 0),
(44, 1, 1, NULL, 1, 'OSSMailTemplates', NULL, NULL, '2014-09-23 21:39:36', '2014-09-23 22:31:59', NULL, NULL, NULL, 0, 1, 0, 'Customer Portal Login Details', 'Customer Portal Login Details', 0),
(45, 1, 1, NULL, 1, 'OSSMailTemplates', NULL, NULL, '2014-09-23 22:57:01', '2014-12-23 13:17:47', NULL, NULL, NULL, 0, 1, 0, 'Send invitations', 'Send invitations', 0),
(46, 1, 1, NULL, 1, 'OSSMailTemplates', NULL, NULL, '2014-09-23 23:04:19', '2014-09-23 23:04:19', NULL, NULL, NULL, 0, 1, 0, 'Send Notification Email to Record Owner', 'Send Notification Email to Record Owner', 0),
(93, 1, 1, NULL, 1, 'OSSMailTemplates', NULL, NULL, '2014-09-24 20:51:12', '2014-09-24 20:51:12', NULL, NULL, NULL, 0, 1, 0, 'Activity Reminder Notification', 'Activity Reminder Notification', 0),
(94, 1, 1, NULL, 1, 'OSSMailTemplates', NULL, NULL, '2014-09-24 20:52:22', '2014-09-24 20:52:22', NULL, NULL, NULL, 0, 1, 0, 'Activity Reminder Notification', 'Activity Reminder Notification', 0),
(95, 1, 1, NULL, 1, 'OSSMailTemplates', NULL, NULL, '2014-09-24 21:58:51', '2014-09-24 21:58:51', NULL, NULL, NULL, 0, 1, 0, 'Test mail about the mail server configuration.', 'Test mail about the mail server configuration.', 0),
(96, 1, 1, NULL, 1, 'OSSPdf', NULL, NULL, '2014-09-29 08:41:21', '2014-10-13 15:48:36', NULL, NULL, NULL, 0, 1, 0, 'Quotes PDF', 'Quotes PDF', 0),
(97, 1, 1, NULL, 1, 'OSSPdf', NULL, NULL, '2014-09-29 08:42:20', '2014-10-13 15:49:20', NULL, NULL, NULL, 0, 1, 0, 'Sales Order PDF', 'Sales Order PDF', 0),
(98, 1, 1, NULL, 1, 'OSSPdf', NULL, NULL, '2014-09-29 08:43:47', '2014-10-13 15:48:57', NULL, NULL, NULL, 0, 1, 0, 'Invoice PDF', 'Invoice PDF', 0),
(99, 1, 1, NULL, 1, 'OSSPdf', NULL, NULL, '2014-09-29 10:00:45', '2014-10-13 15:57:21', NULL, NULL, NULL, 0, 1, 0, 'Purchase Order PDF', 'Purchase Order PDF', 0),
(100, 1, 1, NULL, 1, 'OSSPdf', NULL, NULL, '2014-09-29 10:07:35', '2014-09-29 10:07:35', NULL, NULL, NULL, 0, 1, 0, 'Calculation PDF', 'Calculation PDF', 0);

-- --------------------------------------------------------

--
-- Table structure for table `vtiger_crmentityrel`
--

CREATE TABLE IF NOT EXISTS `vtiger_crmentityrel` (
  `crmid` int(11) NOT NULL,
  `module` varchar(100) NOT NULL,
  `relcrmid` int(11) NOT NULL,
  `relmodule` varchar(100) NOT NULL
) ENGINE=InnoDB DEFAULT CHARSET=utf8;

-- --------------------------------------------------------

--
-- Table structure for table `vtiger_crmentity_seq`
--

CREATE TABLE IF NOT EXISTS `vtiger_crmentity_seq` (
  `id` int(11) NOT NULL
) ENGINE=InnoDB DEFAULT CHARSET=utf8;

--
-- Dumping data for table `vtiger_crmentity_seq`
--

INSERT INTO `vtiger_crmentity_seq` (`id`) VALUES
(102);

-- --------------------------------------------------------

--
-- Table structure for table `vtiger_cron_task`
--

CREATE TABLE IF NOT EXISTS `vtiger_cron_task` (
  `id` int(11) NOT NULL AUTO_INCREMENT,
  `name` varchar(100) DEFAULT NULL,
  `handler_file` varchar(100) DEFAULT NULL,
  `frequency` int(11) DEFAULT NULL,
  `laststart` int(11) unsigned DEFAULT NULL,
  `lastend` int(11) unsigned DEFAULT NULL,
  `status` int(11) DEFAULT NULL,
  `module` varchar(100) DEFAULT NULL,
  `sequence` int(11) DEFAULT NULL,
  `description` text,
  PRIMARY KEY (`id`),
  UNIQUE KEY `name` (`name`),
  UNIQUE KEY `handler_file` (`handler_file`)
) ENGINE=InnoDB  DEFAULT CHARSET=utf8 AUTO_INCREMENT=14 ;

--
-- Dumping data for table `vtiger_cron_task`
--

INSERT INTO `vtiger_cron_task` (`id`, `name`, `handler_file`, `frequency`, `laststart`, `lastend`, `status`, `module`, `sequence`, `description`) VALUES
(1, 'Workflow', 'cron/modules/com_vtiger_workflow/com_vtiger_workflow.service', 900, NULL, NULL, 1, 'com_vtiger_workflow', 1, 'Recommended frequency for Workflow is 15 mins'),
(2, 'RecurringInvoice', 'cron/modules/SalesOrder/RecurringInvoice.service', 43200, NULL, NULL, 1, 'SalesOrder', 2, 'Recommended frequency for RecurringInvoice is 12 hours'),
(3, 'SendReminder', 'cron/SendReminder.service', 900, NULL, NULL, 1, 'Calendar', 3, 'Recommended frequency for SendReminder is 15 mins'),
(8, 'Scheduled Import', 'cron/modules/Import/ScheduledImport.service', 900, NULL, NULL, 1, 'Import', 6, 'Recommended frequency for MailScanner is 15 mins'),
(9, 'ScheduleReports', 'cron/modules/Reports/ScheduleReports.service', 900, NULL, NULL, 1, 'Reports', 7, 'Recommended frequency for ScheduleReports is 15 mins'),
(10, 'MailScannerAction', 'modules/OSSMailScanner/cron/action.php', 200, NULL, NULL, 1, 'OSSMailScanner', 8, ''),
(11, 'MailScannerVerification', 'modules/OSSMailScanner/cron/verification.php', 100, NULL, NULL, 1, 'OSSMailScanner', 9, ''),
(12, 'MailScannerBind', 'modules/OSSMailScanner/cron/bind.php', 600, NULL, NULL, 1, 'OSSMailScanner', 10, ''),
(13, 'Backup', 'cron/backup.service', 43200, NULL, NULL, 0, 'BackUp', 11, NULL);

-- --------------------------------------------------------

--
-- Table structure for table `vtiger_currencies`
--

CREATE TABLE IF NOT EXISTS `vtiger_currencies` (
  `currencyid` int(19) NOT NULL AUTO_INCREMENT,
  `currency_name` varchar(200) DEFAULT NULL,
  `currency_code` varchar(50) DEFAULT NULL,
  `currency_symbol` varchar(11) DEFAULT NULL,
  PRIMARY KEY (`currencyid`)
) ENGINE=InnoDB  DEFAULT CHARSET=utf8 AUTO_INCREMENT=138 ;

--
-- Dumping data for table `vtiger_currencies`
--

INSERT INTO `vtiger_currencies` (`currencyid`, `currency_name`, `currency_code`, `currency_symbol`) VALUES
(1, 'Albania, Leke', 'ALL', 'Lek'),
(2, 'Argentina, Pesos', 'ARS', '$'),
(3, 'Aruba, Guilders', 'AWG', 'ƒ'),
(4, 'Australia, Dollars', 'AUD', '$'),
(5, 'Azerbaijan, New Manats', 'AZN', 'ман'),
(6, 'Bahamas, Dollars', 'BSD', '$'),
(7, 'Bahrain, Dinar', 'BHD', 'BD'),
(8, 'Barbados, Dollars', 'BBD', '$'),
(9, 'Belarus, Rubles', 'BYR', 'p.'),
(10, 'Belize, Dollars', 'BZD', 'BZ$'),
(11, 'Bermuda, Dollars', 'BMD', '$'),
(12, 'Bolivia, Bolivianos', 'BOB', '$b'),
(13, 'China, Yuan Renminbi', 'CNY', '¥'),
(14, 'Convertible Marka', 'BAM', 'KM'),
(15, 'Botswana, Pulas', 'BWP', 'P'),
(16, 'Bulgaria, Leva', 'BGN', 'лв'),
(17, 'Brazil, Reais', 'BRL', 'R$'),
(18, 'Great Britain Pounds', 'GBP', '£'),
(19, 'Brunei Darussalam, Dollars', 'BND', '$'),
(20, 'Canada, Dollars', 'CAD', '$'),
(21, 'Cayman Islands, Dollars', 'KYD', '$'),
(22, 'Chile, Pesos', 'CLP', '$'),
(23, 'Colombia, Pesos', 'COP', '$'),
(24, 'Costa Rica, Colón', 'CRC', '₡'),
(25, 'Croatia, Kuna', 'HRK', 'kn'),
(26, 'Cuba, Pesos', 'CUP', '₱'),
(27, 'Czech Republic, Koruny', 'CZK', 'Kč'),
(28, 'Cyprus, Pounds', 'CYP', '£'),
(29, 'Denmark, Kroner', 'DKK', 'kr'),
(30, 'Dominican Republic, Pesos', 'DOP', 'RD$'),
(31, 'East Caribbean, Dollars', 'XCD', '$'),
(32, 'Egypt, Pounds', 'EGP', '£'),
(33, 'El Salvador, Colón', 'SVC', '₡'),
(34, 'England, Pounds', 'GBP', '£'),
(35, 'Estonia, Krooni', 'EEK', 'kr'),
(36, 'Euro', 'EUR', '€'),
(37, 'Falkland Islands, Pounds', 'FKP', '£'),
(38, 'Fiji, Dollars', 'FJD', '$'),
(39, 'Ghana, Cedis', 'GHC', '¢'),
(40, 'Gibraltar, Pounds', 'GIP', '£'),
(41, 'Guatemala, Quetzales', 'GTQ', 'Q'),
(42, 'Guernsey, Pounds', 'GGP', '£'),
(43, 'Guyana, Dollars', 'GYD', '$'),
(44, 'Honduras, Lempiras', 'HNL', 'L'),
(45, 'Hong Kong, Dollars', 'HKD', 'HK$'),
(46, 'Hungary, Forint', 'HUF', 'Ft'),
(47, 'Iceland, Krona', 'ISK', 'kr'),
(48, 'India, Rupees', 'INR', '₹'),
(49, 'Indonesia, Rupiahs', 'IDR', 'Rp'),
(50, 'Iran, Rials', 'IRR', '﷼'),
(51, 'Isle of Man, Pounds', 'IMP', '£'),
(52, 'Israel, New Shekels', 'ILS', '₪'),
(53, 'Jamaica, Dollars', 'JMD', 'J$'),
(54, 'Japan, Yen', 'JPY', '¥'),
(55, 'Jersey, Pounds', 'JEP', '£'),
(56, 'Jordan, Dinar', 'JOD', 'JOD'),
(57, 'Kazakhstan, Tenge', 'KZT', '〒'),
(58, 'Kenya, Shilling', 'KES', 'KES'),
(59, 'Korea (North), Won', 'KPW', '₩'),
(60, 'Korea (South), Won', 'KRW', '₩'),
(61, 'Kuwait, Dinar', 'KWD', 'KWD'),
(62, 'Kyrgyzstan, Soms', 'KGS', 'лв'),
(63, 'Laos, Kips', 'LAK', '₭'),
(64, 'Latvia, Lati', 'LVL', 'Ls'),
(65, 'Lebanon, Pounds', 'LBP', '£'),
(66, 'Liberia, Dollars', 'LRD', '$'),
(67, 'Switzerland Francs', 'CHF', 'CHF'),
(68, 'Lithuania, Litai', 'LTL', 'Lt'),
(69, 'MADAGASCAR, Malagasy Ariary', 'MGA', 'MGA'),
(70, 'Macedonia, Denars', 'MKD', 'ден'),
(71, 'Malaysia, Ringgits', 'MYR', 'RM'),
(72, 'Malta, Liri', 'MTL', '₤'),
(73, 'Mauritius, Rupees', 'MUR', '₨'),
(74, 'Mexico, Pesos', 'MXN', '$'),
(75, 'Mongolia, Tugriks', 'MNT', '₮'),
(76, 'Mozambique, Meticais', 'MZN', 'MT'),
(77, 'Namibia, Dollars', 'NAD', '$'),
(78, 'Nepal, Rupees', 'NPR', '₨'),
(79, 'Netherlands Antilles, Guilders', 'ANG', 'ƒ'),
(80, 'New Zealand, Dollars', 'NZD', '$'),
(81, 'Nicaragua, Cordobas', 'NIO', 'C$'),
(82, 'Nigeria, Nairas', 'NGN', '₦'),
(83, 'North Korea, Won', 'KPW', '₩'),
(84, 'Norway, Krone', 'NOK', 'kr'),
(85, 'Oman, Rials', 'OMR', '﷼'),
(86, 'Pakistan, Rupees', 'PKR', '₨'),
(87, 'Panama, Balboa', 'PAB', 'B/.'),
(88, 'Paraguay, Guarani', 'PYG', 'Gs'),
(89, 'Peru, Nuevos Soles', 'PEN', 'S/.'),
(90, 'Philippines, Pesos', 'PHP', 'Php'),
(91, 'Poland, Zlotych', 'PLN', 'zł'),
(92, 'Qatar, Rials', 'QAR', '﷼'),
(93, 'Romania, New Lei', 'RON', 'lei'),
(94, 'Russia, Rubles', 'RUB', 'руб'),
(95, 'Saint Helena, Pounds', 'SHP', '£'),
(96, 'Saudi Arabia, Riyals', 'SAR', '﷼'),
(97, 'Serbia, Dinars', 'RSD', 'Дин.'),
(98, 'Seychelles, Rupees', 'SCR', '₨'),
(99, 'Singapore, Dollars', 'SGD', '$'),
(100, 'Solomon Islands, Dollars', 'SBD', '$'),
(101, 'Somalia, Shillings', 'SOS', 'S'),
(102, 'South Africa, Rand', 'ZAR', 'R'),
(103, 'South Korea, Won', 'KRW', '₩'),
(104, 'Sri Lanka, Rupees', 'LKR', '₨'),
(105, 'Sweden, Kronor', 'SEK', 'kr'),
(106, 'Switzerland, Francs', 'CHF', 'CHF'),
(107, 'Suriname, Dollars', 'SRD', '$'),
(108, 'Syria, Pounds', 'SYP', '£'),
(109, 'Taiwan, New Dollars', 'TWD', 'NT$'),
(110, 'Thailand, Baht', 'THB', '฿'),
(111, 'Trinidad and Tobago, Dollars', 'TTD', 'TT$'),
(112, 'Turkey, New Lira', 'TRY', 'YTL'),
(113, 'Turkey, Liras', 'TRL', '₤'),
(114, 'Tuvalu, Dollars', 'TVD', '$'),
(115, 'Ukraine, Hryvnia', 'UAH', '₴'),
(116, 'United Arab Emirates, Dirham', 'AED', 'AED'),
(117, 'United Kingdom, Pounds', 'GBP', '£'),
(118, 'United Republic of Tanzania, Shilling', 'TZS', 'TZS'),
(119, 'USA, Dollars', 'USD', '$'),
(120, 'Uruguay, Pesos', 'UYU', '$U'),
(121, 'Uzbekistan, Sums', 'UZS', 'лв'),
(122, 'Venezuela, Bolivares Fuertes', 'VEF', 'Bs'),
(123, 'Vietnam, Dong', 'VND', '₫'),
(124, 'Zambia, Kwacha', 'ZMK', 'ZMK'),
(125, 'Yemen, Rials', 'YER', '﷼'),
(126, 'Zimbabwe Dollars', 'ZWD', 'Z$'),
(127, 'Malawi, Kwacha', 'MWK', 'MK'),
(128, 'Tunisian, Dinar', 'TD', 'TD'),
(129, 'Moroccan, Dirham', 'MAD', 'DH'),
(130, 'Iraqi Dinar', 'IQD', 'ID'),
(131, 'Maldivian Ruffiya', 'MVR', 'MVR'),
(132, 'Ugandan Shilling', 'UGX', 'Sh'),
(133, 'Sudanese Pound', 'SDG', '£'),
(134, 'CFA Franc BCEAO', 'XOF', 'CFA'),
(135, 'CFA Franc BEAC', 'XAF', 'CFA'),
(136, 'Haiti, Gourde', 'HTG', 'G'),
(137, 'Libya, Dinar', 'LYD', 'LYD');

-- --------------------------------------------------------

--
-- Table structure for table `vtiger_currencies_seq`
--

CREATE TABLE IF NOT EXISTS `vtiger_currencies_seq` (
  `id` int(11) NOT NULL
) ENGINE=InnoDB DEFAULT CHARSET=utf8;

--
-- Dumping data for table `vtiger_currencies_seq`
--

INSERT INTO `vtiger_currencies_seq` (`id`) VALUES
(137);

-- --------------------------------------------------------

--
-- Table structure for table `vtiger_currency`
--

CREATE TABLE IF NOT EXISTS `vtiger_currency` (
  `currencyid` int(19) NOT NULL AUTO_INCREMENT,
  `currency` varchar(200) NOT NULL,
  `sortorderid` int(19) NOT NULL DEFAULT '0',
  `presence` int(1) NOT NULL DEFAULT '1',
  PRIMARY KEY (`currencyid`),
  UNIQUE KEY `currency_currency_idx` (`currency`)
) ENGINE=InnoDB DEFAULT CHARSET=utf8 AUTO_INCREMENT=1 ;

-- --------------------------------------------------------

--
-- Table structure for table `vtiger_currency_decimal_separator`
--

CREATE TABLE IF NOT EXISTS `vtiger_currency_decimal_separator` (
  `currency_decimal_separatorid` int(19) NOT NULL AUTO_INCREMENT,
  `currency_decimal_separator` varchar(2) NOT NULL,
  `sortorderid` int(19) NOT NULL DEFAULT '0',
  `presence` int(1) NOT NULL DEFAULT '1',
  PRIMARY KEY (`currency_decimal_separatorid`)
) ENGINE=InnoDB  DEFAULT CHARSET=utf8 AUTO_INCREMENT=6 ;

--
-- Dumping data for table `vtiger_currency_decimal_separator`
--

INSERT INTO `vtiger_currency_decimal_separator` (`currency_decimal_separatorid`, `currency_decimal_separator`, `sortorderid`, `presence`) VALUES
(1, '.', 0, 1),
(2, ',', 1, 1),
(3, '''', 2, 1),
(4, ' ', 3, 1),
(5, '$', 4, 1);

-- --------------------------------------------------------

--
-- Table structure for table `vtiger_currency_decimal_separator_seq`
--

CREATE TABLE IF NOT EXISTS `vtiger_currency_decimal_separator_seq` (
  `id` int(11) NOT NULL
) ENGINE=InnoDB DEFAULT CHARSET=utf8;

--
-- Dumping data for table `vtiger_currency_decimal_separator_seq`
--

INSERT INTO `vtiger_currency_decimal_separator_seq` (`id`) VALUES
(5);

-- --------------------------------------------------------

--
-- Table structure for table `vtiger_currency_grouping_pattern`
--

CREATE TABLE IF NOT EXISTS `vtiger_currency_grouping_pattern` (
  `currency_grouping_patternid` int(19) NOT NULL AUTO_INCREMENT,
  `currency_grouping_pattern` varchar(200) NOT NULL,
  `sortorderid` int(19) NOT NULL DEFAULT '0',
  `presence` int(1) NOT NULL DEFAULT '1',
  PRIMARY KEY (`currency_grouping_patternid`)
) ENGINE=InnoDB  DEFAULT CHARSET=utf8 AUTO_INCREMENT=5 ;

--
-- Dumping data for table `vtiger_currency_grouping_pattern`
--

INSERT INTO `vtiger_currency_grouping_pattern` (`currency_grouping_patternid`, `currency_grouping_pattern`, `sortorderid`, `presence`) VALUES
(1, '123,456,789', 0, 1),
(2, '123456789', 1, 1),
(3, '123456,789', 2, 1),
(4, '12,34,56,789', 3, 1);

-- --------------------------------------------------------

--
-- Table structure for table `vtiger_currency_grouping_pattern_seq`
--

CREATE TABLE IF NOT EXISTS `vtiger_currency_grouping_pattern_seq` (
  `id` int(11) NOT NULL
) ENGINE=InnoDB DEFAULT CHARSET=utf8;

--
-- Dumping data for table `vtiger_currency_grouping_pattern_seq`
--

INSERT INTO `vtiger_currency_grouping_pattern_seq` (`id`) VALUES
(4);

-- --------------------------------------------------------

--
-- Table structure for table `vtiger_currency_grouping_separator`
--

CREATE TABLE IF NOT EXISTS `vtiger_currency_grouping_separator` (
  `currency_grouping_separatorid` int(19) NOT NULL AUTO_INCREMENT,
  `currency_grouping_separator` varchar(2) NOT NULL,
  `sortorderid` int(19) NOT NULL DEFAULT '0',
  `presence` int(1) NOT NULL DEFAULT '1',
  PRIMARY KEY (`currency_grouping_separatorid`)
) ENGINE=InnoDB  DEFAULT CHARSET=utf8 AUTO_INCREMENT=6 ;

--
-- Dumping data for table `vtiger_currency_grouping_separator`
--

INSERT INTO `vtiger_currency_grouping_separator` (`currency_grouping_separatorid`, `currency_grouping_separator`, `sortorderid`, `presence`) VALUES
(1, '.', 2, 1),
(2, ',', 3, 1),
(3, '''', 4, 1),
(4, ' ', 1, 1),
(5, '$', 5, 1);

-- --------------------------------------------------------

--
-- Table structure for table `vtiger_currency_grouping_separator_seq`
--

CREATE TABLE IF NOT EXISTS `vtiger_currency_grouping_separator_seq` (
  `id` int(11) NOT NULL
) ENGINE=InnoDB DEFAULT CHARSET=utf8;

--
-- Dumping data for table `vtiger_currency_grouping_separator_seq`
--

INSERT INTO `vtiger_currency_grouping_separator_seq` (`id`) VALUES
(5);

-- --------------------------------------------------------

--
-- Table structure for table `vtiger_currency_info`
--

CREATE TABLE IF NOT EXISTS `vtiger_currency_info` (
  `id` int(11) NOT NULL AUTO_INCREMENT,
  `currency_name` varchar(100) DEFAULT NULL,
  `currency_code` varchar(100) DEFAULT NULL,
  `currency_symbol` varchar(30) DEFAULT NULL,
  `conversion_rate` decimal(12,5) DEFAULT NULL,
  `currency_status` varchar(25) DEFAULT NULL,
  `defaultid` varchar(10) NOT NULL DEFAULT '0',
  `deleted` int(1) NOT NULL DEFAULT '0',
  PRIMARY KEY (`id`)
) ENGINE=InnoDB  DEFAULT CHARSET=utf8 AUTO_INCREMENT=2 ;

--
-- Dumping data for table `vtiger_currency_info`
--

INSERT INTO `vtiger_currency_info` (`id`, `currency_name`, `currency_code`, `currency_symbol`, `conversion_rate`, `currency_status`, `defaultid`, `deleted`) VALUES
(1, 'Euro', 'EUR', '€', 1.00000, 'Active', '-11', 0);

-- --------------------------------------------------------

--
-- Table structure for table `vtiger_currency_info_seq`
--

CREATE TABLE IF NOT EXISTS `vtiger_currency_info_seq` (
  `id` int(11) NOT NULL
) ENGINE=InnoDB DEFAULT CHARSET=utf8;

--
-- Dumping data for table `vtiger_currency_info_seq`
--

INSERT INTO `vtiger_currency_info_seq` (`id`) VALUES
(1);

-- --------------------------------------------------------

--
-- Table structure for table `vtiger_currency_symbol_placement`
--

CREATE TABLE IF NOT EXISTS `vtiger_currency_symbol_placement` (
  `currency_symbol_placementid` int(19) NOT NULL AUTO_INCREMENT,
  `currency_symbol_placement` varchar(30) NOT NULL,
  `sortorderid` int(19) NOT NULL DEFAULT '0',
  `presence` int(1) NOT NULL DEFAULT '1',
  PRIMARY KEY (`currency_symbol_placementid`)
) ENGINE=InnoDB  DEFAULT CHARSET=utf8 AUTO_INCREMENT=3 ;

--
-- Dumping data for table `vtiger_currency_symbol_placement`
--

INSERT INTO `vtiger_currency_symbol_placement` (`currency_symbol_placementid`, `currency_symbol_placement`, `sortorderid`, `presence`) VALUES
(1, '$1.0', 0, 1),
(2, '1.0$', 1, 1);

-- --------------------------------------------------------

--
-- Table structure for table `vtiger_currency_symbol_placement_seq`
--

CREATE TABLE IF NOT EXISTS `vtiger_currency_symbol_placement_seq` (
  `id` int(11) NOT NULL
) ENGINE=InnoDB DEFAULT CHARSET=utf8;

--
-- Dumping data for table `vtiger_currency_symbol_placement_seq`
--

INSERT INTO `vtiger_currency_symbol_placement_seq` (`id`) VALUES
(2);

-- --------------------------------------------------------

--
-- Table structure for table `vtiger_customaction`
--

CREATE TABLE IF NOT EXISTS `vtiger_customaction` (
  `cvid` int(19) NOT NULL,
  `subject` varchar(250) NOT NULL,
  `module` varchar(50) NOT NULL,
  `content` text,
  KEY `customaction_cvid_idx` (`cvid`)
) ENGINE=InnoDB DEFAULT CHARSET=utf8;

-- --------------------------------------------------------

--
-- Table structure for table `vtiger_customerdetails`
--

CREATE TABLE IF NOT EXISTS `vtiger_customerdetails` (
  `customerid` int(19) NOT NULL,
  `portal` varchar(3) DEFAULT NULL,
  `support_start_date` date DEFAULT NULL,
  `support_end_date` date DEFAULT NULL,
  PRIMARY KEY (`customerid`)
) ENGINE=InnoDB DEFAULT CHARSET=utf8;

-- --------------------------------------------------------

--
-- Table structure for table `vtiger_customerportal_fields`
--

CREATE TABLE IF NOT EXISTS `vtiger_customerportal_fields` (
  `tabid` int(19) NOT NULL,
  `fieldid` int(19) DEFAULT NULL,
  `visible` int(1) DEFAULT NULL
) ENGINE=InnoDB DEFAULT CHARSET=utf8;

-- --------------------------------------------------------

--
-- Table structure for table `vtiger_customerportal_prefs`
--

CREATE TABLE IF NOT EXISTS `vtiger_customerportal_prefs` (
  `tabid` int(19) NOT NULL,
  `prefkey` varchar(100) NOT NULL,
  `prefvalue` int(20) DEFAULT NULL,
  PRIMARY KEY (`tabid`,`prefkey`)
) ENGINE=InnoDB DEFAULT CHARSET=utf8;

--
-- Dumping data for table `vtiger_customerportal_prefs`
--

INSERT INTO `vtiger_customerportal_prefs` (`tabid`, `prefkey`, `prefvalue`) VALUES
(0, 'defaultassignee', 1),
(0, 'userid', 1),
(4, 'showrelatedinfo', 1),
(6, 'showrelatedinfo', 1),
(8, 'showrelatedinfo', 1),
(13, 'showrelatedinfo', 1),
(14, 'showrelatedinfo', 1),
(15, 'showrelatedinfo', 1),
(20, 'showrelatedinfo', 1),
(22, 'showrelatedinfo', 1),
(23, 'showrelatedinfo', 1),
(35, 'showrelatedinfo', 1),
(37, 'showrelatedinfo', 1),
(41, 'showrelatedinfo', 1),
(42, 'showrelatedinfo', 1),
(43, 'showrelatedinfo', 1);

-- --------------------------------------------------------

--
-- Table structure for table `vtiger_customerportal_tabs`
--

CREATE TABLE IF NOT EXISTS `vtiger_customerportal_tabs` (
  `tabid` int(19) NOT NULL,
  `visible` int(1) DEFAULT '1',
  `sequence` int(1) DEFAULT NULL,
  PRIMARY KEY (`tabid`)
) ENGINE=InnoDB DEFAULT CHARSET=utf8;

--
-- Dumping data for table `vtiger_customerportal_tabs`
--

INSERT INTO `vtiger_customerportal_tabs` (`tabid`, `visible`, `sequence`) VALUES
(4, 1, 8),
(6, 1, 9),
(8, 1, 10),
(13, 1, 1),
(14, 1, 13),
(15, 1, 11),
(20, 1, 2),
(22, 1, 3),
(23, 1, 4),
(35, 1, 12),
(37, 1, 14),
(41, 1, 7),
(42, 1, 6),
(43, 1, 5);

-- --------------------------------------------------------

--
-- Table structure for table `vtiger_customview`
--

CREATE TABLE IF NOT EXISTS `vtiger_customview` (
  `cvid` int(19) NOT NULL,
  `viewname` varchar(100) NOT NULL,
  `setdefault` int(1) DEFAULT '0',
  `setmetrics` int(1) DEFAULT '0',
  `entitytype` varchar(25) NOT NULL,
  `status` int(1) DEFAULT '1',
  `userid` int(19) DEFAULT '1',
  `privileges` tinyint(2) DEFAULT '1',
  PRIMARY KEY (`cvid`),
  KEY `customview_entitytype_idx` (`entitytype`)
) ENGINE=InnoDB DEFAULT CHARSET=utf8;

--
-- Dumping data for table `vtiger_customview`
--

INSERT INTO `vtiger_customview` (`cvid`, `viewname`, `setdefault`, `setmetrics`, `entitytype`, `status`, `userid`, `privileges`) VALUES
(1, 'All', 1, 0, 'Leads', 0, 1, 0),
(4, 'All', 1, 0, 'Accounts', 0, 1, 0),
(7, 'All', 1, 0, 'Contacts', 0, 1, 0),
(10, 'All', 1, 0, 'Potentials', 0, 1, 0),
(13, 'All', 1, 0, 'HelpDesk', 0, 1, 0),
(16, 'All', 1, 0, 'Quotes', 0, 1, 0),
(19, 'All', 1, 0, 'Calendar', 0, 1, 0),
(20, 'All', 1, 0, 'Emails', 0, 1, 0),
(21, 'All', 1, 0, 'Invoice', 0, 1, 0),
(22, 'All', 1, 0, 'Documents', 0, 1, 0),
(23, 'All', 1, 0, 'PriceBooks', 0, 1, 0),
(24, 'All', 1, 0, 'Products', 0, 1, 0),
(25, 'All', 1, 0, 'PurchaseOrder', 0, 1, 0),
(26, 'All', 1, 0, 'SalesOrder', 0, 1, 0),
(27, 'All', 1, 0, 'Vendors', 0, 1, 0),
(28, 'All', 1, 0, 'Faq', 0, 1, 0),
(29, 'All', 1, 0, 'Campaigns', 0, 1, 0),
(39, 'All', 1, 0, 'ServiceContracts', 0, 1, 0),
(40, 'All', 1, 0, 'Services', 0, 1, 0),
(41, 'All', 1, 0, 'Assets', 0, 1, 0),
(42, 'All', 0, 0, 'ModComments', 0, 1, 0),
(43, 'All', 1, 0, 'ProjectMilestone', 0, 1, 0),
(44, 'All', 1, 0, 'ProjectTask', 0, 1, 0),
(45, 'All', 1, 0, 'Project', 0, 1, 0),
(46, 'All', 0, 0, 'SMSNotifier', 0, 1, 0),
(47, 'All', 1, 0, 'OSSPdf', 0, 1, 0),
(48, 'All', 1, 0, 'OSSMailTemplates', 0, 1, 0),
(49, 'All', 1, 0, 'OSSTimeControl', 0, 1, 0),
(50, 'All', 1, 0, 'OSSMailView', 0, 1, 0),
(52, 'All', 1, 0, 'OSSOutsourcedServices', 0, 1, 0),
(53, 'All', 1, 0, 'OSSSoldServices', 0, 1, 0),
(54, 'All', 1, 0, 'OutsourcedProducts', 0, 1, 0),
(55, 'All', 1, 0, 'OSSPasswords', 0, 1, 0),
(56, 'All', 1, 0, 'OSSEmployees', 0, 1, 0),
(57, 'All', 1, 0, 'PBXManager', 0, 1, 0),
(66, 'All', 1, 0, 'Calculations', 0, 1, 0),
(67, 'All', 1, 0, 'OSSCosts', 0, 1, 0);

-- --------------------------------------------------------

--
-- Table structure for table `vtiger_customview_seq`
--

CREATE TABLE IF NOT EXISTS `vtiger_customview_seq` (
  `id` int(11) NOT NULL
) ENGINE=InnoDB DEFAULT CHARSET=utf8;

--
-- Dumping data for table `vtiger_customview_seq`
--

INSERT INTO `vtiger_customview_seq` (`id`) VALUES
(67);

-- --------------------------------------------------------

--
-- Table structure for table `vtiger_cvadvfilter`
--

CREATE TABLE IF NOT EXISTS `vtiger_cvadvfilter` (
  `cvid` int(19) NOT NULL,
  `columnindex` int(11) NOT NULL,
  `columnname` varchar(250) DEFAULT '',
  `comparator` varchar(20) DEFAULT NULL,
  `value` varchar(512) DEFAULT NULL,
  `groupid` int(11) DEFAULT '1',
  `column_condition` varchar(255) DEFAULT 'and',
  PRIMARY KEY (`cvid`,`columnindex`),
  KEY `cvadvfilter_cvid_idx` (`cvid`)
) ENGINE=InnoDB DEFAULT CHARSET=utf8;

-- --------------------------------------------------------

--
-- Table structure for table `vtiger_cvadvfilter_grouping`
--

CREATE TABLE IF NOT EXISTS `vtiger_cvadvfilter_grouping` (
  `groupid` int(11) NOT NULL,
  `cvid` int(19) NOT NULL,
  `group_condition` varchar(255) DEFAULT NULL,
  `condition_expression` text,
  PRIMARY KEY (`groupid`,`cvid`)
) ENGINE=InnoDB DEFAULT CHARSET=utf8;

-- --------------------------------------------------------

--
-- Table structure for table `vtiger_cvcolumnlist`
--

CREATE TABLE IF NOT EXISTS `vtiger_cvcolumnlist` (
  `cvid` int(19) NOT NULL,
  `columnindex` int(11) NOT NULL,
  `columnname` varchar(250) DEFAULT '',
  PRIMARY KEY (`cvid`,`columnindex`),
  KEY `cvcolumnlist_columnindex_idx` (`columnindex`),
  KEY `cvcolumnlist_cvid_idx` (`cvid`)
) ENGINE=InnoDB DEFAULT CHARSET=utf8;

--
-- Dumping data for table `vtiger_cvcolumnlist`
--

INSERT INTO `vtiger_cvcolumnlist` (`cvid`, `columnindex`, `columnname`) VALUES
(1, 1, 'vtiger_leaddetails:firstname:firstname:Leads_First_Name:V'),
(1, 2, 'vtiger_leaddetails:lastname:lastname:Leads_Last_Name:V'),
(1, 3, 'vtiger_leaddetails:company:company:Leads_Company:V'),
(1, 4, 'vtiger_leadaddress:phone:phone:Leads_Phone:V'),
(1, 5, 'vtiger_leadsubdetails:website:website:Leads_Website:V'),
(1, 6, 'vtiger_leaddetails:email:email:Leads_Email:E'),
(1, 7, 'vtiger_crmentity:smownerid:assigned_user_id:Leads_Assigned_To:V'),
(4, 1, 'vtiger_account:accountname:accountname:Accounts_Account_Name:V'),
(4, 2, 'vtiger_accountbillads:bill_city:bill_city:Accounts_City:V'),
(4, 3, 'vtiger_account:website:website:Accounts_Website:V'),
(4, 4, 'vtiger_account:phone:phone:Accounts_Phone:V'),
(4, 5, 'vtiger_crmentity:smownerid:assigned_user_id:Accounts_Assigned_To:V'),
(7, 1, 'vtiger_contactdetails:firstname:firstname:Contacts_First_Name:V'),
(7, 2, 'vtiger_contactdetails:lastname:lastname:Contacts_Last_Name:V'),
(7, 4, 'vtiger_contactdetails:parentid:parent_id:Contacts_Member_Of:I'),
(7, 5, 'vtiger_contactdetails:email:email:Contacts_Email:E'),
(7, 6, 'vtiger_contactdetails:phone:phone:Contacts_Office_Phone:V'),
(7, 7, 'vtiger_crmentity:smownerid:assigned_user_id:Contacts_Assigned_To:V'),
(10, 0, 'vtiger_potential:potentialname:potentialname:Potentials_Potential_Name:V'),
(10, 1, 'vtiger_potential:related_to:related_to:Potentials_Related_To:V'),
(10, 3, 'vtiger_potential:closingdate:closingdate:Potentials_Expected_Close_Date:D'),
(10, 4, 'vtiger_potential:leadsource:leadsource:Potentials_Lead_Source:V'),
(10, 5, 'vtiger_crmentity:smownerid:assigned_user_id:Potentials_Assigned_To:V'),
(10, 6, 'vtiger_potential:sales_stage:sales_stage:Potentials_Sales_Stage:V'),
(10, 7, 'vtiger_potential:contact_id:contact_id:Potentials_Contact_Name:V'),
(10, 8, 'vtiger_potential:potentialtype:opportunity_type:Potentials_Type:V'),
(13, 1, 'vtiger_troubletickets:title:ticket_title:HelpDesk_Title:V'),
(13, 2, 'vtiger_troubletickets:parent_id:parent_id:HelpDesk_Related_To:I'),
(13, 3, 'vtiger_troubletickets:status:ticketstatus:HelpDesk_Status:V'),
(13, 4, 'vtiger_troubletickets:priority:ticketpriorities:HelpDesk_Priority:V'),
(13, 5, 'vtiger_crmentity:smownerid:assigned_user_id:HelpDesk_Assigned_To:V'),
(13, 6, 'vtiger_troubletickets:contact_id:contact_id:HelpDesk_Contact_Name:V'),
(16, 1, 'vtiger_quotes:subject:subject:Quotes_Subject:V'),
(16, 2, 'vtiger_quotes:quotestage:quotestage:Quotes_Quote_Stage:V'),
(16, 3, 'vtiger_quotes:potentialid:potential_id:Quotes_Potential_Name:I'),
(16, 4, 'vtiger_quotes:accountid:account_id:Quotes_Account_Name:I'),
(16, 5, 'vtiger_quotes:total:hdnGrandTotal:Quotes_Total:I'),
(16, 6, 'vtiger_crmentity:smownerid:assigned_user_id:Quotes_Assigned_To:V'),
(19, 0, 'vtiger_activity:status:taskstatus:Calendar_Status:V'),
(19, 1, 'vtiger_activity:activitytype:activitytype:Calendar_Type:V'),
(19, 2, 'vtiger_activity:subject:subject:Calendar_Subject:V'),
(19, 3, 'vtiger_seactivityrel:crmid:parent_id:Calendar_Related_to:V'),
(19, 4, 'vtiger_activity:date_start:date_start:Calendar_Start_Date:D'),
(19, 5, 'vtiger_activity:due_date:due_date:Calendar_End_Date:D'),
(19, 6, 'vtiger_crmentity:smownerid:assigned_user_id:Calendar_Assigned_To:V'),
(20, 0, 'vtiger_activity:subject:subject:Emails_Subject:V'),
(20, 1, 'vtiger_emaildetails:to_email:saved_toid:Emails_To:V'),
(20, 2, 'vtiger_activity:date_start:date_start:Emails_Date_Sent:D'),
(21, 1, 'vtiger_invoice:subject:subject:Invoice_Subject:V'),
(21, 2, 'vtiger_invoice:salesorderid:salesorder_id:Invoice_Sales_Order:I'),
(21, 3, 'vtiger_invoice:invoicestatus:invoicestatus:Invoice_Status:V'),
(21, 4, 'vtiger_invoice:total:hdnGrandTotal:Invoice_Total:I'),
(21, 5, 'vtiger_crmentity:smownerid:assigned_user_id:Invoice_Assigned_To:V'),
(22, 1, 'vtiger_notes:title:notes_title:Notes_Title:V'),
(22, 2, 'vtiger_notes:filename:filename:Notes_File:V'),
(22, 3, 'vtiger_crmentity:modifiedtime:modifiedtime:Notes_Modified_Time:DT'),
(22, 4, 'vtiger_crmentity:smownerid:assigned_user_id:Notes_Assigned_To:V'),
(23, 1, 'vtiger_pricebook:bookname:bookname:PriceBooks_Price_Book_Name:V'),
(23, 2, 'vtiger_pricebook:active:active:PriceBooks_Active:V'),
(23, 3, 'vtiger_pricebook:currency_id:currency_id:PriceBooks_Currency:I'),
(24, 0, 'vtiger_products:productname:productname:Products_Product_Name:V'),
(24, 1, 'vtiger_products:pscategory:pscategory:Products_Product_Category:V'),
(24, 2, 'vtiger_products:pssubcategory:pssubcategory:Products_Sub_Category:V'),
(24, 3, 'vtiger_products:unit_price:unit_price:Products_Unit_Price:N'),
(24, 4, 'vtiger_products:qtyinstock:qtyinstock:Products_Qty_In_Stock:NN'),
(24, 5, 'vtiger_products:discontinued:discontinued:Products_Product_Active:C'),
(24, 6, 'vtiger_products:sales_start_date:sales_start_date:Products_Sales_Start_Date:D'),
(25, 1, 'vtiger_purchaseorder:subject:subject:PurchaseOrder_Subject:V'),
(25, 2, 'vtiger_purchaseorder:vendorid:vendor_id:PurchaseOrder_Vendor_Name:I'),
(25, 3, 'vtiger_purchaseorder:tracking_no:tracking_no:PurchaseOrder_Tracking_Number:V'),
(25, 4, 'vtiger_purchaseorder:total:hdnGrandTotal:PurchaseOrder_Total:V'),
(25, 5, 'vtiger_crmentity:smownerid:assigned_user_id:PurchaseOrder_Assigned_To:V'),
(26, 1, 'vtiger_salesorder:subject:subject:SalesOrder_Subject:V'),
(26, 2, 'vtiger_salesorder:accountid:account_id:SalesOrder_Account_Name:I'),
(26, 3, 'vtiger_salesorder:quoteid:quote_id:SalesOrder_Quote_Name:I'),
(26, 4, 'vtiger_salesorder:total:hdnGrandTotal:SalesOrder_Total:V'),
(26, 5, 'vtiger_crmentity:smownerid:assigned_user_id:SalesOrder_Assigned_To:V'),
(27, 1, 'vtiger_vendor:vendorname:vendorname:Vendors_Vendor_Name:V'),
(27, 2, 'vtiger_vendor:phone:phone:Vendors_Phone:V'),
(27, 3, 'vtiger_vendor:email:email:Vendors_Email:E'),
(27, 4, 'vtiger_vendor:category:category:Vendors_Category:V'),
(27, 5, 'vtiger_crmentity:smownerid:assigned_user_id:Vendors_Assigned_To:V'),
(28, 1, 'vtiger_faq:question:question:Faq_Question:V'),
(28, 2, 'vtiger_faq:category:faqcategories:Faq_Category:V'),
(28, 3, 'vtiger_faq:product_id:product_id:Faq_Product_Name:I'),
(28, 4, 'vtiger_crmentity:createdtime:createdtime:Faq_Created_Time:DT'),
(28, 5, 'vtiger_crmentity:modifiedtime:modifiedtime:Faq_Modified_Time:DT'),
(29, 1, 'vtiger_campaign:campaignname:campaignname:Campaigns_Campaign_Name:V'),
(29, 2, 'vtiger_campaign:campaigntype:campaigntype:Campaigns_Campaign_Type:N'),
(29, 3, 'vtiger_campaign:campaignstatus:campaignstatus:Campaigns_Campaign_Status:N'),
(29, 4, 'vtiger_campaign:expectedrevenue:expectedrevenue:Campaigns_Expected_Revenue:V'),
(29, 5, 'vtiger_campaign:closingdate:closingdate:Campaigns_Expected_Close_Date:D'),
(29, 6, 'vtiger_crmentity:smownerid:assigned_user_id:Campaigns_Assigned_To:V'),
(39, 1, 'vtiger_servicecontracts:subject:subject:ServiceContracts_Subject:V'),
(39, 2, 'vtiger_servicecontracts:sc_related_to:sc_related_to:ServiceContracts_Related_to:V'),
(39, 3, 'vtiger_crmentity:smownerid:assigned_user_id:ServiceContracts_Assigned_To:V'),
(39, 4, 'vtiger_servicecontracts:start_date:start_date:ServiceContracts_Start_Date:D'),
(39, 5, 'vtiger_servicecontracts:due_date:due_date:ServiceContracts_Due_date:D'),
(39, 7, 'vtiger_servicecontracts:progress:progress:ServiceContracts_Progress:N'),
(39, 8, 'vtiger_servicecontracts:contract_status:contract_status:ServiceContracts_Status:V'),
(40, 0, 'vtiger_service:servicename:servicename:Services_Service_Name:V'),
(40, 1, 'vtiger_service:unit_price:unit_price:Services_Price:N'),
(40, 2, 'vtiger_service:sales_start_date:sales_start_date:Services_Sales_Start_Date:D'),
(40, 3, 'vtiger_service:sales_end_date:sales_end_date:Services_Sales_End_Date:D'),
(40, 4, 'vtiger_service:pscategory:pscategory:Services_Service_Category:V'),
(40, 5, 'vtiger_service:pssubcategory:pssubcategory:Services_Sub_Category:V'),
(40, 6, 'vtiger_service:discontinued:discontinued:Services_Service_Active:V'),
(41, 0, 'vtiger_assets:assetname:assetname:Assets_Asset_Name:V'),
(41, 1, 'vtiger_assets:product:product:Assets_Product_Name:V'),
(41, 2, 'vtiger_assets:parent_id:parent_id:Assets_Parent_ID:V'),
(41, 3, 'vtiger_assets:dateinservice:dateinservice:Assets_Date_in_Service:D'),
(41, 4, 'vtiger_assets:potential:potential:Assets_Potential:V'),
(41, 5, 'vtiger_assets:potential renewal:Potential renewal:Assets_Potential_renewal:V'),
(41, 6, 'vtiger_assets:assetstatus:assetstatus:Assets_Status:V'),
(42, 0, 'vtiger_modcomments:commentcontent:commentcontent:ModComments_Comment:V'),
(42, 1, 'vtiger_modcomments:related_to:related_to:ModComments_Related_To:V'),
(42, 2, 'vtiger_crmentity:modifiedtime:modifiedtime:ModComments_Modified_Time:DT'),
(42, 3, 'vtiger_crmentity:smownerid:assigned_user_id:ModComments_Assigned_To:V'),
(43, 0, 'vtiger_projectmilestone:projectmilestonename:projectmilestonename:ProjectMilestone_Project_Milestone_Name:V'),
(43, 1, 'vtiger_projectmilestone:projectmilestonedate:projectmilestonedate:ProjectMilestone_Milestone_Date:D'),
(43, 3, 'vtiger_crmentity:description:description:ProjectMilestone_description:V'),
(43, 4, 'vtiger_crmentity:createdtime:createdtime:ProjectMilestone_Created_Time:T'),
(43, 5, 'vtiger_crmentity:modifiedtime:modifiedtime:ProjectMilestone_Modified_Time:T'),
(44, 2, 'vtiger_projecttask:projecttaskname:projecttaskname:ProjectTask_Project_Task_Name:V'),
(44, 3, 'vtiger_projecttask:projectid:projectid:ProjectTask_Related_to:V'),
(44, 4, 'vtiger_projecttask:projecttaskpriority:projecttaskpriority:ProjectTask_Priority:V'),
(44, 5, 'vtiger_projecttask:projecttaskprogress:projecttaskprogress:ProjectTask_Progress:V'),
(44, 6, 'vtiger_projecttask:startdate:startdate:ProjectTask_Start_Date:D'),
(44, 7, 'vtiger_projecttask:enddate:enddate:ProjectTask_End_Date:D'),
(44, 8, 'vtiger_crmentity:smownerid:assigned_user_id:ProjectTask_Assigned_To:V'),
(45, 0, 'vtiger_project:projectname:projectname:Project_Project_Name:V'),
(45, 1, 'vtiger_project:linktoaccountscontacts:linktoaccountscontacts:Project_Related_to:V'),
(45, 2, 'vtiger_project:startdate:startdate:Project_Start_Date:D'),
(45, 3, 'vtiger_project:targetenddate:targetenddate:Project_Target_End_Date:D'),
(45, 4, 'vtiger_project:actualenddate:actualenddate:Project_Actual_End_Date:D'),
(45, 5, 'vtiger_project:targetbudget:targetbudget:Project_Target_Budget:V'),
(45, 6, 'vtiger_project:progress:progress:Project_Progress:V'),
(45, 7, 'vtiger_project:projectstatus:projectstatus:Project_Status:V'),
(45, 8, 'vtiger_crmentity:smownerid:assigned_user_id:Project_Assigned_To:V'),
(46, 0, 'vtiger_smsnotifier:message:message:SMSNotifier_message:V'),
(46, 2, 'vtiger_crmentity:smownerid:assigned_user_id:SMSNotifier_Assigned_To:V'),
(46, 3, 'vtiger_crmentity:createdtime:createdtime:SMSNotifier_Created_Time:DT'),
(46, 4, 'vtiger_crmentity:modifiedtime:modifiedtime:SMSNotifier_Modified_Time:DT'),
(47, 0, 'vtiger_osspdf:oss_mod_no:oss_mod_no:OSSPdf_LBL_mod_no:V'),
(47, 1, 'vtiger_osspdf:title:title:OSSPdf_LBL_mod_name:V'),
(47, 3, 'vtiger_crmentity:smownerid:assigned_user_id:OSSPdf_Assigned_To:V'),
(48, 0, 'vtiger_ossmailtemplates:name:name:OSSMailTemplates_Name:V'),
(48, 1, 'vtiger_crmentity:smownerid:assigned_user_id:OSSMailTemplates_Assigned_To:V'),
(48, 2, 'vtiger_ossmailtemplates:oss_module_list:oss_module_list:OSSMailTemplates_Module:V'),
(48, 3, 'vtiger_ossmailtemplates:subject:subject:OSSMailTemplates_Subject:V'),
(48, 4, 'vtiger_crmentity:createdtime:CreatedTime:OSSMailTemplates_Created_Time:T'),
(49, 0, 'vtiger_osstimecontrol:osstimecontrol_no:osstimecontrol_no:OSSTimeControl_No.:V'),
(49, 1, 'vtiger_osstimecontrol:name:name:OSSTimeControl_name:V'),
(49, 2, 'vtiger_osstimecontrol:date_start:date_start:OSSTimeControl_Start_Date:D'),
(49, 3, 'vtiger_osstimecontrol:time_start:time_start:OSSTimeControl_Time_Start:T'),
(49, 4, 'vtiger_osstimecontrol:due_date:due_date:OSSTimeControl_End_Date:D'),
(49, 5, 'vtiger_osstimecontrol:time_end:time_end:OSSTimeControl_End_Time:T'),
(49, 6, 'vtiger_crmentity:smownerid:assigned_user_id:OSSTimeControl_Assigned_To:V'),
(50, 0, 'vtiger_crmentity:createdtime:createdtime:OSSMailView_Created_Time:DT'),
(50, 1, 'vtiger_ossmailview:from_email:from_email:OSSMailView_From:V'),
(50, 2, 'vtiger_ossmailview:subject:subject:OSSMailView_Subject:V'),
(50, 3, 'vtiger_ossmailview:ossmailview_sendtype:ossmailview_sendtype:OSSMailView_SendType:V'),
(50, 4, 'vtiger_ossmailview:attachments_exist:attachments_exist:OSSMailView_Attachments_Exist:C'),
(50, 5, 'vtiger_crmentity:smownerid:assigned_user_id:OSSMailView_Assigned_To:V'),
(52, 0, 'vtiger_ossoutsourcedservices:productname:productname:OSSOutsourcedServices_Product_Name:V'),
(52, 1, 'vtiger_ossoutsourcedservices:osservicesstatus:osservicesstatus:OSSOutsourcedServices_LBL_osservicesstatus:V'),
(52, 2, 'vtiger_ossoutsourcedservices:pscategory:pscategory:OSSOutsourcedServices_Category:V'),
(52, 3, 'vtiger_ossoutsourcedservices:pssubcategory:pssubcategory:OSSOutsourcedServices_Sub_Category:V'),
(52, 4, 'vtiger_ossoutsourcedservices:dateinservice:dateinservice:OSSOutsourcedServices_Date_in_Service:D'),
(52, 5, 'vtiger_ossoutsourcedservices:parent_id:parent_id:OSSOutsourcedServices_Parent_ID:V'),
(52, 6, 'vtiger_ossoutsourcedservices:potential:potential:OSSOutsourcedServices_Potentials:V'),
(53, 0, 'vtiger_osssoldservices:productname:productname:OSSSoldServices_Product_Name:V'),
(53, 1, 'vtiger_osssoldservices:serviceid:serviceid:OSSSoldServices_Services:V'),
(53, 2, 'vtiger_osssoldservices:parent_id:parent_id:OSSSoldServices_Parent_ID:V'),
(53, 3, 'vtiger_osssoldservices:potential:potential:OSSSoldServices_Potential:V'),
(53, 4, 'vtiger_osssoldservices:ssservicesstatus:ssservicesstatus:OSSSoldServices_LBL_ssservicesstatus:V'),
(53, 5, 'vtiger_osssoldservices:invoiceid:invoiceid:OSSSoldServices_Invoice:V'),
(53, 6, 'vtiger_osssoldservices:dateinservice:dateinservice:OSSSoldServices_Date_in_Service:D'),
(54, 0, 'vtiger_outsourcedproducts:productname:productname:OutsourcedProducts_Product_Name:V'),
(54, 1, 'vtiger_outsourcedproducts:oproductstatus:oproductstatus:OutsourcedProducts_Status:V'),
(54, 2, 'vtiger_outsourcedproducts:pscategory:pscategory:OutsourcedProducts_Category:V'),
(54, 3, 'vtiger_outsourcedproducts:pssubcategory:pssubcategory:OutsourcedProducts_Sub_Category:V'),
(54, 4, 'vtiger_outsourcedproducts:parent_id:parent_id:OutsourcedProducts_Parent_ID:V'),
(54, 5, 'vtiger_outsourcedproducts:potential:potential:OutsourcedProducts_Potentials:V'),
(54, 6, 'vtiger_outsourcedproducts:dateinservice:dateinservice:OutsourcedProducts_Date_in_Service:D'),
(55, 0, 'vtiger_osspasswords:osspassword_no:osspassword_no:OSSPasswords_OSSPassword_No:V'),
(55, 1, 'vtiger_osspasswords:passwordname:passwordname:OSSPasswords_Key_name:V'),
(55, 2, 'vtiger_osspasswords:username:username:OSSPasswords_Username:V'),
(55, 3, 'vtiger_osspasswords:password:password:OSSPasswords_Password:V'),
(55, 4, 'vtiger_osspasswords:link_adres:link_adres:OSSPasswords_WWW_page:V'),
(55, 5, 'vtiger_crmentity:description:description:OSSPasswords_Description:V'),
(56, 1, 'vtiger_ossemployees:last_name:last_name:OSSEmployees_LBL_LASTNAME:V'),
(56, 2, 'vtiger_ossemployees:name:name:OSSEmployees_LBL_NAME:V'),
(56, 3, 'vtiger_ossemployees:employee_status:employee_status:OSSEmployees_LBL_EMPLOYEESTATUS:V'),
(56, 4, 'vtiger_ossemployees:employee_education:employee_education:OSSEmployees_LBL_EDUCATION:V'),
(56, 5, 'vtiger_crmentity:smownerid:assigned_user_id:OSSEmployees_Assigned_To:V'),
(56, 6, 'vtiger_crmentity:createdtime:createdtime:OSSEmployees_Created_Time:V'),
(56, 7, 'vtiger_crmentity:modifiedtime:modifiedtime:OSSEmployees_Modified_Time:V'),
(57, 0, 'vtiger_pbxmanager:callstatus:callstatus:PBXManager_Call_Status:V'),
(57, 1, 'vtiger_pbxmanager:customernumber:customernumber:PBXManager_Customer_Number:V'),
(57, 2, 'vtiger_pbxmanager:customer:customer:PBXManager_Customer:V'),
(57, 3, 'vtiger_pbxmanager:user:user:PBXManager_User:V'),
(57, 4, 'vtiger_pbxmanager:recordingurl:recordingurl:PBXManager_Recording_URL:V'),
(57, 5, 'vtiger_pbxmanager:totalduration:totalduration:PBXManager_Total_Duration:V'),
(57, 6, 'vtiger_pbxmanager:starttime:starttime:PBXManager_Start_Time:DT'),
(66, 0, 'vtiger_calculations:calculations_no:calculations_no:Calculations_Number:V'),
(66, 1, 'vtiger_calculations:name:name:Calculations_Title:V'),
(66, 2, 'vtiger_crmentity:smownerid:assigned_user_id:Calculations_Assigned_To:V'),
(66, 3, 'vtiger_calculations:relatedid:relatedid:Calculations_Related_to:V'),
(66, 4, 'vtiger_calculations:total:hdnGrandTotal:Calculations_Total:N'),
(66, 5, 'vtiger_calculations:calculationsstatus:calculationsstatus:Calculations_CalculationStatus:V'),
(66, 6, 'vtiger_calculations:parentid:parentid:Calculations_Parent_ID:V'),
(67, 0, 'vtiger_osscosts:osscosts_no:osscosts_no:OSSCosts_Costs_no:V'),
(67, 1, 'vtiger_osscosts:name:name:OSSCosts_Title:V'),
(67, 2, 'vtiger_osscosts:potentialid:potentialid:OSSCosts_Potential:V'),
(67, 3, 'vtiger_osscosts:projectid:projectid:OSSCosts_Project:V'),
(67, 4, 'vtiger_osscosts:ticketid:ticketid:OSSCosts_HelpDesk:V'),
(67, 5, 'vtiger_crmentity:smownerid:assigned_user_id:OSSCosts_Assigned_To:V');

-- --------------------------------------------------------

--
-- Table structure for table `vtiger_cvstdfilter`
--

CREATE TABLE IF NOT EXISTS `vtiger_cvstdfilter` (
  `cvid` int(19) NOT NULL,
  `columnname` varchar(250) DEFAULT '',
  `stdfilter` varchar(250) DEFAULT '',
  `startdate` date DEFAULT NULL,
  `enddate` date DEFAULT NULL,
  PRIMARY KEY (`cvid`),
  KEY `cvstdfilter_cvid_idx` (`cvid`)
) ENGINE=InnoDB DEFAULT CHARSET=utf8;

-- --------------------------------------------------------

--
-- Table structure for table `vtiger_dataaccess`
--

CREATE TABLE IF NOT EXISTS `vtiger_dataaccess` (
  `dataaccessid` int(19) NOT NULL AUTO_INCREMENT,
  `module_name` varchar(255) DEFAULT NULL,
  `summary` varchar(255) NOT NULL,
  `data` text,
  PRIMARY KEY (`dataaccessid`),
  KEY `dataaccesid` (`dataaccessid`)
) ENGINE=InnoDB  DEFAULT CHARSET=utf8 AUTO_INCREMENT=11 ;

--
-- Dumping data for table `vtiger_dataaccess`
--

INSERT INTO `vtiger_dataaccess` (`dataaccessid`, `module_name`, `summary`, `data`) VALUES
(1, 'HelpDesk', 'Adding time period to status change', 'a:1:{i:0;a:3:{s:2:"an";s:25:"Vtiger!!show_quick_create";s:7:"modules";s:14:"OSSTimeControl";s:2:"cf";b:1;}}'),
(2, 'Calendar', 'Adding time period to status change', 'a:1:{i:0;a:3:{s:2:"an";s:25:"Vtiger!!show_quick_create";s:7:"modules";s:14:"OSSTimeControl";s:2:"cf";b:1;}}'),
(3, 'ProjectTask', 'Adding time period to status change', 'a:1:{i:0;a:3:{s:2:"an";s:25:"Vtiger!!show_quick_create";s:7:"modules";s:14:"OSSTimeControl";s:2:"cf";b:1;}}'),
(4, 'Potentials', 'Check if there are any tasks that are not closed', 'a:1:{i:0;a:4:{s:2:"an";s:21:"Vtiger!!check_alltask";s:6:"status";a:5:{i:0;s:11:"Not Started";i:1;s:11:"In Progress";i:2;s:13:"Pending Input";i:3;s:8:"Deferred";i:4;s:7:"Planned";}s:7:"message";s:67:"There are unsolved tasks, complete them to be able to change status";s:2:"cf";b:1;}}'),
(5, 'ProjectTask', 'Date vatidation', 'a:1:{i:0;a:2:{s:2:"cf";b:0;s:2:"an";s:22:"Vtiger!!check_taskdate";}}'),
(6, 'ProjectTask', 'Check parent task', 'a:1:{i:0;a:3:{s:2:"an";s:24:"Vtiger!!check_taskstatus";s:6:"status";a:2:{i:0;s:4:"Open";i:1;s:11:"In Progress";}s:2:"cf";b:1;}}'),
(7, 'Leads', 'Check if there are any tasks that are not closed', 'a:1:{i:0;a:4:{s:2:"an";s:21:"Vtiger!!check_alltask";s:6:"status";a:5:{i:0;s:11:"Not Started";i:1;s:11:"In Progress";i:2;s:13:"Pending Input";i:3;s:8:"Deferred";i:4;s:7:"Planned";}s:7:"message";s:67:"There are unsolved tasks, complete them to be able to change status";s:2:"cf";b:1;}}'),
(8, 'Accounts', 'Check for duplicate names', 'a:1:{i:0;a:8:{s:2:"an";s:20:"Vtiger!!unique_value";s:5:"what1";s:11:"accountname";s:6:"where1";a:2:{i:0;s:28:"vtiger_account=accountname=6";i:1;s:28:"vtiger_leaddetails=company=7";}s:5:"info0";s:24:"This name already exists";s:5:"info1";s:24:"This name already exists";s:5:"info2";s:0:"";s:8:"locksave";s:1:"1";s:2:"cf";b:1;}}'),
(9, 'All', 'Checking whether all mandatory fields in quick edit are filled in', 'a:1:{i:0;a:2:{s:2:"cf";b:0;s:2:"an";s:26:"Vtiger!!validate_mandatory";}}'),
(10, 'HelpDesk', 'Lock edit on the status', 'a:1:{i:0;a:2:{s:2:"cf";b:0;s:2:"an";s:21:"Vtiger!!blockEditView";}}');

-- --------------------------------------------------------

--
-- Table structure for table `vtiger_dataaccess_cnd`
--

CREATE TABLE IF NOT EXISTS `vtiger_dataaccess_cnd` (
  `dataaccess_cndid` int(19) NOT NULL AUTO_INCREMENT,
  `dataaccessid` int(19) NOT NULL,
  `fieldname` varchar(255) NOT NULL,
  `comparator` varchar(255) NOT NULL,
  `val` varchar(255) DEFAULT NULL,
  `required` tinyint(19) NOT NULL,
  `field_type` varchar(100) NOT NULL,
  PRIMARY KEY (`dataaccess_cndid`)
) ENGINE=InnoDB  DEFAULT CHARSET=utf8 AUTO_INCREMENT=52 ;

--
-- Dumping data for table `vtiger_dataaccess_cnd`
--

INSERT INTO `vtiger_dataaccess_cnd` (`dataaccess_cndid`, `dataaccessid`, `fieldname`, `comparator`, `val`, `required`, `field_type`) VALUES
(37, 1, 'ticketstatus', 'has changed', 'Open', 1, 'picklist'),
(38, 2, 'taskstatus', 'has changed', 'Not Started', 1, 'picklist'),
(39, 3, 'projecttaskstatus', 'has changed', 'Open', 1, 'picklist'),
(42, 5, 'projectmilestoneid', 'is not empty', '', 1, 'reference'),
(46, 7, 'leadstatus', 'is', 'LBL_LEAD_ACQUIRED', 1, 'picklist'),
(47, 4, 'sales_stage', 'is', 'Closed Lost', 0, 'picklist'),
(48, 4, 'sales_stage', 'is', 'Closed Won', 0, 'picklist'),
(49, 8, 'accountname', 'is not empty', '', 1, 'string'),
(50, 10, 'ticketstatus', 'is', 'Rejected', 0, 'picklist'),
(51, 10, 'ticketstatus', 'is', 'Closed', 0, 'picklist');

-- --------------------------------------------------------

--
-- Table structure for table `vtiger_datashare_grp2grp`
--

CREATE TABLE IF NOT EXISTS `vtiger_datashare_grp2grp` (
  `shareid` int(19) NOT NULL,
  `share_groupid` int(19) DEFAULT NULL,
  `to_groupid` int(19) DEFAULT NULL,
  `permission` int(19) DEFAULT NULL,
  PRIMARY KEY (`shareid`),
  KEY `datashare_grp2grp_share_groupid_idx` (`share_groupid`),
  KEY `datashare_grp2grp_to_groupid_idx` (`to_groupid`)
) ENGINE=InnoDB DEFAULT CHARSET=utf8;

-- --------------------------------------------------------

--
-- Table structure for table `vtiger_datashare_grp2role`
--

CREATE TABLE IF NOT EXISTS `vtiger_datashare_grp2role` (
  `shareid` int(19) NOT NULL,
  `share_groupid` int(19) DEFAULT NULL,
  `to_roleid` varchar(255) DEFAULT NULL,
  `permission` int(19) DEFAULT NULL,
  PRIMARY KEY (`shareid`),
  KEY `idx_datashare_grp2role_share_groupid` (`share_groupid`),
  KEY `idx_datashare_grp2role_to_roleid` (`to_roleid`)
) ENGINE=InnoDB DEFAULT CHARSET=utf8;

-- --------------------------------------------------------

--
-- Table structure for table `vtiger_datashare_grp2rs`
--

CREATE TABLE IF NOT EXISTS `vtiger_datashare_grp2rs` (
  `shareid` int(19) NOT NULL,
  `share_groupid` int(19) DEFAULT NULL,
  `to_roleandsubid` varchar(255) DEFAULT NULL,
  `permission` int(19) DEFAULT NULL,
  PRIMARY KEY (`shareid`),
  KEY `datashare_grp2rs_share_groupid_idx` (`share_groupid`),
  KEY `datashare_grp2rs_to_roleandsubid_idx` (`to_roleandsubid`)
) ENGINE=InnoDB DEFAULT CHARSET=utf8;

-- --------------------------------------------------------

--
-- Table structure for table `vtiger_datashare_module_rel`
--

CREATE TABLE IF NOT EXISTS `vtiger_datashare_module_rel` (
  `shareid` int(19) NOT NULL,
  `tabid` int(19) NOT NULL,
  `relationtype` varchar(200) DEFAULT NULL,
  PRIMARY KEY (`shareid`),
  KEY `idx_datashare_module_rel_tabid` (`tabid`)
) ENGINE=InnoDB DEFAULT CHARSET=utf8;

-- --------------------------------------------------------

--
-- Table structure for table `vtiger_datashare_relatedmodules`
--

CREATE TABLE IF NOT EXISTS `vtiger_datashare_relatedmodules` (
  `datashare_relatedmodule_id` int(19) NOT NULL,
  `tabid` int(19) DEFAULT NULL,
  `relatedto_tabid` int(19) DEFAULT NULL,
  PRIMARY KEY (`datashare_relatedmodule_id`),
  KEY `datashare_relatedmodules_tabid_idx` (`tabid`),
  KEY `datashare_relatedmodules_relatedto_tabid_idx` (`relatedto_tabid`)
) ENGINE=InnoDB DEFAULT CHARSET=utf8;

--
-- Dumping data for table `vtiger_datashare_relatedmodules`
--

INSERT INTO `vtiger_datashare_relatedmodules` (`datashare_relatedmodule_id`, `tabid`, `relatedto_tabid`) VALUES
(1, 6, 2),
(2, 6, 13),
(3, 6, 20),
(4, 6, 22),
(5, 6, 23),
(6, 2, 20),
(7, 2, 22),
(8, 20, 22),
(9, 22, 23);

-- --------------------------------------------------------

--
-- Table structure for table `vtiger_datashare_relatedmodules_seq`
--

CREATE TABLE IF NOT EXISTS `vtiger_datashare_relatedmodules_seq` (
  `id` int(11) NOT NULL
) ENGINE=InnoDB DEFAULT CHARSET=utf8;

--
-- Dumping data for table `vtiger_datashare_relatedmodules_seq`
--

INSERT INTO `vtiger_datashare_relatedmodules_seq` (`id`) VALUES
(9);

-- --------------------------------------------------------

--
-- Table structure for table `vtiger_datashare_relatedmodule_permission`
--

CREATE TABLE IF NOT EXISTS `vtiger_datashare_relatedmodule_permission` (
  `shareid` int(19) NOT NULL,
  `datashare_relatedmodule_id` int(19) NOT NULL,
  `permission` int(19) DEFAULT NULL,
  PRIMARY KEY (`shareid`,`datashare_relatedmodule_id`),
  KEY `datashare_relatedmodule_permission_shareid_permissions_idx` (`shareid`,`permission`)
) ENGINE=InnoDB DEFAULT CHARSET=utf8;

-- --------------------------------------------------------

--
-- Table structure for table `vtiger_datashare_role2group`
--

CREATE TABLE IF NOT EXISTS `vtiger_datashare_role2group` (
  `shareid` int(19) NOT NULL,
  `share_roleid` varchar(255) DEFAULT NULL,
  `to_groupid` int(19) DEFAULT NULL,
  `permission` int(19) DEFAULT NULL,
  PRIMARY KEY (`shareid`),
  KEY `idx_datashare_role2group_share_roleid` (`share_roleid`),
  KEY `idx_datashare_role2group_to_groupid` (`to_groupid`)
) ENGINE=InnoDB DEFAULT CHARSET=utf8;

-- --------------------------------------------------------

--
-- Table structure for table `vtiger_datashare_role2role`
--

CREATE TABLE IF NOT EXISTS `vtiger_datashare_role2role` (
  `shareid` int(19) NOT NULL,
  `share_roleid` varchar(255) DEFAULT NULL,
  `to_roleid` varchar(255) DEFAULT NULL,
  `permission` int(19) DEFAULT NULL,
  PRIMARY KEY (`shareid`),
  KEY `datashare_role2role_share_roleid_idx` (`share_roleid`),
  KEY `datashare_role2role_to_roleid_idx` (`to_roleid`)
) ENGINE=InnoDB DEFAULT CHARSET=utf8;

-- --------------------------------------------------------

--
-- Table structure for table `vtiger_datashare_role2rs`
--

CREATE TABLE IF NOT EXISTS `vtiger_datashare_role2rs` (
  `shareid` int(19) NOT NULL,
  `share_roleid` varchar(255) DEFAULT NULL,
  `to_roleandsubid` varchar(255) DEFAULT NULL,
  `permission` int(19) DEFAULT NULL,
  PRIMARY KEY (`shareid`),
  KEY `datashare_role2s_share_roleid_idx` (`share_roleid`),
  KEY `datashare_role2s_to_roleandsubid_idx` (`to_roleandsubid`)
) ENGINE=InnoDB DEFAULT CHARSET=utf8;

-- --------------------------------------------------------

--
-- Table structure for table `vtiger_datashare_rs2grp`
--

CREATE TABLE IF NOT EXISTS `vtiger_datashare_rs2grp` (
  `shareid` int(19) NOT NULL,
  `share_roleandsubid` varchar(255) DEFAULT NULL,
  `to_groupid` int(19) DEFAULT NULL,
  `permission` int(19) DEFAULT NULL,
  PRIMARY KEY (`shareid`),
  KEY `datashare_rs2grp_share_roleandsubid_idx` (`share_roleandsubid`),
  KEY `datashare_rs2grp_to_groupid_idx` (`to_groupid`)
) ENGINE=InnoDB DEFAULT CHARSET=utf8;

-- --------------------------------------------------------

--
-- Table structure for table `vtiger_datashare_rs2role`
--

CREATE TABLE IF NOT EXISTS `vtiger_datashare_rs2role` (
  `shareid` int(19) NOT NULL,
  `share_roleandsubid` varchar(255) DEFAULT NULL,
  `to_roleid` varchar(255) DEFAULT NULL,
  `permission` int(19) DEFAULT NULL,
  PRIMARY KEY (`shareid`),
  KEY `datashare_rs2role_share_roleandsubid_idx` (`share_roleandsubid`),
  KEY `datashare_rs2role_to_roleid_idx` (`to_roleid`)
) ENGINE=InnoDB DEFAULT CHARSET=utf8;

-- --------------------------------------------------------

--
-- Table structure for table `vtiger_datashare_rs2rs`
--

CREATE TABLE IF NOT EXISTS `vtiger_datashare_rs2rs` (
  `shareid` int(19) NOT NULL,
  `share_roleandsubid` varchar(255) DEFAULT NULL,
  `to_roleandsubid` varchar(255) DEFAULT NULL,
  `permission` int(19) DEFAULT NULL,
  PRIMARY KEY (`shareid`),
  KEY `datashare_rs2rs_share_roleandsubid_idx` (`share_roleandsubid`),
  KEY `idx_datashare_rs2rs_to_roleandsubid_idx` (`to_roleandsubid`)
) ENGINE=InnoDB DEFAULT CHARSET=utf8;

-- --------------------------------------------------------

--
-- Table structure for table `vtiger_date_format`
--

CREATE TABLE IF NOT EXISTS `vtiger_date_format` (
  `date_formatid` int(19) NOT NULL AUTO_INCREMENT,
  `date_format` varchar(200) NOT NULL,
  `sortorderid` int(19) NOT NULL DEFAULT '0',
  `presence` int(1) NOT NULL DEFAULT '1',
  PRIMARY KEY (`date_formatid`)
) ENGINE=InnoDB  DEFAULT CHARSET=utf8 AUTO_INCREMENT=10 ;

--
-- Dumping data for table `vtiger_date_format`
--

INSERT INTO `vtiger_date_format` (`date_formatid`, `date_format`, `sortorderid`, `presence`) VALUES
(1, 'dd-mm-yyyy', 0, 1),
(2, 'mm-dd-yyyy', 1, 1),
(3, 'yyyy-mm-dd', 2, 1),
(4, 'dd.mm.yyyy', 3, 1),
(5, 'mm.dd.yyyy', 4, 1),
(6, 'yyyy.mm.dd', 5, 1),
(7, 'dd/mm/yyyy', 6, 1),
(8, 'mm/dd/yyyy', 7, 1),
(9, 'yyyy/mm/dd', 8, 1);

-- --------------------------------------------------------

--
-- Table structure for table `vtiger_date_format_seq`
--

CREATE TABLE IF NOT EXISTS `vtiger_date_format_seq` (
  `id` int(11) NOT NULL
) ENGINE=InnoDB DEFAULT CHARSET=utf8;

--
-- Dumping data for table `vtiger_date_format_seq`
--

INSERT INTO `vtiger_date_format_seq` (`id`) VALUES
(9);

-- --------------------------------------------------------

--
-- Table structure for table `vtiger_dayoftheweek`
--

CREATE TABLE IF NOT EXISTS `vtiger_dayoftheweek` (
  `dayoftheweekid` int(11) NOT NULL AUTO_INCREMENT,
  `dayoftheweek` varchar(200) NOT NULL,
  `sortorderid` int(11) DEFAULT NULL,
  `presence` int(11) NOT NULL DEFAULT '1',
  PRIMARY KEY (`dayoftheweekid`)
) ENGINE=InnoDB  DEFAULT CHARSET=utf8 AUTO_INCREMENT=8 ;

--
-- Dumping data for table `vtiger_dayoftheweek`
--

INSERT INTO `vtiger_dayoftheweek` (`dayoftheweekid`, `dayoftheweek`, `sortorderid`, `presence`) VALUES
(1, 'Sunday', 1, 1),
(2, 'Monday', 2, 1),
(3, 'Tuesday', 3, 1),
(4, 'Wednesday', 4, 1),
(5, 'Thursday', 5, 1),
(6, 'Friday', 6, 1),
(7, 'Saturday', 7, 1);

-- --------------------------------------------------------

--
-- Table structure for table `vtiger_dayoftheweek_seq`
--

CREATE TABLE IF NOT EXISTS `vtiger_dayoftheweek_seq` (
  `id` int(11) NOT NULL
) ENGINE=InnoDB DEFAULT CHARSET=utf8;

--
-- Dumping data for table `vtiger_dayoftheweek_seq`
--

INSERT INTO `vtiger_dayoftheweek_seq` (`id`) VALUES
(7);

-- --------------------------------------------------------

--
-- Table structure for table `vtiger_defaultactivitytype`
--

CREATE TABLE IF NOT EXISTS `vtiger_defaultactivitytype` (
  `defaultactivitytypeid` int(11) NOT NULL AUTO_INCREMENT,
  `defaultactivitytype` varchar(200) NOT NULL,
  `presence` int(1) NOT NULL DEFAULT '1',
  `picklist_valueid` int(11) NOT NULL DEFAULT '0',
  `sortorderid` int(11) DEFAULT '0',
  PRIMARY KEY (`defaultactivitytypeid`)
) ENGINE=InnoDB  DEFAULT CHARSET=utf8 AUTO_INCREMENT=3 ;

--
-- Dumping data for table `vtiger_defaultactivitytype`
--

INSERT INTO `vtiger_defaultactivitytype` (`defaultactivitytypeid`, `defaultactivitytype`, `presence`, `picklist_valueid`, `sortorderid`) VALUES
(1, 'Call', 1, 325, 1),
(2, 'Meeting', 1, 326, 2);

-- --------------------------------------------------------

--
-- Table structure for table `vtiger_defaultactivitytype_seq`
--

CREATE TABLE IF NOT EXISTS `vtiger_defaultactivitytype_seq` (
  `id` int(11) NOT NULL
) ENGINE=InnoDB DEFAULT CHARSET=utf8;

--
-- Dumping data for table `vtiger_defaultactivitytype_seq`
--

INSERT INTO `vtiger_defaultactivitytype_seq` (`id`) VALUES
(2);

-- --------------------------------------------------------

--
-- Table structure for table `vtiger_defaultcv`
--

CREATE TABLE IF NOT EXISTS `vtiger_defaultcv` (
  `tabid` int(19) NOT NULL,
  `defaultviewname` varchar(50) NOT NULL,
  `query` text,
  PRIMARY KEY (`tabid`)
) ENGINE=InnoDB DEFAULT CHARSET=utf8;

-- --------------------------------------------------------

--
-- Table structure for table `vtiger_defaulteventstatus`
--

CREATE TABLE IF NOT EXISTS `vtiger_defaulteventstatus` (
  `defaulteventstatusid` int(11) NOT NULL AUTO_INCREMENT,
  `defaulteventstatus` varchar(200) NOT NULL,
  `presence` int(1) NOT NULL DEFAULT '1',
  `picklist_valueid` int(11) NOT NULL DEFAULT '0',
  `sortorderid` int(11) DEFAULT '0',
  PRIMARY KEY (`defaulteventstatusid`)
) ENGINE=InnoDB  DEFAULT CHARSET=utf8 AUTO_INCREMENT=4 ;

--
-- Dumping data for table `vtiger_defaulteventstatus`
--

INSERT INTO `vtiger_defaulteventstatus` (`defaulteventstatusid`, `defaulteventstatus`, `presence`, `picklist_valueid`, `sortorderid`) VALUES
(1, 'Planned', 1, 322, 1),
(2, 'Held', 1, 323, 2),
(3, 'Not Held', 1, 324, 3);

-- --------------------------------------------------------

--
-- Table structure for table `vtiger_defaulteventstatus_seq`
--

CREATE TABLE IF NOT EXISTS `vtiger_defaulteventstatus_seq` (
  `id` int(11) NOT NULL
) ENGINE=InnoDB DEFAULT CHARSET=utf8;

--
-- Dumping data for table `vtiger_defaulteventstatus_seq`
--

INSERT INTO `vtiger_defaulteventstatus_seq` (`id`) VALUES
(3);

-- --------------------------------------------------------

--
-- Table structure for table `vtiger_default_record_view`
--

CREATE TABLE IF NOT EXISTS `vtiger_default_record_view` (
  `default_record_viewid` int(11) NOT NULL AUTO_INCREMENT,
  `default_record_view` varchar(200) NOT NULL,
  `sortorderid` int(11) DEFAULT NULL,
  `presence` int(11) NOT NULL DEFAULT '1',
  PRIMARY KEY (`default_record_viewid`)
) ENGINE=InnoDB  DEFAULT CHARSET=utf8 AUTO_INCREMENT=3 ;

--
-- Dumping data for table `vtiger_default_record_view`
--

INSERT INTO `vtiger_default_record_view` (`default_record_viewid`, `default_record_view`, `sortorderid`, `presence`) VALUES
(1, 'Summary', 1, 1),
(2, 'Detail', 2, 1);

-- --------------------------------------------------------

--
-- Table structure for table `vtiger_default_record_view_seq`
--

CREATE TABLE IF NOT EXISTS `vtiger_default_record_view_seq` (
  `id` int(11) NOT NULL
) ENGINE=InnoDB DEFAULT CHARSET=utf8;

--
-- Dumping data for table `vtiger_default_record_view_seq`
--

INSERT INTO `vtiger_default_record_view_seq` (`id`) VALUES
(2);

-- --------------------------------------------------------

--
-- Table structure for table `vtiger_def_org_field`
--

CREATE TABLE IF NOT EXISTS `vtiger_def_org_field` (
  `tabid` int(10) DEFAULT NULL,
  `fieldid` int(19) NOT NULL,
  `visible` int(19) DEFAULT NULL,
  `readonly` int(19) DEFAULT NULL,
  PRIMARY KEY (`fieldid`),
  KEY `def_org_field_tabid_fieldid_idx` (`tabid`,`fieldid`),
  KEY `def_org_field_tabid_idx` (`tabid`),
  KEY `def_org_field_visible_fieldid_idx` (`visible`,`fieldid`)
) ENGINE=InnoDB DEFAULT CHARSET=utf8;

--
-- Dumping data for table `vtiger_def_org_field`
--

INSERT INTO `vtiger_def_org_field` (`tabid`, `fieldid`, `visible`, `readonly`) VALUES
(6, 1, 0, 0),
(6, 2, 0, 0),
(6, 3, 0, 0),
(6, 4, 0, 0),
(6, 5, 0, 0),
(6, 7, 0, 0),
(6, 8, 0, 0),
(6, 9, 0, 0),
(6, 10, 0, 0),
(6, 11, 0, 0),
(6, 12, 0, 0),
(6, 14, 0, 0),
(6, 15, 0, 0),
(6, 16, 0, 0),
(6, 17, 0, 0),
(6, 18, 0, 0),
(6, 20, 0, 0),
(6, 21, 0, 0),
(6, 22, 0, 0),
(6, 23, 0, 0),
(6, 36, 0, 0),
(7, 37, 0, 0),
(7, 39, 0, 0),
(7, 40, 0, 0),
(7, 41, 0, 0),
(7, 42, 0, 0),
(7, 43, 0, 0),
(7, 44, 0, 0),
(7, 46, 0, 0),
(7, 47, 0, 0),
(7, 48, 0, 0),
(7, 49, 0, 0),
(7, 50, 0, 0),
(7, 51, 0, 0),
(7, 53, 0, 0),
(7, 54, 0, 0),
(7, 55, 0, 0),
(7, 56, 0, 0),
(7, 57, 0, 0),
(7, 58, 0, 0),
(7, 65, 0, 0),
(4, 66, 0, 0),
(4, 67, 0, 0),
(4, 68, 0, 0),
(4, 69, 0, 0),
(4, 70, 0, 0),
(4, 71, 0, 0),
(4, 72, 0, 0),
(4, 74, 0, 0),
(4, 79, 0, 0),
(4, 80, 0, 0),
(4, 81, 0, 0),
(4, 85, 0, 0),
(4, 86, 0, 0),
(4, 87, 0, 0),
(4, 90, 0, 0),
(4, 91, 0, 0),
(4, 92, 0, 0),
(4, 93, 0, 0),
(4, 94, 0, 0),
(4, 95, 0, 0),
(4, 108, 0, 0),
(4, 109, 0, 0),
(2, 110, 0, 0),
(2, 111, 0, 0),
(2, 113, 0, 0),
(2, 114, 0, 0),
(2, 115, 0, 0),
(2, 117, 0, 0),
(2, 118, 0, 0),
(2, 119, 0, 0),
(2, 121, 0, 0),
(2, 122, 0, 0),
(2, 123, 0, 0),
(2, 124, 0, 0),
(2, 125, 0, 0),
(26, 126, 0, 0),
(26, 127, 0, 0),
(26, 128, 0, 0),
(26, 129, 0, 0),
(26, 130, 0, 0),
(26, 131, 0, 0),
(26, 132, 0, 0),
(26, 133, 0, 0),
(26, 134, 0, 0),
(26, 135, 0, 0),
(26, 136, 0, 0),
(26, 137, 0, 0),
(26, 138, 0, 0),
(26, 139, 0, 0),
(26, 140, 0, 0),
(26, 141, 0, 0),
(26, 142, 0, 0),
(26, 143, 0, 0),
(26, 144, 0, 0),
(26, 145, 0, 0),
(26, 146, 0, 0),
(26, 147, 0, 0),
(26, 148, 0, 0),
(26, 149, 0, 0),
(26, 150, 0, 0),
(4, 151, 0, 0),
(6, 152, 0, 0),
(7, 153, 0, 0),
(26, 154, 0, 0),
(13, 155, 0, 0),
(13, 156, 0, 0),
(13, 157, 0, 0),
(13, 158, 0, 0),
(13, 159, 0, 0),
(13, 160, 0, 0),
(13, 161, 0, 0),
(13, 162, 0, 0),
(13, 163, 0, 0),
(13, 166, 0, 0),
(13, 167, 0, 0),
(13, 168, 0, 0),
(13, 169, 0, 0),
(13, 170, 0, 0),
(13, 171, 0, 0),
(13, 172, 0, 0),
(14, 173, 0, 0),
(14, 174, 0, 0),
(14, 175, 0, 0),
(14, 176, 0, 0),
(14, 177, 0, 0),
(14, 178, 0, 0),
(14, 179, 0, 0),
(14, 180, 0, 0),
(14, 181, 0, 0),
(14, 182, 0, 0),
(14, 183, 0, 0),
(14, 184, 0, 0),
(14, 185, 0, 0),
(14, 186, 0, 0),
(14, 187, 0, 0),
(14, 188, 0, 0),
(14, 189, 0, 0),
(14, 190, 0, 0),
(14, 191, 0, 0),
(14, 192, 0, 0),
(14, 193, 0, 0),
(14, 194, 0, 0),
(14, 195, 0, 0),
(14, 196, 0, 0),
(14, 197, 0, 0),
(14, 198, 0, 0),
(14, 199, 0, 0),
(14, 200, 0, 0),
(14, 201, 0, 0),
(14, 202, 0, 0),
(14, 203, 0, 0),
(8, 204, 0, 0),
(8, 205, 0, 0),
(8, 206, 0, 0),
(8, 207, 0, 0),
(8, 208, 0, 0),
(8, 209, 0, 0),
(8, 210, 0, 0),
(8, 211, 0, 0),
(8, 212, 0, 0),
(8, 213, 0, 0),
(8, 214, 0, 0),
(8, 215, 0, 0),
(8, 216, 0, 0),
(8, 217, 0, 0),
(8, 218, 0, 0),
(10, 219, 0, 0),
(10, 220, 0, 0),
(10, 221, 0, 0),
(10, 222, 0, 0),
(10, 223, 0, 0),
(10, 224, 0, 0),
(10, 225, 0, 0),
(10, 226, 0, 0),
(10, 227, 0, 0),
(10, 228, 0, 0),
(10, 229, 0, 0),
(10, 230, 0, 0),
(9, 231, 0, 0),
(9, 232, 0, 0),
(9, 233, 0, 0),
(9, 234, 0, 0),
(9, 235, 0, 0),
(9, 236, 0, 0),
(9, 237, 0, 0),
(9, 238, 0, 0),
(9, 239, 0, 0),
(9, 240, 0, 0),
(9, 241, 0, 0),
(9, 242, 0, 0),
(9, 243, 0, 0),
(9, 244, 0, 0),
(9, 245, 0, 0),
(9, 246, 0, 0),
(9, 247, 0, 0),
(9, 248, 0, 0),
(9, 249, 0, 0),
(9, 250, 0, 0),
(9, 251, 0, 0),
(9, 252, 0, 0),
(9, 253, 0, 0),
(9, 254, 0, 0),
(16, 255, 0, 0),
(16, 256, 0, 0),
(16, 257, 0, 0),
(16, 258, 0, 0),
(16, 259, 0, 0),
(16, 260, 0, 0),
(16, 261, 0, 0),
(16, 262, 0, 0),
(16, 263, 0, 0),
(16, 264, 0, 0),
(16, 265, 0, 0),
(16, 266, 0, 0),
(16, 267, 0, 0),
(16, 268, 0, 0),
(16, 269, 0, 0),
(16, 270, 0, 0),
(16, 271, 0, 0),
(16, 272, 0, 0),
(16, 273, 0, 0),
(16, 274, 0, 0),
(16, 275, 0, 0),
(16, 276, 0, 0),
(16, 277, 0, 0),
(15, 278, 0, 0),
(15, 279, 0, 0),
(15, 280, 0, 0),
(15, 281, 0, 0),
(15, 282, 0, 0),
(15, 283, 0, 0),
(15, 284, 0, 0),
(15, 285, 0, 0),
(15, 286, 0, 0),
(15, 287, 0, 0),
(18, 288, 0, 0),
(18, 289, 0, 0),
(18, 290, 0, 0),
(18, 291, 0, 0),
(18, 292, 0, 0),
(18, 293, 0, 0),
(18, 294, 0, 0),
(18, 295, 0, 0),
(18, 296, 0, 0),
(18, 297, 0, 0),
(18, 304, 0, 0),
(19, 305, 0, 0),
(19, 306, 0, 0),
(19, 307, 0, 0),
(19, 308, 0, 0),
(19, 309, 0, 0),
(19, 310, 0, 0),
(19, 311, 0, 0),
(19, 312, 0, 0),
(20, 313, 0, 0),
(20, 314, 0, 0),
(20, 315, 0, 0),
(20, 316, 0, 0),
(20, 317, 0, 0),
(20, 318, 0, 0),
(20, 319, 0, 0),
(20, 320, 0, 0),
(20, 321, 0, 0),
(20, 324, 0, 0),
(20, 325, 0, 0),
(20, 326, 0, 0),
(20, 327, 0, 0),
(20, 329, 0, 0),
(20, 330, 0, 0),
(20, 331, 0, 0),
(20, 332, 0, 0),
(20, 333, 0, 0),
(20, 334, 0, 0),
(20, 335, 0, 0),
(20, 348, 0, 0),
(20, 349, 0, 0),
(21, 350, 0, 0),
(21, 351, 0, 0),
(21, 352, 0, 0),
(21, 353, 0, 0),
(21, 354, 0, 0),
(21, 355, 0, 0),
(21, 356, 0, 0),
(21, 357, 0, 0),
(21, 359, 0, 0),
(21, 360, 0, 0),
(21, 361, 0, 0),
(21, 362, 0, 0),
(21, 363, 0, 0),
(21, 364, 0, 0),
(21, 365, 0, 0),
(21, 367, 0, 0),
(21, 368, 0, 0),
(21, 369, 0, 0),
(21, 370, 0, 0),
(21, 371, 0, 0),
(21, 372, 0, 0),
(21, 373, 0, 0),
(21, 386, 0, 0),
(21, 387, 0, 0),
(22, 388, 0, 0),
(22, 389, 0, 0),
(22, 390, 0, 0),
(22, 391, 0, 0),
(22, 392, 0, 0),
(22, 393, 0, 0),
(22, 394, 0, 0),
(22, 395, 0, 0),
(22, 396, 0, 0),
(22, 397, 0, 0),
(22, 398, 0, 0),
(22, 400, 0, 0),
(22, 401, 0, 0),
(22, 402, 0, 0),
(22, 403, 0, 0),
(22, 404, 0, 0),
(22, 405, 0, 0),
(22, 406, 0, 0),
(22, 408, 0, 0),
(22, 409, 0, 0),
(22, 410, 0, 0),
(22, 411, 0, 0),
(22, 412, 0, 0),
(22, 413, 0, 0),
(22, 414, 0, 0),
(22, 427, 0, 0),
(22, 428, 0, 0),
(22, 429, 0, 0),
(22, 430, 0, 0),
(22, 431, 0, 0),
(22, 432, 0, 0),
(22, 433, 0, 0),
(22, 434, 0, 0),
(23, 435, 0, 0),
(23, 436, 0, 0),
(23, 437, 0, 0),
(23, 438, 0, 0),
(23, 439, 0, 0),
(23, 440, 0, 0),
(23, 441, 0, 0),
(23, 443, 0, 0),
(23, 444, 0, 0),
(23, 445, 0, 0),
(23, 446, 0, 0),
(23, 447, 0, 0),
(23, 448, 0, 0),
(23, 449, 0, 0),
(23, 451, 0, 0),
(23, 452, 0, 0),
(23, 453, 0, 0),
(23, 454, 0, 0),
(23, 455, 0, 0),
(23, 456, 0, 0),
(23, 457, 0, 0),
(23, 458, 0, 0),
(23, 471, 0, 0),
(23, 472, 0, 0),
(23, 473, 0, 0),
(29, 474, 0, 0),
(29, 478, 0, 0),
(29, 479, 0, 0),
(29, 481, 0, 0),
(29, 513, 0, 0),
(10, 518, 0, 0),
(10, 519, 0, 0),
(10, 520, 0, 0),
(10, 521, 0, 0),
(10, 522, 0, 0),
(10, 523, 0, 0),
(33, 524, 0, 0),
(33, 525, 0, 0),
(33, 526, 0, 0),
(33, 527, 0, 0),
(33, 528, 0, 0),
(33, 529, 0, 0),
(33, 530, 0, 0),
(33, 531, 0, 0),
(33, 532, 0, 0),
(33, 533, 0, 0),
(33, 534, 0, 0),
(33, 535, 0, 0),
(33, 536, 0, 0),
(33, 537, 0, 0),
(33, 538, 0, 0),
(33, 539, 0, 0),
(29, 540, 0, 0),
(34, 541, 0, 0),
(34, 542, 0, 0),
(34, 543, 0, 0),
(34, 544, 0, 0),
(34, 545, 0, 0),
(34, 546, 0, 0),
(34, 547, 0, 0),
(34, 548, 0, 0),
(34, 549, 0, 0),
(34, 550, 0, 0),
(34, 551, 0, 0),
(34, 552, 0, 0),
(34, 553, 0, 0),
(34, 554, 0, 0),
(34, 555, 0, 0),
(34, 556, 0, 0),
(34, 557, 0, 0),
(34, 558, 0, 0),
(34, 559, 0, 0),
(35, 560, 0, 0),
(35, 561, 0, 0),
(35, 562, 0, 0),
(35, 563, 0, 0),
(35, 564, 0, 0),
(35, 565, 0, 0),
(35, 566, 0, 0),
(35, 567, 0, 0),
(35, 568, 0, 0),
(35, 569, 0, 0),
(35, 570, 0, 0),
(35, 571, 0, 0),
(35, 572, 0, 0),
(35, 573, 0, 0),
(35, 574, 0, 0),
(35, 575, 0, 0),
(35, 576, 0, 0),
(35, 577, 0, 0),
(35, 578, 0, 0),
(37, 579, 0, 0),
(37, 580, 0, 0),
(37, 581, 0, 0),
(37, 582, 0, 0),
(37, 583, 0, 0),
(37, 584, 0, 0),
(37, 585, 0, 0),
(37, 586, 0, 0),
(37, 587, 0, 0),
(37, 589, 0, 0),
(37, 590, 0, 0),
(37, 592, 0, 0),
(37, 593, 0, 0),
(37, 594, 0, 0),
(37, 595, 0, 0),
(40, 597, 0, 0),
(40, 598, 0, 0),
(40, 599, 0, 0),
(40, 600, 0, 0),
(40, 601, 0, 0),
(40, 602, 0, 0),
(40, 603, 0, 0),
(41, 604, 0, 0),
(41, 605, 0, 0),
(41, 606, 0, 0),
(41, 607, 0, 0),
(41, 608, 0, 0),
(41, 609, 0, 0),
(41, 610, 0, 0),
(41, 611, 0, 0),
(41, 612, 0, 0),
(41, 613, 0, 0),
(42, 614, 0, 0),
(42, 615, 0, 0),
(42, 616, 0, 0),
(42, 617, 0, 0),
(42, 618, 0, 0),
(42, 619, 0, 0),
(42, 620, 0, 0),
(42, 621, 0, 0),
(42, 622, 0, 0),
(42, 623, 0, 0),
(42, 624, 0, 0),
(42, 625, 0, 0),
(42, 626, 0, 0),
(42, 627, 0, 0),
(42, 628, 0, 0),
(43, 629, 0, 0),
(43, 630, 0, 0),
(43, 631, 0, 0),
(43, 632, 0, 0),
(43, 633, 0, 0),
(43, 634, 0, 0),
(43, 635, 0, 0),
(43, 636, 0, 0),
(43, 637, 0, 0),
(43, 638, 0, 0),
(43, 639, 0, 0),
(43, 640, 0, 0),
(43, 641, 0, 0),
(43, 642, 0, 0),
(43, 643, 0, 0),
(43, 644, 0, 0),
(43, 645, 0, 0),
(45, 646, 0, 0),
(45, 647, 0, 0),
(45, 648, 0, 0),
(45, 649, 0, 0),
(45, 650, 0, 0),
(2, 651, 0, 0),
(29, 652, 0, 0),
(23, 653, 0, 0),
(23, 654, 0, 0),
(23, 655, 0, 0),
(23, 656, 0, 0),
(23, 657, 0, 0),
(23, 658, 0, 0),
(23, 659, 0, 0),
(23, 660, 0, 0),
(23, 661, 0, 0),
(22, 662, 0, 0),
(22, 663, 0, 0),
(22, 664, 0, 0),
(22, 665, 0, 0),
(22, 666, 0, 0),
(22, 667, 0, 0),
(22, 668, 0, 0),
(22, 669, 0, 0),
(22, 670, 0, 0),
(21, 671, 0, 0),
(21, 672, 0, 0),
(21, 673, 0, 0),
(21, 674, 0, 0),
(21, 675, 0, 0),
(21, 676, 0, 0),
(21, 677, 0, 0),
(21, 678, 0, 0),
(21, 679, 0, 0),
(20, 680, 0, 0),
(20, 681, 0, 0),
(20, 682, 0, 0),
(20, 683, 0, 0),
(20, 684, 0, 0),
(20, 685, 0, 0),
(20, 686, 0, 0),
(20, 687, 0, 0),
(20, 688, 0, 0),
(29, 689, 0, 0),
(42, 690, 0, 0),
(40, 691, 0, 0),
(29, 692, 0, 0),
(29, 693, 0, 0),
(29, 694, 0, 0),
(23, 695, 0, 0),
(22, 696, 0, 0),
(21, 697, 0, 0),
(20, 698, 0, 0),
(29, 699, 0, 0),
(6, 700, 0, 0),
(4, 701, 0, 0),
(2, 702, 0, 0),
(29, 703, 0, 0),
(23, 704, 0, 0),
(23, 705, 0, 0),
(21, 706, 0, 0),
(21, 707, 0, 0),
(18, 708, 0, 0),
(40, 710, 0, 0),
(40, 711, 0, 0),
(29, 716, 0, 0),
(2, 717, 0, 0),
(13, 718, 0, 0),
(29, 719, 0, 0),
(13, 720, 0, 0),
(29, 721, 0, 0),
(29, 722, 0, 0),
(29, 723, 0, 0),
(2, 724, 0, 0),
(4, 725, 0, 0),
(6, 726, 0, 0),
(7, 727, 0, 0),
(9, 729, 0, 0),
(13, 730, 0, 0),
(18, 734, 0, 0),
(21, 737, 0, 0),
(23, 739, 0, 0),
(33, 741, 0, 0),
(34, 742, 0, 0),
(35, 743, 0, 0),
(37, 744, 0, 0),
(40, 745, 0, 0),
(41, 746, 0, 0),
(42, 747, 0, 0),
(43, 748, 0, 0),
(45, 749, 0, 0),
(47, 750, 0, 0),
(47, 751, 0, 0),
(47, 752, 0, 0),
(47, 753, 0, 0),
(47, 754, 0, 0),
(47, 755, 0, 0),
(47, 756, 0, 0),
(47, 757, 0, 0),
(47, 758, 0, 0),
(47, 759, 0, 0),
(47, 760, 0, 0),
(47, 761, 0, 0),
(47, 762, 0, 0),
(47, 763, 0, 0),
(47, 764, 0, 0),
(47, 765, 0, 0),
(47, 766, 0, 0),
(47, 767, 0, 0),
(47, 768, 0, 0),
(47, 769, 0, 0),
(47, 770, 0, 0),
(47, 771, 0, 0),
(47, 772, 0, 0),
(49, 773, 0, 0),
(49, 774, 0, 0),
(49, 775, 0, 0),
(49, 776, 0, 0),
(49, 777, 0, 0),
(49, 778, 0, 0),
(49, 779, 0, 0),
(51, 780, 0, 0),
(51, 781, 0, 0),
(51, 782, 0, 0),
(51, 783, 0, 0),
(51, 784, 0, 0),
(51, 785, 0, 0),
(51, 786, 0, 0),
(51, 787, 0, 0),
(51, 788, 0, 0),
(51, 789, 0, 0),
(51, 790, 0, 0),
(51, 791, 0, 0),
(51, 792, 0, 0),
(51, 793, 0, 0),
(51, 794, 0, 0),
(51, 795, 0, 0),
(51, 796, 0, 0),
(51, 797, 0, 0),
(51, 798, 0, 0),
(51, 799, 0, 0),
(51, 800, 0, 0),
(51, 801, 0, 0),
(51, 802, 0, 0),
(51, 804, 0, 0),
(51, 805, 0, 0),
(51, 806, 0, 0),
(51, 807, 0, 0),
(51, 808, 0, 0),
(51, 809, 0, 0),
(51, 810, 0, 0),
(51, 811, 0, 0),
(51, 812, 0, 0),
(51, 813, 0, 0),
(13, 814, 0, 0),
(13, 815, 0, 0),
(42, 816, 0, 0),
(42, 817, 0, 0),
(37, 818, 0, 0),
(37, 819, 0, 0),
(34, 820, 0, 0),
(34, 821, 0, 0),
(22, 822, 0, 0),
(22, 823, 0, 0),
(20, 824, 0, 0),
(20, 825, 0, 0),
(43, 826, 0, 0),
(43, 827, 0, 0),
(43, 828, 0, 0),
(43, 830, 0, 0),
(43, 832, 0, 0),
(2, 834, 0, 0),
(2, 835, 0, 0),
(2, 836, 0, 0),
(2, 838, 0, 0),
(2, 840, 0, 0),
(54, 842, 0, 0),
(54, 843, 0, 0),
(54, 844, 0, 0),
(54, 845, 0, 0),
(54, 846, 0, 0),
(54, 847, 0, 0),
(54, 848, 0, 0),
(54, 849, 0, 0),
(54, 850, 0, 0),
(54, 851, 0, 0),
(54, 852, 0, 0),
(54, 853, 0, 0),
(54, 854, 0, 0),
(54, 855, 0, 0),
(54, 856, 0, 0),
(54, 857, 0, 0),
(54, 858, 0, 0),
(54, 859, 0, 0),
(54, 860, 0, 0),
(54, 861, 0, 0),
(54, 862, 0, 0),
(54, 863, 0, 0),
(54, 864, 0, 0),
(8, 865, 0, 0),
(57, 866, 0, 0),
(57, 867, 0, 0),
(57, 868, 0, 0),
(57, 869, 0, 0),
(57, 870, 0, 0),
(57, 871, 0, 0),
(57, 872, 0, 0),
(57, 873, 0, 0),
(57, 874, 0, 0),
(57, 875, 0, 0),
(57, 876, 0, 0),
(57, 877, 0, 0),
(57, 878, 0, 0),
(58, 879, 0, 0),
(58, 880, 0, 0),
(58, 881, 0, 0),
(58, 882, 0, 0),
(58, 883, 0, 0),
(58, 884, 0, 0),
(58, 885, 0, 0),
(58, 886, 0, 0),
(58, 887, 0, 0),
(58, 888, 0, 0),
(58, 889, 0, 0),
(58, 890, 0, 0),
(58, 891, 0, 0),
(59, 892, 0, 0),
(59, 893, 0, 0),
(59, 894, 0, 0),
(59, 895, 0, 0),
(59, 896, 0, 0),
(59, 897, 0, 0),
(59, 898, 0, 0),
(59, 899, 0, 0),
(59, 900, 0, 0),
(59, 901, 0, 0),
(59, 902, 0, 0),
(59, 903, 0, 0),
(59, 904, 0, 0),
(59, 905, 0, 0),
(58, 909, 0, 0),
(35, 910, 0, 0),
(14, 911, 0, 0),
(59, 912, 0, 0),
(57, 913, 0, 0),
(58, 914, 0, 0),
(58, 915, 0, 0),
(59, 916, 0, 0),
(57, 917, 0, 0),
(58, 918, 0, 0),
(59, 923, 0, 0),
(57, 924, 0, 0),
(58, 925, 0, 0),
(37, 926, 0, 0),
(60, 927, 0, 0),
(60, 928, 0, 0),
(60, 929, 0, 0),
(60, 930, 0, 0),
(60, 931, 0, 0),
(60, 932, 0, 0),
(60, 933, 0, 0),
(60, 934, 0, 0),
(60, 935, 0, 0),
(60, 936, 0, 0),
(7, 938, 0, 0),
(7, 940, 0, 0),
(61, 941, 0, 0),
(61, 942, 0, 0),
(61, 943, 0, 0),
(61, 944, 0, 0),
(61, 945, 0, 0),
(61, 946, 0, 0),
(61, 947, 0, 0),
(61, 948, 0, 0),
(61, 949, 0, 0),
(61, 950, 0, 0),
(61, 951, 0, 0),
(61, 952, 0, 0),
(61, 953, 0, 0),
(61, 954, 0, 0),
(61, 955, 0, 0),
(61, 956, 0, 0),
(61, 957, 0, 0),
(61, 958, 0, 0),
(61, 959, 0, 0),
(61, 960, 0, 0),
(61, 961, 0, 0),
(61, 962, 0, 0),
(61, 963, 0, 0),
(61, 964, 0, 0),
(61, 965, 0, 0),
(61, 966, 0, 0),
(7, 967, 0, 0),
(7, 968, 0, 0),
(7, 969, 0, 0),
(6, 970, 0, 0),
(6, 971, 0, 0),
(6, 972, 0, 0),
(18, 973, 0, 0),
(18, 974, 0, 0),
(18, 975, 0, 0),
(62, 976, 0, 0),
(62, 977, 0, 0),
(62, 978, 0, 0),
(62, 979, 0, 0),
(62, 980, 0, 0),
(62, 981, 0, 0),
(62, 982, 0, 0),
(63, 983, 0, 0),
(63, 984, 0, 0),
(63, 985, 0, 0),
(63, 986, 0, 0),
(63, 987, 0, 0),
(63, 988, 0, 0),
(63, 989, 0, 0),
(64, 990, 0, 0),
(64, 991, 0, 0),
(64, 992, 0, 0),
(64, 993, 0, 0),
(64, 994, 0, 0),
(64, 995, 0, 0),
(64, 996, 0, 0),
(65, 997, 0, 0),
(65, 998, 0, 0),
(65, 999, 0, 0),
(65, 1000, 0, 0),
(65, 1001, 0, 0),
(65, 1002, 0, 0),
(65, 1003, 0, 0),
(65, 1004, 0, 0),
(65, 1005, 0, 0),
(65, 1006, 0, 0),
(66, 1007, 0, 0),
(66, 1008, 0, 0),
(66, 1009, 0, 0),
(66, 1010, 0, 0),
(66, 1011, 0, 0),
(66, 1012, 0, 0),
(66, 1013, 0, 0),
(66, 1014, 0, 0),
(66, 1015, 0, 0),
(67, 1016, 0, 0),
(67, 1017, 0, 0),
(67, 1018, 0, 0),
(67, 1019, 0, 0),
(67, 1020, 0, 0),
(67, 1021, 0, 0),
(67, 1022, 0, 0),
(67, 1023, 0, 0),
(68, 1024, 0, 0),
(68, 1025, 0, 0),
(68, 1026, 0, 0),
(68, 1027, 0, 0),
(68, 1028, 0, 0),
(68, 1029, 0, 0),
(68, 1030, 0, 0),
(69, 1031, 0, 0),
(69, 1032, 0, 0),
(69, 1033, 0, 0),
(69, 1034, 0, 0),
(69, 1035, 0, 0),
(69, 1036, 0, 0),
(69, 1037, 0, 0),
(69, 1038, 0, 0),
(69, 1039, 0, 0),
(69, 1040, 0, 0),
(69, 1041, 0, 0),
(69, 1042, 0, 0),
(13, 1043, 0, 0),
(43, 1044, 0, 0),
(29, 1045, 0, 0),
(34, 1046, 0, 0),
(34, 1047, 0, 0),
(34, 1048, 0, 0),
(13, 1049, 0, 0),
(64, 1050, 0, 0),
(64, 1051, 0, 0),
(64, 1052, 0, 0),
(64, 1053, 0, 0),
(63, 1054, 0, 0),
(63, 1055, 0, 0),
(63, 1056, 0, 0),
(63, 1057, 0, 0),
(63, 1058, 0, 0),
(62, 1059, 0, 0),
(62, 1060, 0, 0),
(62, 1061, 0, 0),
(62, 1062, 0, 0),
(62, 1063, 0, 0),
(62, 1064, 0, 0),
(7, 1065, 0, 0),
(7, 1066, 0, 0),
(7, 1067, 0, 0),
(7, 1068, 0, 0),
(7, 1069, 0, 0),
(7, 1070, 0, 0),
(7, 1071, 0, 0),
(7, 1072, 0, 0),
(4, 1073, 0, 0),
(4, 1074, 0, 0),
(4, 1075, 0, 0),
(4, 1076, 0, 0),
(4, 1077, 0, 0),
(4, 1078, 0, 0),
(4, 1079, 0, 0),
(4, 1080, 0, 0),
(4, 1081, 0, 0),
(4, 1082, 0, 0),
(4, 1083, 0, 0),
(4, 1084, 0, 0),
(4, 1085, 0, 0),
(4, 1086, 0, 0),
(4, 1087, 0, 0),
(4, 1088, 0, 0),
(6, 1089, 0, 0),
(6, 1090, 0, 0),
(6, 1091, 0, 0),
(6, 1092, 0, 0),
(6, 1093, 0, 0),
(6, 1094, 0, 0),
(6, 1095, 0, 0),
(6, 1096, 0, 0),
(6, 1097, 0, 0),
(6, 1098, 0, 0),
(6, 1099, 0, 0),
(6, 1100, 0, 0),
(6, 1101, 0, 0),
(6, 1102, 0, 0),
(6, 1103, 0, 0),
(6, 1104, 0, 0),
(18, 1105, 0, 0),
(18, 1106, 0, 0),
(18, 1107, 0, 0),
(18, 1108, 0, 0),
(18, 1109, 0, 0),
(18, 1110, 0, 0),
(18, 1111, 0, 0),
(18, 1112, 0, 0),
(18, 1113, 0, 0),
(18, 1114, 0, 0),
(18, 1115, 0, 0),
(18, 1116, 0, 0),
(18, 1117, 0, 0),
(18, 1118, 0, 0),
(18, 1119, 0, 0),
(18, 1120, 0, 0),
(18, 1121, 0, 0),
(18, 1122, 0, 0),
(18, 1123, 0, 0),
(18, 1124, 0, 0),
(18, 1125, 0, 0),
(18, 1126, 0, 0),
(18, 1127, 0, 0),
(18, 1128, 0, 0),
(68, 1129, 0, 0),
(67, 1130, 0, 0),
(67, 1131, 0, 0),
(66, 1132, 0, 0),
(66, 1133, 0, 0),
(66, 1134, 0, 0),
(65, 1135, 0, 0),
(65, 1136, 0, 0),
(65, 1137, 0, 0),
(65, 1138, 0, 0),
(64, 1139, 0, 0),
(64, 1140, 0, 0),
(64, 1141, 0, 0),
(64, 1142, 0, 0),
(64, 1143, 0, 0),
(63, 1144, 0, 0),
(63, 1145, 0, 0),
(63, 1146, 0, 0),
(63, 1147, 0, 0),
(63, 1148, 0, 0),
(63, 1149, 0, 0),
(62, 1150, 0, 0),
(62, 1151, 0, 0),
(62, 1152, 0, 0),
(62, 1153, 0, 0),
(62, 1154, 0, 0),
(62, 1155, 0, 0),
(62, 1156, 0, 0),
(65, 1157, 0, 0),
(64, 1158, 0, 0),
(62, 1159, 0, 0),
(6, 1160, 0, 0),
(6, 1161, 0, 0),
(6, 1162, 0, 0),
(6, 1163, 0, 0),
(6, 1164, 0, 0),
(6, 1165, 0, 0),
(6, 1166, 0, 0),
(6, 1167, 0, 0),
(20, 1168, 0, 0),
(20, 1169, 0, 0),
(20, 1170, 0, 0),
(20, 1171, 0, 0),
(20, 1172, 0, 0),
(20, 1173, 0, 0),
(20, 1174, 0, 0),
(20, 1175, 0, 0),
(20, 1176, 0, 0),
(20, 1177, 0, 0),
(20, 1178, 0, 0),
(20, 1179, 0, 0),
(20, 1180, 0, 0),
(20, 1181, 0, 0),
(20, 1182, 0, 0),
(20, 1183, 0, 0),
(21, 1184, 0, 0),
(21, 1185, 0, 0),
(21, 1186, 0, 0),
(21, 1187, 0, 0),
(21, 1188, 0, 0),
(21, 1189, 0, 0),
(21, 1190, 0, 0),
(21, 1191, 0, 0),
(21, 1192, 0, 0),
(21, 1193, 0, 0),
(21, 1194, 0, 0),
(21, 1195, 0, 0),
(21, 1196, 0, 0),
(21, 1197, 0, 0),
(21, 1199, 0, 0),
(21, 1200, 0, 0),
(22, 1201, 0, 0),
(22, 1202, 0, 0),
(22, 1203, 0, 0),
(22, 1204, 0, 0),
(22, 1205, 0, 0),
(22, 1206, 0, 0),
(22, 1207, 0, 0),
(22, 1208, 0, 0),
(22, 1209, 0, 0),
(22, 1210, 0, 0),
(22, 1211, 0, 0),
(22, 1212, 0, 0),
(22, 1213, 0, 0),
(22, 1214, 0, 0),
(22, 1215, 0, 0),
(22, 1216, 0, 0),
(23, 1217, 0, 0),
(23, 1218, 0, 0),
(23, 1219, 0, 0),
(23, 1220, 0, 0),
(23, 1221, 0, 0),
(23, 1222, 0, 0),
(23, 1223, 0, 0),
(23, 1224, 0, 0),
(23, 1225, 0, 0),
(23, 1226, 0, 0),
(23, 1227, 0, 0),
(23, 1228, 0, 0),
(23, 1229, 0, 0),
(23, 1230, 0, 0),
(23, 1231, 0, 0),
(23, 1232, 0, 0),
(70, 1233, 0, 0),
(70, 1234, 0, 0),
(70, 1235, 0, 0),
(70, 1236, 0, 0),
(70, 1237, 0, 0),
(70, 1239, 0, 0),
(70, 1240, 0, 0),
(70, 1241, 0, 0),
(70, 1242, 0, 0),
(70, 1243, 0, 0),
(70, 1244, 0, 0),
(70, 1245, 0, 0),
(70, 1246, 0, 0),
(71, 1247, 0, 0),
(71, 1248, 0, 0),
(71, 1249, 0, 0),
(71, 1250, 0, 0),
(71, 1251, 0, 0),
(71, 1252, 0, 0),
(71, 1253, 0, 0),
(71, 1254, 0, 0),
(71, 1255, 0, 0),
(71, 1256, 0, 0),
(71, 1257, 0, 0),
(71, 1258, 0, 0),
(71, 1259, 0, 0),
(71, 1260, 0, 0),
(71, 1261, 0, 0),
(71, 1262, 0, 0),
(71, 1263, 0, 0),
(71, 1265, 0, 0),
(71, 1266, 0, 0),
(71, 1267, 0, 0),
(71, 1268, 0, 0),
(71, 1269, 0, 0),
(71, 1271, 0, 0),
(71, 1272, 0, 0),
(71, 1273, 0, 0),
(66, 1275, 0, 0),
(7, 1276, 0, 0),
(6, 1277, 0, 0),
(4, 1278, 0, 0),
(18, 1279, 0, 0),
(51, 1280, 0, 0),
(2, 1281, 0, 0),
(70, 1282, 0, 0),
(70, 1283, 0, 0),
(70, 1284, 0, 0),
(6, 1285, 0, 0),
(6, 1286, 0, 0),
(6, 1287, 0, 0),
(6, 1288, 0, 0),
(6, 1289, 0, 0),
(6, 1290, 0, 0),
(7, 1291, 0, 0),
(7, 1292, 0, 0),
(4, 1293, 0, 0),
(4, 1294, 0, 0),
(4, 1295, 0, 0),
(4, 1296, 0, 0),
(20, 1297, 0, 0),
(20, 1298, 0, 0),
(20, 1299, 0, 0),
(20, 1300, 0, 0),
(21, 1301, 0, 0),
(21, 1302, 0, 0),
(21, 1303, 0, 0),
(21, 1304, 0, 0),
(22, 1305, 0, 0),
(22, 1306, 0, 0),
(22, 1307, 0, 0),
(22, 1308, 0, 0),
(23, 1309, 0, 0),
(23, 1310, 0, 0),
(23, 1311, 0, 0),
(23, 1312, 0, 0),
(37, 1314, 0, 0),
(59, 1315, 0, 0),
(57, 1316, 0, 0),
(58, 1317, 0, 0),
(42, 1318, 0, 0),
(42, 1319, 0, 0),
(42, 1320, 0, 0),
(7, 1321, 0, 0),
(29, 1322, 0, 0),
(37, 1323, 0, 0),
(37, 1324, 0, 0),
(37, 1325, 0, 0),
(51, 1326, 0, 0),
(51, 1327, 0, 0),
(51, 1328, 0, 0),
(7, 1329, 0, 0),
(6, 1330, 0, 0),
(6, 1331, 0, 0),
(4, 1332, 0, 0),
(18, 1333, 0, 0),
(20, 1334, 0, 0),
(22, 1335, 0, 0),
(21, 1336, 0, 0),
(23, 1337, 0, 0),
(71, 1338, 0, 0),
(2, 1339, 0, 0),
(43, 1340, 0, 0),
(13, 1341, 0, 0),
(58, 1342, 0, 0),
(58, 1344, 0, 0),
(20, 1345, 0, 0),
(20, 1346, 0, 0),
(20, 1347, 0, 0),
(22, 1348, 0, 0),
(22, 1349, 0, 0),
(22, 1350, 0, 0),
(23, 1351, 0, 0),
(23, 1352, 0, 0),
(23, 1353, 0, 0),
(21, 1354, 0, 0),
(21, 1355, 0, 0),
(21, 1356, 0, 0),
(2, 1357, 0, 0),
(2, 1358, 0, 0),
(2, 1359, 0, 0),
(2, 1360, 0, 0),
(6, 1363, 0, 0),
(6, 1364, 0, 0),
(23, 1367, 0, 0),
(4, 1368, 0, 0),
(6, 1369, 0, 0),
(6, 1370, 0, 0),
(71, 1371, 0, 0),
(71, 1372, 0, 0),
(71, 1373, 0, 0),
(2, 1374, 0, 0),
(6, 1375, 0, 0),
(6, 1376, 0, 0),
(26, 1377, 0, 0),
(26, 1378, 0, 0),
(2, 1379, 0, 0),
(2, 1380, 0, 0),
(43, 1381, 0, 0),
(43, 1382, 0, 0),
(13, 1383, 0, 0),
(13, 1384, 0, 0),
(4, 1385, 0, 0),
(4, 1386, 0, 0),
(70, 1387, 0, 0),
(20, 1388, 0, 0),
(23, 1389, 0, 0),
(22, 1390, 0, 0),
(4, 1391, 0, 0),
(14, 1392, 0, 0),
(14, 1393, 0, 0),
(35, 1394, 0, 0),
(35, 1395, 0, 0),
(7, 1396, 0, 0),
(7, 1397, 0, 0),
(8, 1398, 0, 0),
(8, 1399, 0, 0),
(9, 1400, 0, 0),
(9, 1401, 0, 0),
(15, 1402, 0, 0),
(15, 1403, 0, 0),
(16, 1404, 0, 0),
(16, 1405, 0, 0),
(18, 1406, 0, 0),
(18, 1407, 0, 0),
(19, 1408, 0, 0),
(19, 1409, 0, 0),
(20, 1410, 0, 0),
(20, 1411, 0, 0),
(21, 1412, 0, 0),
(21, 1413, 0, 0),
(22, 1414, 0, 0),
(22, 1415, 0, 0),
(23, 1416, 0, 0),
(23, 1417, 0, 0),
(34, 1418, 0, 0),
(34, 1419, 0, 0),
(37, 1420, 0, 0),
(37, 1421, 0, 0),
(41, 1422, 0, 0),
(41, 1423, 0, 0),
(42, 1424, 0, 0),
(42, 1425, 0, 0),
(47, 1426, 0, 0),
(47, 1427, 0, 0),
(49, 1428, 0, 0),
(49, 1429, 0, 0),
(51, 1430, 0, 0),
(51, 1431, 0, 0),
(54, 1432, 0, 0),
(54, 1433, 0, 0),
(57, 1434, 0, 0),
(57, 1435, 0, 0),
(58, 1436, 0, 0),
(58, 1437, 0, 0),
(59, 1438, 0, 0),
(59, 1439, 0, 0),
(60, 1440, 0, 0),
(60, 1441, 0, 0),
(61, 1442, 0, 0),
(61, 1443, 0, 0),
(70, 1444, 0, 0),
(70, 1445, 0, 0),
(71, 1446, 0, 0),
(71, 1447, 0, 0),
(2, 1448, 0, 0),
(4, 1449, 0, 0),
(6, 1450, 0, 0),
(7, 1451, 0, 0),
(8, 1452, 0, 0),
(9, 1453, 0, 0),
(13, 1454, 0, 0),
(14, 1455, 0, 0),
(15, 1456, 0, 0),
(16, 1457, 0, 0),
(18, 1458, 0, 0),
(19, 1459, 0, 0),
(20, 1460, 0, 0),
(21, 1461, 0, 0),
(22, 1462, 0, 0),
(23, 1463, 0, 0),
(26, 1464, 0, 0),
(34, 1465, 0, 0),
(35, 1466, 0, 0),
(37, 1467, 0, 0),
(41, 1468, 0, 0),
(42, 1469, 0, 0),
(43, 1470, 0, 0),
(47, 1471, 0, 0),
(49, 1472, 0, 0),
(51, 1473, 0, 0),
(54, 1474, 0, 0),
(57, 1475, 0, 0),
(58, 1476, 0, 0),
(59, 1477, 0, 0),
(60, 1478, 0, 0),
(61, 1479, 0, 0),
(70, 1480, 0, 0),
(71, 1481, 0, 0),
(13, 1482, 0, 0),
(13, 1483, 0, 0),
(37, 1484, 0, 0),
(58, 1485, 0, 0),
(7, 1486, 0, 0),
(4, 1487, 0, 0),
(6, 1488, 0, 0),
(18, 1489, 0, 0),
(20, 1490, 0, 0),
(21, 1491, 0, 0),
(22, 1492, 0, 0),
(23, 1493, 0, 0),
(4, 1494, 0, 0),
(6, 1495, 0, 0),
(18, 1496, 0, 0),
(20, 1497, 0, 0),
(21, 1498, 0, 0),
(22, 1499, 0, 0),
(23, 1500, 0, 0),
(18, 1501, 0, 0),
(6, 1502, 0, 0),
(4, 1503, 0, 0);

-- --------------------------------------------------------

--
-- Table structure for table `vtiger_def_org_share`
--

CREATE TABLE IF NOT EXISTS `vtiger_def_org_share` (
  `ruleid` int(11) NOT NULL AUTO_INCREMENT,
  `tabid` int(11) NOT NULL,
  `permission` int(19) DEFAULT NULL,
  `editstatus` int(19) DEFAULT NULL,
  PRIMARY KEY (`ruleid`),
  KEY `fk_1_vtiger_def_org_share` (`permission`)
) ENGINE=InnoDB  DEFAULT CHARSET=utf8 AUTO_INCREMENT=45 ;

--
-- Dumping data for table `vtiger_def_org_share`
--

INSERT INTO `vtiger_def_org_share` (`ruleid`, `tabid`, `permission`, `editstatus`) VALUES
(1, 2, 2, 0),
(2, 4, 2, 2),
(3, 6, 2, 0),
(4, 7, 2, 0),
(5, 9, 3, 1),
(6, 13, 2, 0),
(7, 16, 3, 2),
(8, 20, 2, 0),
(9, 21, 2, 0),
(10, 22, 2, 0),
(11, 23, 2, 0),
(12, 26, 2, 0),
(13, 8, 2, 0),
(14, 14, 2, 0),
(15, 33, 3, 0),
(16, 34, 2, 0),
(17, 35, 2, 0),
(18, 37, 2, 0),
(19, 40, 2, 0),
(20, 41, 2, 0),
(21, 42, 2, 0),
(22, 43, 2, 0),
(23, 45, 2, 0),
(24, 18, 2, 0),
(25, 10, 2, 0),
(26, 47, 2, 0),
(27, 49, 2, 0),
(28, 51, 2, 0),
(29, 54, 3, 0),
(30, 57, 2, 0),
(31, 58, 2, 0),
(32, 59, 2, 0),
(33, 60, 2, 0),
(34, 61, 2, 0),
(35, 62, 2, 0),
(36, 63, 2, 0),
(37, 64, 2, 0),
(38, 65, 2, 0),
(39, 66, 2, 0),
(40, 67, 2, 0),
(41, 68, 2, 0),
(42, 69, 2, 0),
(43, 70, 2, 0),
(44, 71, 2, 0);

-- --------------------------------------------------------

--
-- Table structure for table `vtiger_def_org_share_seq`
--

CREATE TABLE IF NOT EXISTS `vtiger_def_org_share_seq` (
  `id` int(11) NOT NULL
) ENGINE=InnoDB DEFAULT CHARSET=utf8;

--
-- Dumping data for table `vtiger_def_org_share_seq`
--

INSERT INTO `vtiger_def_org_share_seq` (`id`) VALUES
(44);

-- --------------------------------------------------------

--
-- Table structure for table `vtiger_durationhrs`
--

CREATE TABLE IF NOT EXISTS `vtiger_durationhrs` (
  `hrsid` int(19) NOT NULL AUTO_INCREMENT,
  `hrs` varchar(50) DEFAULT NULL,
  `sortorderid` int(19) NOT NULL DEFAULT '0',
  `presence` int(1) NOT NULL DEFAULT '1',
  PRIMARY KEY (`hrsid`)
) ENGINE=InnoDB DEFAULT CHARSET=utf8 AUTO_INCREMENT=1 ;

-- --------------------------------------------------------

--
-- Table structure for table `vtiger_durationmins`
--

CREATE TABLE IF NOT EXISTS `vtiger_durationmins` (
  `minsid` int(19) NOT NULL AUTO_INCREMENT,
  `mins` varchar(50) DEFAULT NULL,
  `sortorderid` int(19) NOT NULL DEFAULT '0',
  `presence` int(1) NOT NULL DEFAULT '1',
  PRIMARY KEY (`minsid`)
) ENGINE=InnoDB DEFAULT CHARSET=utf8 AUTO_INCREMENT=1 ;

-- --------------------------------------------------------

--
-- Table structure for table `vtiger_duration_minutes`
--

CREATE TABLE IF NOT EXISTS `vtiger_duration_minutes` (
  `minutesid` int(19) NOT NULL AUTO_INCREMENT,
  `duration_minutes` varchar(200) NOT NULL,
  `sortorderid` int(19) NOT NULL DEFAULT '0',
  `presence` int(1) NOT NULL DEFAULT '1',
  PRIMARY KEY (`minutesid`)
) ENGINE=InnoDB  DEFAULT CHARSET=utf8 AUTO_INCREMENT=5 ;

--
-- Dumping data for table `vtiger_duration_minutes`
--

INSERT INTO `vtiger_duration_minutes` (`minutesid`, `duration_minutes`, `sortorderid`, `presence`) VALUES
(1, '00', 0, 1),
(2, '15', 1, 1),
(3, '30', 2, 1),
(4, '45', 3, 1);

-- --------------------------------------------------------

--
-- Table structure for table `vtiger_duration_minutes_seq`
--

CREATE TABLE IF NOT EXISTS `vtiger_duration_minutes_seq` (
  `id` int(11) NOT NULL
) ENGINE=InnoDB DEFAULT CHARSET=utf8;

--
-- Dumping data for table `vtiger_duration_minutes_seq`
--

INSERT INTO `vtiger_duration_minutes_seq` (`id`) VALUES
(4);

-- --------------------------------------------------------

--
-- Table structure for table `vtiger_emaildetails`
--

CREATE TABLE IF NOT EXISTS `vtiger_emaildetails` (
  `emailid` int(19) NOT NULL,
  `from_email` varchar(50) NOT NULL DEFAULT '',
  `to_email` text,
  `cc_email` text,
  `bcc_email` text,
  `assigned_user_email` varchar(50) NOT NULL DEFAULT '',
  `idlists` text,
  `email_flag` varchar(50) NOT NULL DEFAULT '',
  PRIMARY KEY (`emailid`)
) ENGINE=InnoDB DEFAULT CHARSET=utf8;

-- --------------------------------------------------------

--
-- Table structure for table `vtiger_email_access`
--

CREATE TABLE IF NOT EXISTS `vtiger_email_access` (
  `crmid` int(11) DEFAULT NULL,
  `mailid` int(11) DEFAULT NULL,
  `accessdate` date DEFAULT NULL,
  `accesstime` datetime DEFAULT NULL
) ENGINE=InnoDB DEFAULT CHARSET=utf8;

-- --------------------------------------------------------

--
-- Table structure for table `vtiger_email_track`
--

CREATE TABLE IF NOT EXISTS `vtiger_email_track` (
  `crmid` int(11) DEFAULT NULL,
  `mailid` int(11) DEFAULT NULL,
  `access_count` int(11) DEFAULT NULL,
  UNIQUE KEY `link_tabidtype_idx` (`crmid`,`mailid`)
) ENGINE=InnoDB DEFAULT CHARSET=utf8;

-- --------------------------------------------------------

--
-- Table structure for table `vtiger_employee_education`
--

CREATE TABLE IF NOT EXISTS `vtiger_employee_education` (
  `employee_educationid` int(11) NOT NULL AUTO_INCREMENT,
  `employee_education` varchar(200) NOT NULL,
  `presence` int(1) NOT NULL DEFAULT '1',
  `picklist_valueid` int(11) NOT NULL DEFAULT '0',
  `sortorderid` int(11) DEFAULT '0',
  PRIMARY KEY (`employee_educationid`)
) ENGINE=InnoDB  DEFAULT CHARSET=utf8 AUTO_INCREMENT=4 ;

--
-- Dumping data for table `vtiger_employee_education`
--

INSERT INTO `vtiger_employee_education` (`employee_educationid`, `employee_education`, `presence`, `picklist_valueid`, `sortorderid`) VALUES
(1, 'Primary', 1, 425, 1),
(2, 'Secondary', 1, 426, 2),
(3, 'Higher', 1, 427, 3);

-- --------------------------------------------------------

--
-- Table structure for table `vtiger_employee_education_seq`
--

CREATE TABLE IF NOT EXISTS `vtiger_employee_education_seq` (
  `id` int(11) NOT NULL
) ENGINE=InnoDB DEFAULT CHARSET=utf8;

--
-- Dumping data for table `vtiger_employee_education_seq`
--

INSERT INTO `vtiger_employee_education_seq` (`id`) VALUES
(3);

-- --------------------------------------------------------

--
-- Table structure for table `vtiger_employee_status`
--

CREATE TABLE IF NOT EXISTS `vtiger_employee_status` (
  `employee_statusid` int(11) NOT NULL AUTO_INCREMENT,
  `employee_status` varchar(200) NOT NULL,
  `presence` int(1) NOT NULL DEFAULT '1',
  `picklist_valueid` int(11) NOT NULL DEFAULT '0',
  `sortorderid` int(11) DEFAULT '0',
  PRIMARY KEY (`employee_statusid`)
) ENGINE=InnoDB  DEFAULT CHARSET=utf8 AUTO_INCREMENT=4 ;

--
-- Dumping data for table `vtiger_employee_status`
--

INSERT INTO `vtiger_employee_status` (`employee_statusid`, `employee_status`, `presence`, `picklist_valueid`, `sortorderid`) VALUES
(1, 'Recruiting', 1, 422, 1),
(2, 'Employee', 1, 423, 2),
(3, 'Inactive', 1, 424, 3);

-- --------------------------------------------------------

--
-- Table structure for table `vtiger_employee_status_seq`
--

CREATE TABLE IF NOT EXISTS `vtiger_employee_status_seq` (
  `id` int(11) NOT NULL
) ENGINE=InnoDB DEFAULT CHARSET=utf8;

--
-- Dumping data for table `vtiger_employee_status_seq`
--

INSERT INTO `vtiger_employee_status_seq` (`id`) VALUES
(3);

-- --------------------------------------------------------

--
-- Table structure for table `vtiger_end_hour`
--

CREATE TABLE IF NOT EXISTS `vtiger_end_hour` (
  `end_hourid` int(11) NOT NULL AUTO_INCREMENT,
  `end_hour` varchar(200) NOT NULL,
  `sortorderid` int(11) DEFAULT NULL,
  `presence` int(11) NOT NULL DEFAULT '1',
  PRIMARY KEY (`end_hourid`)
) ENGINE=InnoDB  DEFAULT CHARSET=utf8 AUTO_INCREMENT=25 ;

--
-- Dumping data for table `vtiger_end_hour`
--

INSERT INTO `vtiger_end_hour` (`end_hourid`, `end_hour`, `sortorderid`, `presence`) VALUES
(1, '00:00', 1, 1),
(2, '01:00', 2, 1),
(3, '02:00', 3, 1),
(4, '03:00', 4, 1),
(5, '04:00', 5, 1),
(6, '05:00', 6, 1),
(7, '06:00', 7, 1),
(8, '07:00', 8, 1),
(9, '08:00', 9, 1),
(10, '09:00', 10, 1),
(11, '10:00', 11, 1),
(12, '11:00', 12, 1),
(13, '12:00', 13, 1),
(14, '13:00', 14, 1),
(15, '14:00', 15, 1),
(16, '15:00', 16, 1),
(17, '16:00', 17, 1),
(18, '17:00', 18, 1),
(19, '18:00', 19, 1),
(20, '19:00', 20, 1),
(21, '20:00', 21, 1),
(22, '21:00', 22, 1),
(23, '22:00', 23, 1),
(24, '23:00', 24, 1);

-- --------------------------------------------------------

--
-- Table structure for table `vtiger_end_hour_seq`
--

CREATE TABLE IF NOT EXISTS `vtiger_end_hour_seq` (
  `id` int(11) NOT NULL
) ENGINE=InnoDB DEFAULT CHARSET=utf8;

--
-- Dumping data for table `vtiger_end_hour_seq`
--

INSERT INTO `vtiger_end_hour_seq` (`id`) VALUES
(1);

-- --------------------------------------------------------

--
-- Table structure for table `vtiger_entityname`
--

CREATE TABLE IF NOT EXISTS `vtiger_entityname` (
  `tabid` int(19) NOT NULL DEFAULT '0',
  `modulename` varchar(50) NOT NULL,
  `tablename` varchar(100) NOT NULL,
  `fieldname` varchar(150) NOT NULL,
  `entityidfield` varchar(150) NOT NULL,
  `entityidcolumn` varchar(150) NOT NULL,
  `searchcolumn` varchar(150) NOT NULL,
  `turn_off` int(1) NOT NULL DEFAULT '1',
  `sequence` int(19) NOT NULL,
  PRIMARY KEY (`tabid`),
  KEY `entityname_tabid_idx` (`tabid`)
) ENGINE=InnoDB DEFAULT CHARSET=utf8;

--
-- Dumping data for table `vtiger_entityname`
--

INSERT INTO `vtiger_entityname` (`tabid`, `modulename`, `tablename`, `fieldname`, `entityidfield`, `entityidcolumn`, `searchcolumn`, `turn_off`, `sequence`) VALUES
(2, 'Potentials', 'vtiger_potential', 'potentialname', 'potentialid', 'potential_id', 'potentialname', 1, 0),
(4, 'Contacts', 'vtiger_contactdetails', 'firstname,lastname', 'contactid', 'contact_id', 'firstname,lastname', 1, 0),
(6, 'Accounts', 'vtiger_account', 'accountname', 'accountid', 'account_id', 'accountname', 1, 0),
(7, 'Leads', 'vtiger_leaddetails', 'lastname', 'leadid', 'leadid', 'lastname', 1, 0),
(8, 'Documents', 'vtiger_notes', 'title', 'notesid', 'notesid', 'title', 1, 0),
(9, 'Calendar', 'vtiger_activity', 'subject', 'activityid', 'activityid', 'subject', 1, 0),
(10, 'Emails', 'vtiger_activity', 'subject', 'activityid', 'activityid', 'subject', 1, 0),
(13, 'HelpDesk', 'vtiger_troubletickets', 'title', 'ticketid', 'ticketid', 'title', 1, 0),
(14, 'Products', 'vtiger_products', 'productname', 'productid', 'product_id', 'productname', 1, 0),
(15, 'Faq', 'vtiger_faq', 'question', 'id', 'id', 'question', 1, 0),
(16, 'Events', 'vtiger_activity', 'subject', 'activityid', 'activityid', 'subject', 1, 0),
(18, 'Vendors', 'vtiger_vendor', 'vendorname', 'vendorid', 'vendor_id', 'vendorname', 1, 0),
(19, 'PriceBooks', 'vtiger_pricebook', 'bookname', 'pricebookid', 'pricebookid', 'bookname', 1, 0),
(20, 'Quotes', 'vtiger_quotes', 'subject', 'quoteid', 'quote_id', 'subject', 1, 0),
(21, 'PurchaseOrder', 'vtiger_purchaseorder', 'subject', 'purchaseorderid', 'purchaseorderid', 'subject', 1, 0),
(22, 'SalesOrder', 'vtiger_salesorder', 'subject', 'salesorderid', 'salesorder_id', 'subject', 1, 0),
(23, 'Invoice', 'vtiger_invoice', 'subject', 'invoiceid', 'invoiceid', 'subject', 1, 0),
(26, 'Campaigns', 'vtiger_campaign', 'campaignname', 'campaignid', 'campaignid', 'campaignname', 1, 0),
(29, 'Users', 'vtiger_users', 'last_name,first_name', 'id', 'id', 'last_name,first_name', 1, 0),
(33, 'PBXManager', 'vtiger_pbxmanager', 'customernumber', 'pbxmanagerid', 'pbxmanagerid', 'customernumber', 1, 0),
(34, 'ServiceContracts', 'vtiger_servicecontracts', 'subject', 'servicecontractsid', 'servicecontractsid', 'subject', 1, 0),
(35, 'Services', 'vtiger_service', 'servicename', 'serviceid', 'serviceid', 'servicename', 1, 0),
(37, 'Assets', 'vtiger_assets', 'assetname', 'assetsid', 'assetsid', 'assetname', 1, 0),
(40, 'ModComments', 'vtiger_modcomments', 'commentcontent', 'modcommentsid', 'modcommentsid', 'commentcontent', 1, 0),
(41, 'ProjectMilestone', 'vtiger_projectmilestone', 'projectmilestonename', 'projectmilestoneid', 'projectmilestoneid', 'projectmilestonename', 1, 0),
(42, 'ProjectTask', 'vtiger_projecttask', 'projecttaskname', 'projecttaskid', 'projecttaskid', 'projecttaskname', 1, 0),
(43, 'Project', 'vtiger_project', 'projectname', 'projectid', 'projectid', 'projectname', 1, 0),
(45, 'SMSNotifier', 'vtiger_smsnotifier', 'message', 'smsnotifierid', 'smsnotifierid', 'message', 1, 0),
(47, 'OSSPdf', 'vtiger_osspdf', 'title', 'osspdfid', 'osspdfid', 'title', 1, 0),
(49, 'OSSMailTemplates', 'vtiger_ossmailtemplates', 'name', 'ossmailtemplatesid', 'ossmailtemplatesid', 'name', 1, 0),
(51, 'OSSTimeControl', 'vtiger_osstimecontrol', 'name', 'osstimecontrolid', 'osstimecontrolid', 'name', 1, 0),
(54, 'OSSMailView', 'vtiger_ossmailview', 'subject', 'ossmailviewid', 'ossmailviewid', 'subject', 1, 0),
(57, 'OSSOutsourcedServices', 'vtiger_ossoutsourcedservices', 'productname', 'ossoutsourcedservicesid', 'ossoutsourcedservicesid', 'productname', 1, 0),
(58, 'OSSSoldServices', 'vtiger_osssoldservices', 'productname', 'osssoldservicesid', 'osssoldservicesid', 'productname', 1, 0),
(59, 'OutsourcedProducts', 'vtiger_outsourcedproducts', 'productname', 'outsourcedproductsid', 'outsourcedproductsid', 'productname', 1, 0),
(60, 'OSSPasswords', 'vtiger_osspasswords', 'passwordname', 'osspasswordsid', 'osspasswordsid', 'passwordname', 1, 0),
(61, 'OSSEmployees', 'vtiger_ossemployees', 'last_name', 'ossemployeesid', 'ossemployeesid', 'last_name', 1, 0),
(70, 'Calculations', 'vtiger_calculations', 'name', 'calculationsid', 'calculationsid', 'calculations_no,name', 1, 0),
(71, 'OSSCosts', 'vtiger_osscosts', 'name', 'osscostsid', 'osscostsid', 'name', 1, 0);

-- --------------------------------------------------------

--
-- Table structure for table `vtiger_eventhandlers`
--

CREATE TABLE IF NOT EXISTS `vtiger_eventhandlers` (
  `eventhandler_id` int(11) NOT NULL AUTO_INCREMENT,
  `event_name` varchar(100) NOT NULL,
  `handler_path` varchar(400) NOT NULL,
  `handler_class` varchar(100) NOT NULL,
  `cond` text,
  `is_active` int(1) NOT NULL,
  `dependent_on` varchar(255) DEFAULT '[]',
  PRIMARY KEY (`eventhandler_id`,`event_name`,`handler_class`),
  UNIQUE KEY `eventhandler_idx` (`eventhandler_id`)
) ENGINE=InnoDB  DEFAULT CHARSET=utf8 AUTO_INCREMENT=34 ;

--
-- Dumping data for table `vtiger_eventhandlers`
--

INSERT INTO `vtiger_eventhandlers` (`eventhandler_id`, `event_name`, `handler_path`, `handler_class`, `cond`, `is_active`, `dependent_on`) VALUES
(1, 'vtiger.entity.beforesave', 'data/VTEntityDelta.php', 'VTEntityDelta', '', 1, '[]'),
(2, 'vtiger.entity.aftersave', 'data/VTEntityDelta.php', 'VTEntityDelta', '', 1, '[]'),
(3, 'vtiger.entity.aftersave', 'modules/com_vtiger_workflow/VTEventHandler.inc', 'VTWorkflowEventHandler', '', 1, '["VTEntityDelta"]'),
(4, 'vtiger.entity.afterrestore', 'modules/com_vtiger_workflow/VTEventHandler.inc', 'VTWorkflowEventHandler', '', 1, '[]'),
(5, 'vtiger.entity.beforeunlink', 'data/VTEntityDelta.php', 'VTEntityDelta', NULL, 1, '[]'),
(6, 'vtiger.entity.afterunlink', 'data/VTEntityDelta.php', 'VTEntityDelta', NULL, 1, '[]'),
(7, 'vtiger.entity.aftersave.final', 'modules/ModTracker/handlers/ModTrackerHandler.php', 'ModTrackerHandler', '', 1, '[]'),
(8, 'vtiger.entity.beforedelete', 'modules/ModTracker/handlers/ModTrackerHandler.php', 'ModTrackerHandler', '', 1, '[]'),
(9, 'vtiger.entity.afterrestore', 'modules/ModTracker/handlers/ModTrackerHandler.php', 'ModTrackerHandler', '', 1, '[]'),
(10, 'vtiger.entity.aftersave', 'modules/PBXManager/handlers/PBXManagerHandler.php', 'PBXManagerHandler', '', 1, '["VTEntityDelta"]'),
(11, 'vtiger.entity.afterdelete', 'modules/PBXManager/handlers/PBXManagerHandler.php', 'PBXManagerHandler', '', 1, '[]'),
(12, 'vtiger.entity.afterrestore', 'modules/PBXManager/handlers/PBXManagerHandler.php', 'PBXManagerHandler', '', 1, '[]'),
(13, 'vtiger.batchevent.save', 'modules/PBXManager/handlers/PBXManagerHandler.php', 'PBXManagerBatchHandler', '', 1, '[]'),
(14, 'vtiger.batchevent.delete', 'modules/PBXManager/handlers/PBXManagerHandler.php', 'PBXManagerBatchHandler', '', 1, '[]'),
(15, 'vtiger.entity.beforesave', 'modules/ServiceContracts/handlers/ServiceContractsHandler.php', 'ServiceContractsHandler', '', 1, '[]'),
(16, 'vtiger.entity.aftersave', 'modules/ServiceContracts/handlers/ServiceContractsHandler.php', 'ServiceContractsHandler', '', 1, '[]'),
(17, 'vtiger.entity.aftersave', 'modules/WSAPP/WorkFlowHandlers/WSAPPAssignToTracker.php', 'WSAPPAssignToTracker', '', 1, '["VTEntityDelta"]'),
(18, 'vtiger.entity.aftersave', 'modules/Vtiger/handlers/RecordLabelUpdater.php', 'Vtiger_RecordLabelUpdater_Handler', '', 1, '[]'),
(20, 'vtiger.entity.aftersave', 'modules/PurchaseOrder/handlers/PurchaseOrderHandler.php', 'PurchaseOrderHandler', '', 1, '[]'),
(21, 'vtiger.entity.aftersave', 'modules/ModComments/handlers/ModCommentsHandler.php', 'ModCommentsHandler', '', 1, '[]'),
(22, 'vtiger.picklist.afterrename', 'modules/Settings/Picklist/handlers/PickListHandler.php', 'PickListHandler', '', 1, '[]'),
(23, 'vtiger.picklist.afterdelete', 'modules/Settings/Picklist/handlers/PickListHandler.php', 'PickListHandler', '', 1, '[]'),
(24, 'vtiger.entity.aftersave.final', 'modules/OSSPasswords/handlers/secure.php', 'SECURE', '', 1, '[]'),
(25, 'vtiger.entity.aftersave.final', 'modules/OSSTimeControl/handlers/TimeControl.php', 'TimeControlHandler', '', 1, '[]'),
(26, 'vtiger.entity.aftersave.final', 'modules/Potentials/handlers/PotentialsHandler.php', 'PotentialsHandler', '', 1, '[]'),
(27, 'vtiger.entity.aftersave.final', 'modules/Accounts/handlers/AccountsHandler.php', 'AccountsHandler', NULL, 1, '[]'),
(28, 'vtiger.entity.aftersave.final', 'modules/Vtiger/handlers/SharedOwnerUpdater.php', 'Vtiger_SharedOwnerUpdater_Handler', NULL, 1, '[]'),
(29, 'vtiger.entity.aftersave.final', 'modules/Vtiger/handlers/SharingPrivileges.php', 'Vtiger_SharingPrivileges_Handler', NULL, 1, '[]'),
(30, 'vtiger.entity.aftersave', 'modules/SalesOrder/handlers/RecurringInvoiceHandler.php', 'RecurringInvoiceHandler', '', 1, '[]'),
(31, 'vtiger.entity.aftersave.final', 'modules/HelpDesk/handlers/HelpDeskHandler.php', 'HelpDeskHandler', '', 1, '[]'),
(32, 'vtiger.entity.afterunlink', 'modules/OSSTimeControl/handlers/TimeControl.php', 'TimeControlHandler', NULL, 1, '[]'),
(33, 'vtiger.entity.afterdelete', 'modules/OSSTimeControl/handlers/TimeControl.php', 'TimeControlHandler', NULL, 1, '[]');

-- --------------------------------------------------------

--
-- Table structure for table `vtiger_eventhandlers_seq`
--

CREATE TABLE IF NOT EXISTS `vtiger_eventhandlers_seq` (
  `id` int(11) NOT NULL
) ENGINE=InnoDB DEFAULT CHARSET=utf8;

--
-- Dumping data for table `vtiger_eventhandlers_seq`
--

INSERT INTO `vtiger_eventhandlers_seq` (`id`) VALUES
(33);

-- --------------------------------------------------------

--
-- Table structure for table `vtiger_eventhandler_module`
--

CREATE TABLE IF NOT EXISTS `vtiger_eventhandler_module` (
  `eventhandler_module_id` int(11) NOT NULL AUTO_INCREMENT,
  `module_name` varchar(100) DEFAULT NULL,
  `handler_class` varchar(100) DEFAULT NULL,
  PRIMARY KEY (`eventhandler_module_id`)
) ENGINE=InnoDB  DEFAULT CHARSET=utf8 AUTO_INCREMENT=6 ;

--
-- Dumping data for table `vtiger_eventhandler_module`
--

INSERT INTO `vtiger_eventhandler_module` (`eventhandler_module_id`, `module_name`, `handler_class`) VALUES
(1, 'ModTracker', 'ModTrackerHandler'),
(2, 'ServiceContracts', 'ServiceContractsHandler'),
(3, 'Home', 'Vtiger_RecordLabelUpdater_Handler'),
(4, 'Invoice', 'InvoiceHandler'),
(5, 'PurchaseOrder', 'PurchaseOrderHandler');

-- --------------------------------------------------------

--
-- Table structure for table `vtiger_eventhandler_module_seq`
--

CREATE TABLE IF NOT EXISTS `vtiger_eventhandler_module_seq` (
  `id` int(11) NOT NULL
) ENGINE=InnoDB DEFAULT CHARSET=utf8;

--
-- Dumping data for table `vtiger_eventhandler_module_seq`
--

INSERT INTO `vtiger_eventhandler_module_seq` (`id`) VALUES
(5);

-- --------------------------------------------------------

--
-- Table structure for table `vtiger_eventstatus`
--

CREATE TABLE IF NOT EXISTS `vtiger_eventstatus` (
  `eventstatusid` int(19) NOT NULL AUTO_INCREMENT,
  `eventstatus` varchar(200) NOT NULL,
  `presence` int(1) NOT NULL DEFAULT '1',
  `picklist_valueid` int(19) NOT NULL DEFAULT '0',
  `sortorderid` int(11) DEFAULT NULL,
  PRIMARY KEY (`eventstatusid`)
) ENGINE=InnoDB  DEFAULT CHARSET=utf8 AUTO_INCREMENT=4 ;

--
-- Dumping data for table `vtiger_eventstatus`
--

INSERT INTO `vtiger_eventstatus` (`eventstatusid`, `eventstatus`, `presence`, `picklist_valueid`, `sortorderid`) VALUES
(1, 'Planned', 0, 38, 0),
(2, 'Held', 0, 39, 1),
(3, 'Not Held', 0, 40, 2);

-- --------------------------------------------------------

--
-- Table structure for table `vtiger_eventstatus_seq`
--

CREATE TABLE IF NOT EXISTS `vtiger_eventstatus_seq` (
  `id` int(11) NOT NULL
) ENGINE=InnoDB DEFAULT CHARSET=utf8;

--
-- Dumping data for table `vtiger_eventstatus_seq`
--

INSERT INTO `vtiger_eventstatus_seq` (`id`) VALUES
(3);

-- --------------------------------------------------------

--
-- Table structure for table `vtiger_expectedresponse`
--

CREATE TABLE IF NOT EXISTS `vtiger_expectedresponse` (
  `expectedresponseid` int(19) NOT NULL AUTO_INCREMENT,
  `expectedresponse` varchar(200) NOT NULL,
  `presence` int(1) NOT NULL DEFAULT '1',
  `picklist_valueid` int(19) NOT NULL DEFAULT '0',
  `sortorderid` int(11) DEFAULT NULL,
  PRIMARY KEY (`expectedresponseid`),
  UNIQUE KEY `CampaignExpRes_UK01` (`expectedresponse`)
) ENGINE=InnoDB  DEFAULT CHARSET=utf8 AUTO_INCREMENT=6 ;

--
-- Dumping data for table `vtiger_expectedresponse`
--

INSERT INTO `vtiger_expectedresponse` (`expectedresponseid`, `expectedresponse`, `presence`, `picklist_valueid`, `sortorderid`) VALUES
(2, 'Excellent', 1, 42, 1),
(3, 'Good', 1, 43, 2),
(4, 'Average', 1, 44, 3),
(5, 'Poor', 1, 45, 4);

-- --------------------------------------------------------

--
-- Table structure for table `vtiger_expectedresponse_seq`
--

CREATE TABLE IF NOT EXISTS `vtiger_expectedresponse_seq` (
  `id` int(11) NOT NULL
) ENGINE=InnoDB DEFAULT CHARSET=utf8;

--
-- Dumping data for table `vtiger_expectedresponse_seq`
--

INSERT INTO `vtiger_expectedresponse_seq` (`id`) VALUES
(5);

-- --------------------------------------------------------

--
-- Table structure for table `vtiger_faq`
--

CREATE TABLE IF NOT EXISTS `vtiger_faq` (
  `id` int(11) NOT NULL AUTO_INCREMENT,
  `faq_no` varchar(100) NOT NULL,
  `product_id` varchar(100) DEFAULT NULL,
  `question` text,
  `answer` text,
  `category` varchar(200) NOT NULL,
  `status` varchar(200) NOT NULL,
  PRIMARY KEY (`id`),
  KEY `faq_id_idx` (`id`)
) ENGINE=InnoDB DEFAULT CHARSET=utf8 AUTO_INCREMENT=1 ;

-- --------------------------------------------------------

--
-- Table structure for table `vtiger_faqcategories`
--

CREATE TABLE IF NOT EXISTS `vtiger_faqcategories` (
  `faqcategories_id` int(19) NOT NULL AUTO_INCREMENT,
  `faqcategories` varchar(200) DEFAULT NULL,
  `presence` int(1) NOT NULL DEFAULT '1',
  `picklist_valueid` int(19) NOT NULL DEFAULT '0',
  `sortorderid` int(11) DEFAULT NULL,
  PRIMARY KEY (`faqcategories_id`)
) ENGINE=InnoDB  DEFAULT CHARSET=utf8 AUTO_INCREMENT=2 ;

--
-- Dumping data for table `vtiger_faqcategories`
--

INSERT INTO `vtiger_faqcategories` (`faqcategories_id`, `faqcategories`, `presence`, `picklist_valueid`, `sortorderid`) VALUES
(1, 'General', 1, 46, 0);

-- --------------------------------------------------------

--
-- Table structure for table `vtiger_faqcategories_seq`
--

CREATE TABLE IF NOT EXISTS `vtiger_faqcategories_seq` (
  `id` int(11) NOT NULL
) ENGINE=InnoDB DEFAULT CHARSET=utf8;

--
-- Dumping data for table `vtiger_faqcategories_seq`
--

INSERT INTO `vtiger_faqcategories_seq` (`id`) VALUES
(1);

-- --------------------------------------------------------

--
-- Table structure for table `vtiger_faqcf`
--

CREATE TABLE IF NOT EXISTS `vtiger_faqcf` (
  `faqid` int(19) NOT NULL DEFAULT '0',
  PRIMARY KEY (`faqid`)
) ENGINE=InnoDB DEFAULT CHARSET=utf8;

-- --------------------------------------------------------

--
-- Table structure for table `vtiger_faqcomments`
--

CREATE TABLE IF NOT EXISTS `vtiger_faqcomments` (
  `commentid` int(19) NOT NULL AUTO_INCREMENT,
  `faqid` int(19) DEFAULT NULL,
  `comments` text,
  `createdtime` datetime NOT NULL,
  PRIMARY KEY (`commentid`),
  KEY `faqcomments_faqid_idx` (`faqid`)
) ENGINE=InnoDB DEFAULT CHARSET=utf8 AUTO_INCREMENT=1 ;

-- --------------------------------------------------------

--
-- Table structure for table `vtiger_faqstatus`
--

CREATE TABLE IF NOT EXISTS `vtiger_faqstatus` (
  `faqstatus_id` int(19) NOT NULL AUTO_INCREMENT,
  `faqstatus` varchar(200) DEFAULT NULL,
  `presence` int(1) NOT NULL DEFAULT '1',
  `picklist_valueid` int(19) NOT NULL DEFAULT '0',
  `sortorderid` int(11) DEFAULT NULL,
  PRIMARY KEY (`faqstatus_id`)
) ENGINE=InnoDB  DEFAULT CHARSET=utf8 AUTO_INCREMENT=5 ;

--
-- Dumping data for table `vtiger_faqstatus`
--

INSERT INTO `vtiger_faqstatus` (`faqstatus_id`, `faqstatus`, `presence`, `picklist_valueid`, `sortorderid`) VALUES
(1, 'Draft', 0, 47, 0),
(2, 'Reviewed', 0, 48, 1),
(3, 'Published', 0, 49, 2),
(4, 'Obsolete', 0, 50, 3);

-- --------------------------------------------------------

--
-- Table structure for table `vtiger_faqstatus_seq`
--

CREATE TABLE IF NOT EXISTS `vtiger_faqstatus_seq` (
  `id` int(11) NOT NULL
) ENGINE=InnoDB DEFAULT CHARSET=utf8;

--
-- Dumping data for table `vtiger_faqstatus_seq`
--

INSERT INTO `vtiger_faqstatus_seq` (`id`) VALUES
(4);

-- --------------------------------------------------------

--
-- Table structure for table `vtiger_feedback`
--

CREATE TABLE IF NOT EXISTS `vtiger_feedback` (
  `userid` int(19) DEFAULT NULL,
  `dontshow` varchar(19) DEFAULT 'false'
) ENGINE=InnoDB DEFAULT CHARSET=utf8;

-- --------------------------------------------------------

--
-- Table structure for table `vtiger_field`
--

CREATE TABLE IF NOT EXISTS `vtiger_field` (
  `tabid` int(19) NOT NULL,
  `fieldid` int(19) NOT NULL AUTO_INCREMENT,
  `columnname` varchar(30) NOT NULL,
  `tablename` varchar(50) NOT NULL,
  `generatedtype` int(19) NOT NULL DEFAULT '0',
  `uitype` varchar(30) NOT NULL,
  `fieldname` varchar(50) NOT NULL,
  `fieldlabel` varchar(50) NOT NULL,
  `readonly` int(1) NOT NULL,
  `presence` int(19) NOT NULL DEFAULT '1',
  `defaultvalue` text,
  `maximumlength` int(19) DEFAULT NULL,
  `sequence` int(19) DEFAULT NULL,
  `block` int(19) DEFAULT NULL,
  `displaytype` int(19) DEFAULT NULL,
  `typeofdata` varchar(100) DEFAULT NULL,
  `quickcreate` int(10) NOT NULL DEFAULT '1',
  `quickcreatesequence` int(19) DEFAULT NULL,
  `info_type` varchar(20) DEFAULT NULL,
  `masseditable` int(10) NOT NULL DEFAULT '1',
  `helpinfo` tinyint(1) DEFAULT '0',
  `summaryfield` int(10) NOT NULL DEFAULT '0',
  PRIMARY KEY (`fieldid`),
  KEY `field_tabid_idx` (`tabid`),
  KEY `field_fieldname_idx` (`fieldname`),
  KEY `field_block_idx` (`block`),
  KEY `field_displaytype_idx` (`displaytype`),
  KEY `tabid` (`tabid`,`tablename`)
) ENGINE=InnoDB  DEFAULT CHARSET=utf8 AUTO_INCREMENT=1504 ;

--
-- Dumping data for table `vtiger_field`
--

INSERT INTO `vtiger_field` (`tabid`, `fieldid`, `columnname`, `tablename`, `generatedtype`, `uitype`, `fieldname`, `fieldlabel`, `readonly`, `presence`, `defaultvalue`, `maximumlength`, `sequence`, `block`, `displaytype`, `typeofdata`, `quickcreate`, `quickcreatesequence`, `info_type`, `masseditable`, `helpinfo`, `summaryfield`) VALUES
(6, 1, 'accountname', 'vtiger_account', 1, '2', 'accountname', 'Account Name', 1, 0, '', 100, 1, 9, 1, 'V~M', 0, 1, 'BAS', 1, 0, 1),
(6, 2, 'account_no', 'vtiger_account', 1, '4', 'account_no', 'Account No', 1, 0, '', 100, 2, 9, 1, 'V~O', 3, NULL, 'BAS', 0, 0, 0),
(6, 3, 'phone', 'vtiger_account', 1, '11', 'phone', 'Phone', 1, 2, '', 100, 2, 195, 1, 'V~O', 2, 2, 'BAS', 1, 0, 1),
(6, 4, 'website', 'vtiger_account', 1, '17', 'website', 'Website', 1, 2, '', 100, 5, 195, 1, 'V~O', 2, 3, 'BAS', 1, 0, 1),
(6, 5, 'fax', 'vtiger_account', 1, '11', 'fax', 'Fax', 1, 2, '', 100, 6, 195, 1, 'V~O', 1, NULL, 'BAS', 1, 0, 0),
(6, 7, 'otherphone', 'vtiger_account', 1, '11', 'otherphone', 'Other Phone', 1, 2, '', 100, 4, 195, 1, 'V~O', 1, NULL, 'ADV', 1, 0, 0),
(6, 8, 'parentid', 'vtiger_account', 1, '51', 'account_id', 'Member Of', 1, 2, '', 100, 7, 9, 1, 'I~O', 1, NULL, 'BAS', 0, 0, 0),
(6, 9, 'email1', 'vtiger_account', 1, '13', 'email1', 'Email', 1, 2, '', 100, 1, 195, 1, 'E~O', 1, NULL, 'BAS', 1, 0, 1),
(6, 10, 'employees', 'vtiger_account', 1, '7', 'employees', 'Employees', 1, 2, '', 100, 4, 196, 1, 'I~O', 1, NULL, 'ADV', 1, 0, 0),
(6, 11, 'email2', 'vtiger_account', 1, '13', 'email2', 'Other Email', 1, 2, '', 100, 3, 195, 1, 'E~O', 1, NULL, 'ADV', 1, 0, 0),
(6, 12, 'ownership', 'vtiger_account', 1, '1', 'ownership', 'Ownership', 1, 2, '', 100, 1, 194, 1, 'V~O', 1, NULL, 'ADV', 1, 0, 0),
(6, 14, 'industry', 'vtiger_account', 1, '15', 'industry', 'industry', 1, 2, '', 100, 13, 9, 1, 'V~O', 1, NULL, 'ADV', 1, 0, 0),
(6, 15, 'siccode', 'vtiger_account', 1, '1', 'siccode', 'SIC Code', 1, 2, '', 100, 5, 194, 1, 'V~O', 1, NULL, 'ADV', 1, 0, 0),
(6, 16, 'account_type', 'vtiger_account', 1, '15', 'accounttype', 'Type', 1, 2, '', 100, 15, 9, 1, 'V~O', 1, NULL, 'ADV', 1, 0, 0),
(6, 17, 'annualrevenue', 'vtiger_account', 1, '71', 'annual_revenue', 'Annual Revenue', 1, 2, '', 100, 3, 194, 1, 'N~O', 1, NULL, 'ADV', 1, 0, 0),
(6, 18, 'emailoptout', 'vtiger_account', 1, '56', 'emailoptout', 'Approval for email', 1, 2, '', 100, 7, 195, 1, 'C~O', 1, NULL, 'ADV', 1, 0, 0),
(6, 20, 'smownerid', 'vtiger_crmentity', 1, '53', 'assigned_user_id', 'Assigned To', 1, 0, '', 100, 19, 9, 1, 'V~M', 0, 4, 'BAS', 1, 0, 1),
(6, 21, 'createdtime', 'vtiger_crmentity', 1, '70', 'createdtime', 'Created Time', 1, 0, '', 100, 7, 196, 2, 'DT~O', 3, NULL, 'BAS', 0, 0, 0),
(6, 22, 'modifiedtime', 'vtiger_crmentity', 1, '70', 'modifiedtime', 'Modified Time', 1, 0, '', 100, 8, 196, 2, 'DT~O', 3, NULL, 'BAS', 0, 0, 0),
(6, 23, 'modifiedby', 'vtiger_crmentity', 1, '52', 'modifiedby', 'Last Modified By', 1, 0, '', 100, 23, 9, 3, 'V~O', 3, NULL, 'BAS', 0, 0, 0),
(6, 36, 'description', 'vtiger_crmentity', 1, '300', 'description', 'Description', 1, 2, '', 100, 1, 12, 1, 'V~O', 1, NULL, 'BAS', 1, 0, 0),
(7, 39, 'lead_no', 'vtiger_leaddetails', 1, '4', 'lead_no', 'Lead No', 1, 0, '', 100, 6, 14, 1, 'V~O', 3, NULL, 'BAS', 0, 0, 0),
(7, 40, 'phone', 'vtiger_leadaddress', 1, '11', 'phone', 'Phone', 1, 2, '', 100, 1, 150, 1, 'V~O', 2, 4, 'BAS', 1, 0, 1),
(7, 41, 'lastname', 'vtiger_leaddetails', 1, '255', 'lastname', 'Short name', 1, 0, '', 100, 2, 13, 1, 'V~M', 0, 2, 'BAS', 1, 0, 1),
(7, 42, 'mobile', 'vtiger_leadaddress', 1, '11', 'mobile', 'Mobile', 1, 2, '', 100, 3, 150, 1, 'V~O', 1, NULL, 'BAS', 1, 0, 0),
(7, 43, 'company', 'vtiger_leaddetails', 1, '2', 'company', 'Company', 1, 2, '', 100, 1, 13, 1, 'V~M', 2, 3, 'BAS', 1, 0, 1),
(7, 44, 'fax', 'vtiger_leadaddress', 1, '11', 'fax', 'Fax', 1, 2, '', 100, 5, 150, 1, 'V~O', 1, NULL, 'BAS', 1, 0, 0),
(7, 46, 'email', 'vtiger_leaddetails', 1, '13', 'email', 'Email', 1, 2, '', 100, 2, 150, 1, 'E~O', 2, 5, 'BAS', 1, 0, 1),
(7, 47, 'leadsource', 'vtiger_leaddetails', 1, '15', 'leadsource', 'Lead Source', 1, 2, '', 100, 2, 14, 1, 'V~O', 1, NULL, 'BAS', 1, 0, 1),
(7, 48, 'website', 'vtiger_leadsubdetails', 1, '17', 'website', 'Website', 1, 2, '', 100, 6, 150, 1, 'V~O', 1, NULL, 'ADV', 1, 0, 1),
(7, 49, 'industry', 'vtiger_leaddetails', 1, '16', 'industry', 'Industry', 1, 2, '', 100, 8, 13, 1, 'V~O', 1, NULL, 'ADV', 1, 0, 0),
(7, 50, 'leadstatus', 'vtiger_leaddetails', 1, '15', 'leadstatus', 'Lead Status', 1, 2, '', 100, 3, 13, 1, 'V~M', 2, NULL, 'BAS', 1, 0, 1),
(7, 51, 'annualrevenue', 'vtiger_leaddetails', 1, '71', 'annualrevenue', 'Annual Revenue', 1, 2, '', 100, 4, 191, 1, 'N~O', 1, NULL, 'ADV', 1, 0, 0),
(7, 53, 'noofemployees', 'vtiger_leaddetails', 1, '1', 'noofemployees', 'No Of Employees', 1, 2, '', 100, 7, 13, 1, 'I~O', 1, NULL, 'ADV', 1, 0, 0),
(7, 54, 'smownerid', 'vtiger_crmentity', 1, '53', 'assigned_user_id', 'Assigned To', 1, 0, '', 100, 4, 13, 1, 'V~M', 0, 6, 'BAS', 1, 0, 1),
(7, 55, 'secondaryemail', 'vtiger_leaddetails', 1, '13', 'secondaryemail', 'Secondary Email', 1, 2, '', 100, 4, 150, 1, 'E~O', 1, NULL, 'ADV', 1, 0, 0),
(7, 56, 'createdtime', 'vtiger_crmentity', 1, '70', 'createdtime', 'Created Time', 1, 0, '', 100, 8, 14, 2, 'DT~O', 3, NULL, 'BAS', 0, 0, 0),
(7, 57, 'modifiedtime', 'vtiger_crmentity', 1, '70', 'modifiedtime', 'Modified Time', 1, 0, '', 100, 5, 14, 2, 'DT~O', 3, NULL, 'BAS', 0, 0, 0),
(7, 58, 'modifiedby', 'vtiger_crmentity', 1, '52', 'modifiedby', 'Last Modified By', 1, 0, '', 100, 23, 13, 3, 'V~O', 3, NULL, 'BAS', 0, 0, 0),
(7, 65, 'description', 'vtiger_crmentity', 1, '300', 'description', 'Description', 1, 2, '', 100, 1, 16, 1, 'V~O', 1, NULL, 'BAS', 1, 0, 0),
(4, 66, 'salutation', 'vtiger_contactdetails', 1, '55', 'salutationtype', 'Salutation', 1, 0, '', 100, 1, 4, 3, 'V~O', 1, NULL, 'BAS', 1, 0, 0),
(4, 67, 'firstname', 'vtiger_contactdetails', 1, '55', 'firstname', 'First Name', 1, 0, '', 100, 2, 4, 1, 'V~O', 2, 3, 'BAS', 1, 0, 1),
(4, 68, 'contact_no', 'vtiger_contactdetails', 1, '4', 'contact_no', 'Contact Id', 1, 0, '', 100, 3, 4, 1, 'V~O', 3, NULL, 'BAS', 0, 0, 0),
(4, 69, 'phone', 'vtiger_contactdetails', 1, '11', 'phone', 'Office Phone', 1, 2, '', 100, 1, 197, 1, 'V~O', 2, 4, 'BAS', 1, 0, 1),
(4, 70, 'lastname', 'vtiger_contactdetails', 1, '255', 'lastname', 'Last Name', 1, 0, '', 100, 4, 4, 1, 'V~M', 0, 2, 'BAS', 1, 0, 1),
(4, 71, 'mobile', 'vtiger_contactdetails', 1, '11', 'mobile', 'Mobile', 1, 2, '', 100, 3, 197, 1, 'V~O', 1, NULL, 'BAS', 1, 0, 0),
(4, 72, 'parentid', 'vtiger_contactdetails', 2, '10', 'parent_id', 'Member Of', 1, 2, '', 100, 6, 4, 1, 'I~O', 2, 6, 'BAS', 1, 0, 1),
(4, 74, 'leadsource', 'vtiger_contactsubdetails', 1, '15', 'leadsource', 'Lead Source', 1, 2, '', 100, 8, 4, 1, 'V~O', 1, NULL, 'BAS', 1, 0, 0),
(4, 79, 'birthday', 'vtiger_contactsubdetails', 1, '5', 'birthday', 'Birthdate', 1, 2, '', 100, 1, 5, 1, 'D~O', 1, NULL, 'ADV', 1, 0, 0),
(4, 80, 'email', 'vtiger_contactdetails', 1, '13', 'email', 'Email', 1, 2, '', 100, 2, 197, 1, 'E~O', 2, 5, 'BAS', 1, 0, 1),
(4, 81, 'reportsto', 'vtiger_contactdetails', 1, '57', 'contact_id', 'Reports To', 1, 2, '', 100, 2, 5, 1, 'V~O', 1, NULL, 'ADV', 0, 0, 0),
(4, 85, 'donotcall', 'vtiger_contactdetails', 1, '56', 'donotcall', 'Approval for phone calls', 1, 2, '', 100, 5, 197, 1, 'C~O', 1, NULL, 'ADV', 1, 0, 0),
(4, 86, 'emailoptout', 'vtiger_contactdetails', 1, '56', 'emailoptout', 'Approval for email', 1, 2, '', 100, 6, 197, 1, 'C~O', 1, NULL, 'ADV', 1, 0, 0),
(4, 87, 'smownerid', 'vtiger_crmentity', 2, '53', 'assigned_user_id', 'Assigned To', 1, 2, '', 100, 24, 4, 1, 'V~M', 2, 1, 'BAS', 1, 0, 1),
(4, 90, 'createdtime', 'vtiger_crmentity', 1, '70', 'createdtime', 'Created Time', 1, 0, '', 100, 7, 5, 2, 'DT~O', 3, NULL, 'BAS', 0, 0, 0),
(4, 91, 'modifiedtime', 'vtiger_crmentity', 1, '70', 'modifiedtime', 'Modified Time', 1, 0, '', 100, 6, 5, 2, 'DT~O', 3, NULL, 'BAS', 0, 0, 0),
(4, 92, 'modifiedby', 'vtiger_crmentity', 1, '52', 'modifiedby', 'Last Modified By', 1, 0, '', 100, 28, 4, 3, 'V~O', 3, NULL, 'BAS', 0, 0, 0),
(4, 93, 'portal', 'vtiger_customerdetails', 1, '56', 'portal', 'Portal User', 1, 2, '', 100, 1, 6, 1, 'C~O', 1, NULL, 'ADV', 0, 0, 0),
(4, 94, 'support_start_date', 'vtiger_customerdetails', 1, '5', 'support_start_date', 'Support Start Date', 1, 2, '', 100, 2, 6, 1, 'D~O', 1, NULL, 'ADV', 1, 0, 0),
(4, 95, 'support_end_date', 'vtiger_customerdetails', 1, '5', 'support_end_date', 'Support End Date', 1, 2, '', 100, 3, 6, 1, 'D~O~OTH~GE~support_start_date~Support Start Date', 1, NULL, 'ADV', 1, 0, 0),
(4, 108, 'imagename', 'vtiger_contactdetails', 1, '69', 'imagename', 'Contact Image', 1, 2, '', 100, 1, 73, 1, 'V~O', 3, NULL, 'ADV', 0, 0, 0),
(4, 109, 'description', 'vtiger_crmentity', 1, '300', 'description', 'Description', 1, 2, '', 100, 1, 8, 1, 'V~O', 1, NULL, 'BAS', 1, 0, 0),
(2, 110, 'potentialname', 'vtiger_potential', 1, '2', 'potentialname', 'Potential Name', 1, 0, '', 100, 1, 1, 1, 'V~M', 0, 1, 'BAS', 1, 0, 1),
(2, 111, 'potential_no', 'vtiger_potential', 1, '4', 'potential_no', 'Potential No', 1, 0, '', 100, 4, 2, 1, 'V~O', 3, NULL, 'BAS', 0, 0, 0),
(2, 113, 'related_to', 'vtiger_potential', 1, '10', 'related_to', 'Related To', 1, 0, '', 100, 2, 1, 1, 'V~O', 0, 2, 'BAS', 1, 0, 1),
(2, 114, 'closingdate', 'vtiger_potential', 1, '23', 'closingdate', 'Expected Close Date', 1, 2, '', 100, 8, 1, 1, 'D~M', 2, 3, 'BAS', 1, 0, 1),
(2, 115, 'potentialtype', 'vtiger_potential', 1, '15', 'opportunity_type', 'Type', 1, 2, '', 100, 5, 1, 1, 'V~O', 1, NULL, 'BAS', 1, 0, 0),
(2, 117, 'leadsource', 'vtiger_potential', 1, '15', 'leadsource', 'Lead Source', 1, 2, '', 100, 7, 1, 1, 'V~O', 1, NULL, 'BAS', 1, 0, 0),
(2, 118, 'sales_stage', 'vtiger_potential', 1, '15', 'sales_stage', 'Sales Stage', 1, 2, 'Accepted for processing', 100, 3, 1, 1, 'V~M', 2, 4, 'BAS', 1, 0, 1),
(2, 119, 'smownerid', 'vtiger_crmentity', 1, '53', 'assigned_user_id', 'Assigned To', 1, 2, '', 100, 9, 1, 1, 'V~M', 0, 6, 'BAS', 1, 0, 1),
(2, 121, 'campaignid', 'vtiger_potential', 1, '58', 'campaignid', 'Campaign Source', 1, 2, '', 100, 1, 2, 1, 'N~O', 1, NULL, 'BAS', 1, 0, 0),
(2, 122, 'createdtime', 'vtiger_crmentity', 1, '70', 'createdtime', 'Created Time', 1, 0, '', 100, 6, 2, 2, 'DT~O', 3, NULL, 'BAS', 0, 0, 0),
(2, 123, 'modifiedtime', 'vtiger_crmentity', 1, '70', 'modifiedtime', 'Modified Time', 1, 0, '', 100, 5, 2, 2, 'DT~O', 3, NULL, 'BAS', 0, 0, 0),
(2, 124, 'modifiedby', 'vtiger_crmentity', 1, '52', 'modifiedby', 'Last Modified By', 1, 0, '', 100, 17, 1, 3, 'V~O', 3, NULL, 'BAS', 0, 0, 0),
(2, 125, 'description', 'vtiger_crmentity', 1, '300', 'description', 'Description', 1, 2, '', 100, 1, 3, 1, 'V~O', 1, NULL, 'BAS', 1, 0, 0),
(26, 126, 'campaignname', 'vtiger_campaign', 1, '2', 'campaignname', 'Campaign Name', 1, 0, '', 100, 1, 74, 1, 'V~M', 0, 1, 'BAS', 1, 0, 1),
(26, 127, 'campaign_no', 'vtiger_campaign', 1, '4', 'campaign_no', 'Campaign No', 1, 0, '', 100, 2, 74, 1, 'V~O', 3, NULL, 'BAS', 0, 0, 0),
(26, 128, 'campaigntype', 'vtiger_campaign', 1, '15', 'campaigntype', 'Campaign Type', 1, 2, '', 100, 5, 74, 1, 'V~O', 2, 3, 'BAS', 1, 0, 1),
(26, 129, 'product_id', 'vtiger_campaign', 1, '59', 'product_id', 'Product', 1, 2, '', 100, 6, 74, 1, 'I~O', 2, 5, 'BAS', 1, 0, 0),
(26, 130, 'campaignstatus', 'vtiger_campaign', 1, '15', 'campaignstatus', 'Campaign Status', 1, 2, '', 100, 4, 74, 1, 'V~O', 2, 6, 'BAS', 1, 0, 1),
(26, 131, 'closingdate', 'vtiger_campaign', 1, '23', 'closingdate', 'Expected Close Date', 1, 2, '', 100, 8, 74, 1, 'D~M', 2, 2, 'BAS', 1, 0, 1),
(26, 132, 'smownerid', 'vtiger_crmentity', 1, '53', 'assigned_user_id', 'Assigned To', 1, 0, '', 100, 3, 74, 1, 'V~M', 0, 7, 'BAS', 1, 0, 1),
(26, 133, 'numsent', 'vtiger_campaign', 1, '9', 'numsent', 'Num Sent', 1, 2, '', 100, 12, 74, 1, 'N~O', 1, NULL, 'BAS', 1, 0, 0),
(26, 134, 'sponsor', 'vtiger_campaign', 1, '1', 'sponsor', 'Sponsor', 1, 2, '', 100, 9, 74, 1, 'V~O', 1, NULL, 'BAS', 1, 0, 0),
(26, 135, 'targetaudience', 'vtiger_campaign', 1, '1', 'targetaudience', 'Target Audience', 1, 2, '', 100, 7, 74, 1, 'V~O', 1, NULL, 'BAS', 1, 0, 0),
(26, 136, 'targetsize', 'vtiger_campaign', 1, '1', 'targetsize', 'TargetSize', 1, 2, '', 100, 10, 74, 1, 'I~O', 1, NULL, 'BAS', 1, 0, 0),
(26, 137, 'createdtime', 'vtiger_crmentity', 1, '70', 'createdtime', 'Created Time', 1, 0, '', 100, 11, 74, 2, 'DT~O', 3, NULL, 'BAS', 0, 0, 0),
(26, 138, 'modifiedtime', 'vtiger_crmentity', 1, '70', 'modifiedtime', 'Modified Time', 1, 0, '', 100, 13, 74, 2, 'DT~O', 3, NULL, 'BAS', 0, 0, 0),
(26, 139, 'modifiedby', 'vtiger_crmentity', 1, '52', 'modifiedby', 'Last Modified By', 1, 0, '', 100, 16, 74, 3, 'V~O', 3, NULL, 'BAS', 0, 0, 0),
(26, 140, 'expectedresponse', 'vtiger_campaign', 1, '15', 'expectedresponse', 'Expected Response', 1, 2, '', 100, 3, 76, 1, 'V~O', 2, 4, 'BAS', 1, 0, 0),
(26, 141, 'expectedrevenue', 'vtiger_campaign', 1, '71', 'expectedrevenue', 'Expected Revenue', 1, 2, '', 100, 4, 76, 1, 'N~O', 1, NULL, 'BAS', 1, 0, 1),
(26, 142, 'budgetcost', 'vtiger_campaign', 1, '71', 'budgetcost', 'Budget Cost', 1, 2, '', 100, 1, 76, 1, 'N~O', 1, NULL, 'BAS', 1, 0, 0),
(26, 143, 'actualcost', 'vtiger_campaign', 1, '71', 'actualcost', 'Actual Cost', 1, 2, '', 100, 2, 76, 1, 'N~O', 1, NULL, 'BAS', 1, 0, 0),
(26, 144, 'expectedresponsecount', 'vtiger_campaign', 1, '1', 'expectedresponsecount', 'Expected Response Count', 1, 2, '', 100, 7, 76, 1, 'I~O', 1, NULL, 'BAS', 1, 0, 0),
(26, 145, 'expectedsalescount', 'vtiger_campaign', 1, '1', 'expectedsalescount', 'Expected Sales Count', 1, 2, '', 100, 5, 76, 1, 'I~O', 1, NULL, 'BAS', 1, 0, 0),
(26, 146, 'expectedroi', 'vtiger_campaign', 1, '71', 'expectedroi', 'Expected ROI', 1, 2, '', 100, 9, 76, 1, 'N~O', 1, NULL, 'BAS', 1, 0, 0),
(26, 147, 'actualresponsecount', 'vtiger_campaign', 1, '1', 'actualresponsecount', 'Actual Response Count', 1, 2, '', 100, 8, 76, 1, 'I~O', 1, NULL, 'BAS', 1, 0, 0),
(26, 148, 'actualsalescount', 'vtiger_campaign', 1, '1', 'actualsalescount', 'Actual Sales Count', 1, 2, '', 100, 6, 76, 1, 'I~O', 1, NULL, 'BAS', 1, 0, 0),
(26, 149, 'actualroi', 'vtiger_campaign', 1, '71', 'actualroi', 'Actual ROI', 1, 2, '', 100, 10, 76, 1, 'N~O', 1, NULL, 'BAS', 1, 0, 0),
(26, 150, 'description', 'vtiger_crmentity', 1, '300', 'description', 'Description', 1, 2, '', 100, 1, 81, 1, 'V~O', 1, NULL, 'BAS', 1, 0, 0),
(4, 151, 'campaignrelstatus', 'vtiger_campaignrelstatus', 1, '16', 'campaignrelstatus', 'Campaign status', 1, 0, '0', 100, 1, 0, 1, 'V~O', 1, NULL, 'BAS', 0, 0, 0),
(6, 152, 'campaignrelstatus', 'vtiger_campaignrelstatus', 1, '16', 'campaignrelstatus', 'Campaign status', 1, 0, '0', 100, 1, 0, 1, 'V~O', 1, NULL, 'BAS', 0, 0, 0),
(7, 153, 'campaignrelstatus', 'vtiger_campaignrelstatus', 1, '16', 'campaignrelstatus', 'Campaign status', 1, 0, '0', 100, 1, 0, 1, 'V~O', 1, NULL, 'BAS', 0, 0, 0),
(26, 154, 'campaignrelstatus', 'vtiger_campaignrelstatus', 1, '16', 'campaignrelstatus', 'Campaign status', 1, 0, '0', 100, 1, 0, 1, 'V~O', 1, NULL, 'BAS', 0, 0, 0),
(13, 155, 'ticket_no', 'vtiger_troubletickets', 1, '4', 'ticket_no', 'Ticket No', 1, 0, '', 100, 14, 25, 1, 'V~O', 3, NULL, 'BAS', 0, 0, 1),
(13, 156, 'smownerid', 'vtiger_crmentity', 1, '53', 'assigned_user_id', 'Assigned To', 1, 0, '', 100, 5, 25, 1, 'V~M', 0, 4, 'BAS', 1, 0, 1),
(13, 157, 'parent_id', 'vtiger_troubletickets', 2, '10', 'parent_id', 'Related To', 1, 2, '', 100, 2, 25, 1, 'I~M', 2, NULL, 'BAS', 1, 0, 1),
(13, 158, 'priority', 'vtiger_troubletickets', 1, '15', 'ticketpriorities', 'Priority', 1, 2, 'Low', 100, 7, 25, 1, 'V~O', 2, 3, 'BAS', 1, 0, 1),
(13, 159, 'product_id', 'vtiger_troubletickets', 1, '10', 'product_id', 'Product Name', 1, 2, '', 100, 6, 25, 10, 'I~O', 1, NULL, 'BAS', 1, 0, 0),
(13, 160, 'severity', 'vtiger_troubletickets', 1, '15', 'ticketseverities', 'Severity', 1, 2, '', 100, 9, 25, 1, 'V~O', 1, NULL, 'BAS', 1, 0, 1),
(13, 161, 'status', 'vtiger_troubletickets', 1, '15', 'ticketstatus', 'Status', 1, 2, 'Open', 100, 8, 25, 1, 'V~M', 2, 2, 'BAS', 1, 0, 1),
(13, 162, 'category', 'vtiger_troubletickets', 1, '15', 'ticketcategories', 'Category', 1, 2, '', 100, 11, 25, 1, 'V~O', 1, NULL, 'BAS', 1, 0, 0),
(13, 163, 'update_log', 'vtiger_troubletickets', 1, '19', 'update_log', 'Update History', 1, 0, '', 100, 12, 25, 3, 'V~O', 1, NULL, 'BAS', 0, 0, 0),
(13, 166, 'createdtime', 'vtiger_crmentity', 1, '70', 'createdtime', 'Created Time', 1, 0, '', 100, 10, 25, 2, 'DT~O', 3, NULL, 'BAS', 0, 0, 0),
(13, 167, 'modifiedtime', 'vtiger_crmentity', 1, '70', 'modifiedtime', 'Modified Time', 1, 0, '', 100, 13, 25, 2, 'DT~O', 3, NULL, 'BAS', 0, 0, 0),
(13, 168, 'modifiedby', 'vtiger_crmentity', 1, '52', 'modifiedby', 'Last Modified By', 1, 0, '', 100, 17, 25, 3, 'V~O', 3, NULL, 'BAS', 0, 0, 0),
(13, 169, 'title', 'vtiger_troubletickets', 1, '22', 'ticket_title', 'Title', 1, 0, '', 100, 1, 25, 1, 'V~M', 0, 1, 'BAS', 1, 0, 1),
(13, 170, 'description', 'vtiger_crmentity', 1, '300', 'description', 'Description', 1, 2, '', 100, 1, 28, 1, 'V~O', 2, 4, 'BAS', 1, 0, 1),
(13, 171, 'solution', 'vtiger_troubletickets', 1, '300', 'solution', 'Solution', 1, 0, '', 100, 1, 29, 1, 'V~O', 3, NULL, 'BAS', 0, 0, 0),
(13, 172, 'comments', 'vtiger_ticketcomments', 1, '19', 'comments', 'Add Comment', 1, 1, '', 100, 1, 30, 1, 'V~O', 3, NULL, 'BAS', 0, 0, 0),
(14, 173, 'productname', 'vtiger_products', 1, '2', 'productname', 'Product Name', 1, 0, '', 100, 1, 31, 1, 'V~M', 0, 1, 'BAS', 1, 0, 1),
(14, 174, 'product_no', 'vtiger_products', 1, '4', 'product_no', 'Product No', 1, 0, '', 100, 2, 31, 1, 'V~O', 3, NULL, 'BAS', 0, 0, 0),
(14, 175, 'productcode', 'vtiger_products', 1, '1', 'productcode', 'Part Number', 1, 2, '', 100, 4, 31, 1, 'V~O', 1, NULL, 'BAS', 1, 0, 0),
(14, 176, 'discontinued', 'vtiger_products', 1, '56', 'discontinued', 'Product Active', 1, 2, '', 100, 3, 31, 1, 'V~O', 2, 2, 'BAS', 1, 0, 0),
(14, 177, 'manufacturer', 'vtiger_products', 1, '15', 'manufacturer', 'Manufacturer', 1, 2, '', 100, 6, 31, 1, 'V~O', 1, NULL, 'BAS', 1, 0, 1),
(14, 178, 'pscategory', 'vtiger_products', 1, '15', 'pscategory', 'Product Category', 1, 2, '', 100, 6, 31, 1, 'V~O', 2, 5, 'BAS', 1, 0, 1),
(14, 179, 'sales_start_date', 'vtiger_products', 1, '5', 'sales_start_date', 'Sales Start Date', 1, 2, '', 100, 5, 31, 1, 'D~O', 1, NULL, 'BAS', 1, 0, 0),
(14, 180, 'sales_end_date', 'vtiger_products', 1, '5', 'sales_end_date', 'Sales End Date', 1, 2, NULL, 100, 8, 31, 1, 'D~O~OTH~GE~sales_start_date~Sales Start Date', 1, NULL, 'BAS', 1, 0, 1),
(14, 181, 'start_date', 'vtiger_products', 1, '5', 'start_date', 'Support Start Date', 1, 2, '', 100, 7, 31, 1, 'D~O', 1, NULL, 'BAS', 1, 0, 0),
(14, 182, 'expiry_date', 'vtiger_products', 1, '5', 'expiry_date', 'Support Expiry Date', 1, 2, '', 100, 10, 31, 1, 'D~O~OTH~GE~start_date~Start Date', 1, NULL, 'BAS', 1, 0, 0),
(14, 183, 'website', 'vtiger_products', 1, '17', 'website', 'Website', 1, 2, '', 100, 14, 31, 1, 'V~O', 1, NULL, 'BAS', 1, 0, 0),
(14, 184, 'vendor_id', 'vtiger_products', 1, '75', 'vendor_id', 'Vendor Name', 1, 2, '', 100, 13, 31, 1, 'I~O', 1, NULL, 'BAS', 1, 0, 0),
(14, 185, 'mfr_part_no', 'vtiger_products', 1, '1', 'mfr_part_no', 'Mfr PartNo', 1, 2, '', 100, 16, 31, 1, 'V~O', 1, NULL, 'BAS', 1, 0, 0),
(14, 186, 'vendor_part_no', 'vtiger_products', 1, '1', 'vendor_part_no', 'Vendor PartNo', 1, 2, '', 100, 15, 31, 1, 'V~O', 1, NULL, 'BAS', 1, 0, 0),
(14, 187, 'serialno', 'vtiger_products', 1, '1', 'serial_no', 'Serial No', 1, 2, '', 100, 18, 31, 1, 'V~O', 1, NULL, 'BAS', 1, 0, 0),
(14, 188, 'productsheet', 'vtiger_products', 1, '1', 'productsheet', 'Product Sheet', 1, 2, '', 100, 17, 31, 1, 'V~O', 1, NULL, 'BAS', 1, 0, 0),
(14, 189, 'glacct', 'vtiger_products', 1, '15', 'glacct', 'GL Account', 1, 2, '', 100, 20, 31, 1, 'V~O', 1, NULL, 'BAS', 1, 0, 0),
(14, 190, 'createdtime', 'vtiger_crmentity', 1, '70', 'createdtime', 'Created Time', 1, 0, '', 100, 19, 31, 2, 'DT~O', 3, NULL, 'BAS', 0, 0, 0),
(14, 191, 'modifiedtime', 'vtiger_crmentity', 1, '70', 'modifiedtime', 'Modified Time', 1, 0, '', 100, 21, 31, 2, 'DT~O', 3, NULL, 'BAS', 0, 0, 0),
(14, 192, 'modifiedby', 'vtiger_crmentity', 1, '52', 'modifiedby', 'Last Modified By', 1, 0, '', 100, 22, 31, 3, 'V~O', 3, NULL, 'BAS', 0, 0, 0),
(14, 193, 'unit_price', 'vtiger_products', 1, '72', 'unit_price', 'Unit Price', 1, 0, '', 100, 1, 32, 1, 'N~O', 2, 3, 'BAS', 0, 0, 1),
(14, 194, 'commissionrate', 'vtiger_products', 1, '9', 'commissionrate', 'Commission Rate', 1, 2, '', 100, 2, 32, 1, 'N~O', 1, NULL, 'BAS', 1, 0, 0),
(14, 195, 'taxclass', 'vtiger_products', 1, '83', 'taxclass', 'Tax Class', 1, 2, '', 100, 4, 32, 1, 'V~O', 3, NULL, 'BAS', 1, 0, 0),
(14, 196, 'usageunit', 'vtiger_products', 1, '15', 'usageunit', 'Usage Unit', 1, 2, '', 100, 1, 33, 1, 'V~O', 1, NULL, 'ADV', 1, 0, 0),
(14, 197, 'qty_per_unit', 'vtiger_products', 1, '1', 'qty_per_unit', 'Qty/Unit', 1, 2, '', 100, 2, 33, 1, 'N~O', 1, NULL, 'ADV', 1, 0, 0),
(14, 198, 'qtyinstock', 'vtiger_products', 1, '1', 'qtyinstock', 'Qty In Stock', 1, 2, '', 100, 3, 33, 1, 'NN~O', 0, 7, 'ADV', 1, 0, 0),
(14, 199, 'reorderlevel', 'vtiger_products', 1, '1', 'reorderlevel', 'Reorder Level', 1, 2, '', 100, 4, 33, 1, 'I~O', 1, NULL, 'ADV', 1, 0, 0),
(14, 200, 'smownerid', 'vtiger_crmentity', 1, '53', 'assigned_user_id', 'Handler', 1, 2, '', 100, 5, 33, 1, 'V~M', 2, 4, 'BAS', 1, 0, 1),
(14, 201, 'qtyindemand', 'vtiger_products', 1, '1', 'qtyindemand', 'Qty In Demand', 1, 2, '', 100, 6, 33, 1, 'I~O', 1, NULL, 'ADV', 1, 0, 0),
(14, 202, 'imagename', 'vtiger_products', 1, '69', 'imagename', 'Product Image', 1, 2, '', 100, 1, 35, 1, 'V~O', 3, NULL, 'ADV', 0, 0, 0),
(14, 203, 'description', 'vtiger_crmentity', 1, '300', 'description', 'Description', 1, 2, '', 100, 1, 36, 1, 'V~O', 1, NULL, 'BAS', 1, 0, 0),
(8, 204, 'title', 'vtiger_notes', 1, '2', 'notes_title', 'Title', 1, 0, '', 100, 1, 17, 1, 'V~M', 0, 1, 'BAS', 1, 0, 1),
(8, 205, 'createdtime', 'vtiger_crmentity', 1, '70', 'createdtime', 'Created Time', 1, 0, '', 100, 5, 17, 2, 'DT~O', 3, NULL, 'BAS', 0, 0, 0),
(8, 206, 'modifiedtime', 'vtiger_crmentity', 1, '70', 'modifiedtime', 'Modified Time', 1, 0, '', 100, 6, 17, 2, 'DT~O', 3, NULL, 'BAS', 0, 0, 1),
(8, 207, 'filename', 'vtiger_notes', 1, '28', 'filename', 'File Name', 1, 2, '', 100, 3, 18, 1, 'V~O', 0, NULL, 'BAS', 0, 0, 1),
(8, 208, 'smownerid', 'vtiger_crmentity', 1, '53', 'assigned_user_id', 'Assigned To', 1, 0, '', 100, 4, 17, 1, 'V~M', 0, 3, 'BAS', 1, 0, 1),
(8, 209, 'notecontent', 'vtiger_notes', 1, '300', 'notecontent', 'Note', 1, 2, '', 100, 1, 84, 1, 'V~O', 1, NULL, 'BAS', 1, 0, 0),
(8, 210, 'filetype', 'vtiger_notes', 1, '1', 'filetype', 'File Type', 1, 2, '', 100, 5, 18, 2, 'V~O', 3, 0, 'BAS', 0, 0, 0),
(8, 211, 'filesize', 'vtiger_notes', 1, '1', 'filesize', 'File Size', 1, 2, '', 100, 4, 18, 2, 'I~O', 3, 0, 'BAS', 0, 0, 0),
(8, 212, 'filelocationtype', 'vtiger_notes', 1, '27', 'filelocationtype', 'Download Type', 1, 0, '', 100, 1, 18, 1, 'V~O', 0, 0, 'BAS', 0, 0, 0),
(8, 213, 'fileversion', 'vtiger_notes', 1, '1', 'fileversion', 'Version', 1, 2, '', 100, 6, 18, 1, 'V~O', 1, 0, 'BAS', 1, 0, 0),
(8, 214, 'filestatus', 'vtiger_notes', 1, '56', 'filestatus', 'Active', 1, 2, '1', 100, 2, 18, 1, 'V~O', 1, 0, 'BAS', 1, 0, 0),
(8, 215, 'filedownloadcount', 'vtiger_notes', 1, '1', 'filedownloadcount', 'Download Count', 1, 2, '', 100, 7, 18, 2, 'I~O', 3, 0, 'BAS', 0, 0, 0),
(8, 216, 'folderid', 'vtiger_notes', 1, '26', 'folderid', 'Folder Name', 1, 2, '', 100, 2, 17, 1, 'V~O', 2, 2, 'BAS', 1, 0, 1),
(8, 217, 'note_no', 'vtiger_notes', 1, '4', 'note_no', 'Document No', 1, 0, '', 100, 3, 17, 1, 'V~O', 3, NULL, 'BAS', 0, 0, 0),
(8, 218, 'modifiedby', 'vtiger_crmentity', 1, '52', 'modifiedby', 'Last Modified By', 1, 0, '', 100, 12, 17, 3, 'V~O', 3, NULL, 'BAS', 0, 0, 0),
(10, 219, 'date_start', 'vtiger_activity', 1, '6', 'date_start', 'Date & Time Sent', 1, 0, '', 100, 1, 21, 1, 'DT~M~time_start~Time Start', 1, NULL, 'BAS', 1, 0, 0),
(10, 220, 'semodule', 'vtiger_activity', 1, '2', 'parent_type', 'Sales Enity Module', 1, 0, '', 100, 2, 21, 3, '', 1, NULL, 'BAS', 1, 0, 0),
(10, 221, 'activitytype', 'vtiger_activity', 1, '2', 'activitytype', 'Activtiy Type', 1, 0, '', 100, 3, 21, 3, 'V~O', 1, NULL, 'BAS', 1, 0, 0),
(10, 222, 'smownerid', 'vtiger_crmentity', 1, '53', 'assigned_user_id', 'Assigned To', 1, 0, '', 100, 5, 21, 1, 'V~M', 1, NULL, 'BAS', 1, 0, 0),
(10, 223, 'subject', 'vtiger_activity', 1, '2', 'subject', 'Subject', 1, 0, '', 100, 1, 23, 1, 'V~M', 1, NULL, 'BAS', 1, 0, 0),
(10, 224, 'name', 'vtiger_attachments', 1, '61', 'filename', 'Attachment', 1, 0, '', 100, 2, 23, 1, 'V~O', 1, NULL, 'BAS', 1, 0, 0),
(10, 225, 'description', 'vtiger_crmentity', 1, '19', 'description', 'Description', 1, 0, '', 100, 1, 24, 1, 'V~O', 1, NULL, 'BAS', 1, 0, 0),
(10, 226, 'time_start', 'vtiger_activity', 1, '2', 'time_start', 'Time Start', 1, 0, '', 100, 9, 23, 1, 'T~O', 1, NULL, 'BAS', 1, 0, 0),
(10, 227, 'createdtime', 'vtiger_crmentity', 1, '70', 'createdtime', 'Created Time', 1, 0, '', 100, 10, 22, 1, 'DT~O', 3, NULL, 'BAS', 0, 0, 0),
(10, 228, 'modifiedtime', 'vtiger_crmentity', 1, '70', 'modifiedtime', 'Modified Time', 1, 0, '', 100, 11, 21, 2, 'DT~O', 3, NULL, 'BAS', 0, 0, 0),
(10, 229, 'access_count', 'vtiger_email_track', 1, '25', 'access_count', 'Access Count', 1, 0, '0', 100, 6, 21, 3, 'V~O', 1, NULL, 'BAS', 0, 0, 0),
(10, 230, 'modifiedby', 'vtiger_crmentity', 1, '52', 'modifiedby', 'Last Modified By', 1, 0, '', 100, 12, 21, 3, 'V~O', 3, NULL, 'BAS', 0, 0, 0),
(9, 231, 'subject', 'vtiger_activity', 1, '2', 'subject', 'Subject', 1, 0, '', 100, 1, 19, 1, 'V~M', 0, 1, 'BAS', 1, 0, 1),
(9, 232, 'smownerid', 'vtiger_crmentity', 1, '53', 'assigned_user_id', 'Assigned To', 1, 0, '', 100, 2, 19, 1, 'V~M', 0, 4, 'BAS', 1, 0, 1),
(9, 233, 'date_start', 'vtiger_activity', 1, '6', 'date_start', 'Start Date & Time', 1, 0, '', 100, 3, 19, 1, 'DT~M~time_start', 0, 2, 'BAS', 1, 0, 1),
(9, 234, 'time_start', 'vtiger_activity', 1, '2', 'time_start', 'Time Start', 1, 0, '', 100, 4, 19, 3, 'T~O', 1, NULL, 'BAS', 1, 0, 1),
(9, 235, 'time_end', 'vtiger_activity', 1, '2', 'time_end', 'End Time', 1, 0, '', 100, 4, 19, 3, 'T~O', 1, NULL, 'BAS', 1, 0, 1),
(9, 236, 'due_date', 'vtiger_activity', 1, '23', 'due_date', 'Due Date', 1, 0, '', 100, 5, 19, 1, 'D~M~OTH~GE~date_start~Start Date & Time', 1, NULL, 'BAS', 1, 0, 1),
(9, 237, 'crmid', 'vtiger_seactivityrel', 1, '66', 'parent_id', 'Related To', 1, 0, '', 100, 7, 19, 1, 'I~O', 2, 6, 'BAS', 1, 0, 1),
(9, 238, 'contactid', 'vtiger_cntactivityrel', 1, '57', 'contact_id', 'Contact Name', 1, 0, '', 100, 8, 19, 1, 'I~O', 1, NULL, 'BAS', 1, 0, 0),
(9, 239, 'status', 'vtiger_activity', 1, '15', 'taskstatus', 'Status', 1, 0, 'Not Started', 100, 8, 19, 1, 'V~M', 0, 3, 'BAS', 1, 0, 0),
(9, 240, 'eventstatus', 'vtiger_activity', 1, '15', 'eventstatus', 'Status', 1, 0, 'Planned', 100, 9, 19, 3, 'V~O', 1, NULL, 'BAS', 1, 0, 0),
(9, 241, 'priority', 'vtiger_activity', 1, '15', 'taskpriority', 'Priority', 1, 0, 'Low', 100, 10, 19, 1, 'V~O', 1, NULL, 'BAS', 1, 0, 0),
(9, 242, 'sendnotification', 'vtiger_activity', 1, '56', 'sendnotification', 'Send Notification', 1, 0, '', 100, 11, 19, 1, 'C~O', 1, NULL, 'BAS', 1, 0, 0),
(9, 243, 'createdtime', 'vtiger_crmentity', 1, '70', 'createdtime', 'Created Time', 1, 0, '', 100, 14, 19, 2, 'DT~O', 3, NULL, 'BAS', 0, 0, 0),
(9, 244, 'modifiedtime', 'vtiger_crmentity', 1, '70', 'modifiedtime', 'Modified Time', 1, 0, '', 100, 15, 19, 2, 'DT~O', 3, NULL, 'BAS', 0, 0, 0),
(9, 245, 'activitytype', 'vtiger_activity', 1, '15', 'activitytype', 'Activity Type', 1, 0, '', 100, 16, 19, 3, 'V~O', 1, NULL, 'BAS', 1, 0, 1),
(9, 246, 'visibility', 'vtiger_activity', 1, '16', 'visibility', 'Visibility', 1, 0, '', 100, 17, 19, 3, 'V~O', 1, NULL, 'BAS', 1, 0, 0),
(9, 247, 'description', 'vtiger_crmentity', 1, '19', 'description', 'Description', 1, 0, '', 100, 1, 20, 1, 'V~O', 1, NULL, 'BAS', 1, 0, 0),
(9, 248, 'duration_hours', 'vtiger_activity', 1, '63', 'duration_hours', 'Duration', 1, 0, '', 100, 17, 19, 3, 'T~O', 1, NULL, 'BAS', 1, 0, 0),
(9, 249, 'duration_minutes', 'vtiger_activity', 1, '16', 'duration_minutes', 'Duration Minutes', 1, 0, '', 100, 18, 19, 3, 'T~O', 1, NULL, 'BAS', 1, 0, 0),
(9, 250, 'location', 'vtiger_activity', 1, '1', 'location', 'Location', 1, 0, '', 100, 19, 19, 1, 'V~O', 1, NULL, 'BAS', 1, 0, 0),
(9, 251, 'reminder_time', 'vtiger_activity_reminder', 1, '30', 'reminder_time', 'Send Reminder', 1, 0, '', 100, 1, 19, 3, 'I~O', 1, NULL, 'BAS', 1, 0, 0),
(9, 252, 'recurringtype', 'vtiger_activity', 1, '16', 'recurringtype', 'Recurrence', 1, 0, '', 100, 6, 19, 3, 'O~O', 1, NULL, 'BAS', 1, 0, 1),
(9, 253, 'notime', 'vtiger_activity', 1, '56', 'notime', 'No Time', 1, 0, '', 100, 20, 19, 3, 'C~O', 1, NULL, 'BAS', 1, 0, 0),
(9, 254, 'modifiedby', 'vtiger_crmentity', 1, '52', 'modifiedby', 'Last Modified By', 1, 0, '', 100, 22, 19, 3, 'V~O', 3, NULL, 'BAS', 0, 0, 0),
(16, 255, 'subject', 'vtiger_activity', 1, '2', 'subject', 'Subject', 1, 0, '', 100, 1, 39, 1, 'V~M', 0, 1, 'BAS', 1, 0, 1),
(16, 256, 'smownerid', 'vtiger_crmentity', 1, '53', 'assigned_user_id', 'Assigned To', 1, 0, '', 100, 2, 39, 1, 'V~M', 0, 6, 'BAS', 1, 0, 1),
(16, 257, 'date_start', 'vtiger_activity', 1, '6', 'date_start', 'Start Date & Time', 1, 0, '', 100, 3, 39, 1, 'DT~M~time_start', 0, 2, 'BAS', 1, 0, 1),
(16, 258, 'time_start', 'vtiger_activity', 1, '2', 'time_start', 'Time Start', 1, 0, '', 100, 4, 39, 3, 'T~M', 1, NULL, 'BAS', 1, 0, 1),
(16, 259, 'due_date', 'vtiger_activity', 1, '23', 'due_date', 'End Date', 1, 0, '', 100, 5, 39, 1, 'D~M~OTH~GE~date_start~Start Date & Time', 0, 5, 'BAS', 1, 0, 1),
(16, 260, 'time_end', 'vtiger_activity', 1, '2', 'time_end', 'End Time', 1, 0, '', 100, 5, 39, 3, 'T~M', 1, NULL, 'BAS', 1, 0, 1),
(16, 261, 'recurringtype', 'vtiger_activity', 1, '16', 'recurringtype', 'Recurrence', 1, 0, '', 100, 6, 117, 1, 'O~O', 1, NULL, 'BAS', 1, 0, 1),
(16, 262, 'duration_hours', 'vtiger_activity', 1, '63', 'duration_hours', 'Duration', 1, 0, '', 100, 7, 39, 3, 'I~M', 1, NULL, 'BAS', 1, 0, 0),
(16, 263, 'duration_minutes', 'vtiger_activity', 1, '16', 'duration_minutes', 'Duration Minutes', 1, 0, '', 100, 8, 39, 3, 'O~O', 1, NULL, 'BAS', 1, 0, 0),
(16, 264, 'crmid', 'vtiger_seactivityrel', 1, '66', 'parent_id', 'Related To', 1, 0, '', 100, 9, 119, 1, 'I~O', 2, 7, 'BAS', 1, 0, 1),
(16, 265, 'eventstatus', 'vtiger_activity', 1, '15', 'eventstatus', 'Status', 1, 0, 'Planned', 100, 10, 39, 1, 'V~M', 0, 3, 'BAS', 1, 0, 0),
(16, 266, 'sendnotification', 'vtiger_activity', 1, '56', 'sendnotification', 'Send Notification', 1, 0, '', 100, 11, 39, 1, 'C~O', 1, NULL, 'BAS', 1, 0, 0),
(16, 267, 'activitytype', 'vtiger_activity', 1, '15', 'activitytype', 'Activity Type', 1, 0, '', 100, 12, 39, 1, 'V~M', 0, 4, 'BAS', 1, 0, 1),
(16, 268, 'location', 'vtiger_activity', 1, '1', 'location', 'Location', 1, 0, '', 100, 13, 39, 1, 'V~O', 1, NULL, 'BAS', 1, 0, 0),
(16, 269, 'createdtime', 'vtiger_crmentity', 1, '70', 'createdtime', 'Created Time', 1, 0, '', 100, 14, 39, 2, 'DT~O', 3, NULL, 'BAS', 0, 0, 0),
(16, 270, 'modifiedtime', 'vtiger_crmentity', 1, '70', 'modifiedtime', 'Modified Time', 1, 0, '', 100, 15, 39, 2, 'DT~O', 3, NULL, 'BAS', 0, 0, 0),
(16, 271, 'priority', 'vtiger_activity', 1, '15', 'taskpriority', 'Priority', 1, 0, 'Low', 100, 16, 39, 1, 'V~O', 1, NULL, 'BAS', 1, 0, 0),
(16, 272, 'notime', 'vtiger_activity', 1, '56', 'notime', 'No Time', 1, 0, '', 100, 17, 39, 3, 'C~O', 1, NULL, 'BAS', 1, 0, 0),
(16, 273, 'visibility', 'vtiger_activity', 1, '16', 'visibility', 'Visibility', 1, 0, '', 100, 18, 39, 1, 'V~O', 1, NULL, 'BAS', 1, 0, 0),
(16, 274, 'modifiedby', 'vtiger_crmentity', 1, '52', 'modifiedby', 'Last Modified By', 1, 0, '', 100, 22, 39, 3, 'V~O', 3, NULL, 'BAS', 0, 0, 0),
(16, 275, 'description', 'vtiger_crmentity', 1, '19', 'description', 'Description', 1, 0, '', 100, 1, 41, 1, 'V~O', 1, NULL, 'BAS', 1, 0, 0),
(16, 276, 'reminder_time', 'vtiger_activity_reminder', 1, '30', 'reminder_time', 'Send Reminder', 1, 0, '', 100, 1, 40, 1, 'I~O', 1, NULL, 'BAS', 1, 0, 0),
(16, 277, 'contactid', 'vtiger_cntactivityrel', 1, '57', 'contact_id', 'Contact Name', 1, 0, '', 100, 1, 119, 1, 'I~O', 1, NULL, 'BAS', 1, 0, 0),
(15, 278, 'product_id', 'vtiger_faq', 1, '59', 'product_id', 'Product Name', 1, 2, '', 100, 1, 37, 1, 'I~O', 3, NULL, 'BAS', 1, 0, 1),
(15, 279, 'faq_no', 'vtiger_faq', 1, '4', 'faq_no', 'Faq No', 1, 0, '', 100, 2, 37, 1, 'V~O', 3, NULL, 'BAS', 0, 0, 0),
(15, 280, 'category', 'vtiger_faq', 1, '15', 'faqcategories', 'Category', 1, 2, '', 100, 4, 37, 1, 'V~O', 3, NULL, 'BAS', 1, 0, 1),
(15, 281, 'status', 'vtiger_faq', 1, '15', 'faqstatus', 'Status', 1, 2, '', 100, 3, 37, 1, 'V~M', 3, NULL, 'BAS', 1, 0, 0),
(15, 282, 'question', 'vtiger_faq', 1, '20', 'question', 'Question', 1, 2, '', 100, 7, 37, 1, 'V~M', 3, NULL, 'BAS', 1, 0, 1),
(15, 283, 'answer', 'vtiger_faq', 1, '20', 'faq_answer', 'Answer', 1, 2, '', 100, 8, 37, 1, 'V~M', 3, NULL, 'BAS', 1, 0, 0),
(15, 284, 'comments', 'vtiger_faqcomments', 1, '19', 'comments', 'Add Comment', 1, 1, '', 100, 1, 38, 1, 'V~O', 3, NULL, 'BAS', 0, 0, 0),
(15, 285, 'createdtime', 'vtiger_crmentity', 1, '70', 'createdtime', 'Created Time', 1, 0, '', 100, 5, 37, 2, 'DT~O', 3, NULL, 'BAS', 0, 0, 1),
(15, 286, 'modifiedtime', 'vtiger_crmentity', 1, '70', 'modifiedtime', 'Modified Time', 1, 0, '', 100, 6, 37, 2, 'DT~O', 3, NULL, 'BAS', 0, 0, 1),
(15, 287, 'modifiedby', 'vtiger_crmentity', 1, '52', 'modifiedby', 'Last Modified By', 1, 0, '', 100, 7, 37, 3, 'V~O', 3, NULL, 'BAS', 0, 0, 0),
(18, 288, 'vendorname', 'vtiger_vendor', 1, '2', 'vendorname', 'Vendor Name', 1, 0, '', 100, 1, 42, 1, 'V~M', 0, 1, 'BAS', 1, 0, 1),
(18, 289, 'vendor_no', 'vtiger_vendor', 1, '4', 'vendor_no', 'Vendor No', 1, 0, '', 100, 2, 42, 1, 'V~O', 3, NULL, 'BAS', 0, 0, 0),
(18, 290, 'phone', 'vtiger_vendor', 1, '1', 'phone', 'Phone', 1, 2, '', 100, 4, 42, 1, 'V~O', 2, 2, 'BAS', 1, 0, 1),
(18, 291, 'email', 'vtiger_vendor', 1, '13', 'email', 'Email', 1, 2, '', 100, 3, 42, 1, 'E~O', 2, 3, 'BAS', 1, 0, 1),
(18, 292, 'website', 'vtiger_vendor', 1, '17', 'website', 'Website', 1, 2, '', 100, 6, 42, 1, 'V~O', 1, NULL, 'BAS', 1, 0, 0),
(18, 293, 'glacct', 'vtiger_vendor', 1, '15', 'glacct', 'GL Account', 1, 2, '', 100, 5, 42, 1, 'V~O', 1, NULL, 'BAS', 1, 0, 0),
(18, 294, 'category', 'vtiger_vendor', 1, '1', 'category', 'Category', 1, 2, '', 100, 8, 42, 1, 'V~O', 1, NULL, 'BAS', 1, 0, 1),
(18, 295, 'createdtime', 'vtiger_crmentity', 1, '70', 'createdtime', 'Created Time', 1, 0, '', 100, 7, 42, 2, 'DT~O', 3, NULL, 'BAS', 0, 0, 0),
(18, 296, 'modifiedtime', 'vtiger_crmentity', 1, '70', 'modifiedtime', 'Modified Time', 1, 0, '', 100, 9, 42, 2, 'DT~O', 3, NULL, 'BAS', 0, 0, 0),
(18, 297, 'modifiedby', 'vtiger_crmentity', 1, '52', 'modifiedby', 'Last Modified By', 1, 0, '', 100, 12, 42, 3, 'V~O', 3, NULL, 'BAS', 0, 0, 0),
(18, 304, 'description', 'vtiger_crmentity', 1, '300', 'description', 'Description', 1, 2, '', 100, 1, 45, 1, 'V~O', 1, NULL, 'ADV', 1, 0, 0),
(19, 305, 'bookname', 'vtiger_pricebook', 1, '2', 'bookname', 'Price Book Name', 1, 0, '', 100, 1, 46, 1, 'V~M', 0, 1, 'BAS', 1, 0, 1),
(19, 306, 'pricebook_no', 'vtiger_pricebook', 1, '4', 'pricebook_no', 'PriceBook No', 1, 0, '', 100, 3, 46, 1, 'V~O', 3, NULL, 'BAS', 0, 0, 0),
(19, 307, 'active', 'vtiger_pricebook', 1, '56', 'active', 'Active', 1, 2, '1', 100, 2, 46, 1, 'C~O', 2, 2, 'BAS', 1, 0, 1),
(19, 308, 'createdtime', 'vtiger_crmentity', 1, '70', 'createdtime', 'Created Time', 1, 0, '', 100, 4, 46, 2, 'DT~O', 3, NULL, 'BAS', 0, 0, 0),
(19, 309, 'modifiedtime', 'vtiger_crmentity', 1, '70', 'modifiedtime', 'Modified Time', 1, 0, '', 100, 5, 46, 2, 'DT~O', 3, NULL, 'BAS', 0, 0, 0),
(19, 310, 'currency_id', 'vtiger_pricebook', 1, '117', 'currency_id', 'Currency', 1, 0, '', 100, 5, 46, 1, 'I~M', 0, 3, 'BAS', 0, 0, 0),
(19, 311, 'modifiedby', 'vtiger_crmentity', 1, '52', 'modifiedby', 'Last Modified By', 1, 0, '', 100, 7, 46, 3, 'V~O', 3, NULL, 'BAS', 0, 0, 0),
(19, 312, 'description', 'vtiger_crmentity', 1, '300', 'description', 'Description', 1, 2, '', 100, 1, 48, 1, 'V~O', 1, NULL, 'BAS', 1, 0, 0),
(20, 313, 'quote_no', 'vtiger_quotes', 1, '4', 'quote_no', 'Quote No', 1, 0, '', 100, 3, 49, 1, 'V~O', 3, NULL, 'BAS', 0, 0, 1),
(20, 314, 'subject', 'vtiger_quotes', 1, '2', 'subject', 'Subject', 1, 0, '', 100, 1, 49, 1, 'V~M', 1, NULL, 'BAS', 1, 0, 1),
(20, 315, 'potentialid', 'vtiger_quotes', 2, '76', 'potential_id', 'Potential Name', 1, 2, '', 100, 2, 49, 1, 'I~M', 1, NULL, 'BAS', 1, 0, 1),
(20, 316, 'quotestage', 'vtiger_quotes', 1, '15', 'quotestage', 'Quote Stage', 1, 2, 'Created', 100, 4, 49, 1, 'V~M', 1, NULL, 'BAS', 1, 0, 1),
(20, 317, 'validtill', 'vtiger_quotes', 1, '5', 'validtill', 'Valid Till', 1, 2, '', 100, 5, 49, 1, 'D~O', 3, NULL, 'BAS', 1, 0, 0),
(20, 318, 'contactid', 'vtiger_quotes', 1, '57', 'contact_id', 'Contact Name', 1, 2, '', 100, 6, 49, 1, 'V~O', 3, NULL, 'BAS', 1, 0, 0),
(20, 319, 'carrier', 'vtiger_quotes', 1, '15', 'carrier', 'Carrier', 1, 2, '', 100, 8, 49, 1, 'V~O', 3, NULL, 'BAS', 1, 0, 0),
(20, 320, 'subtotal', 'vtiger_quotes', 1, '72', 'hdnSubTotal', 'Sub Total', 1, 2, '', 100, 9, 49, 3, 'N~O', 3, NULL, 'BAS', 1, 0, 0),
(20, 321, 'shipping', 'vtiger_quotes', 1, '1', 'shipping', 'Shipping', 1, 2, '', 100, 10, 49, 1, 'V~O', 3, NULL, 'BAS', 1, 0, 0),
(20, 324, 'total', 'vtiger_quotes', 1, '72', 'hdnGrandTotal', 'Total', 1, 2, '', 100, 14, 49, 3, 'N~O', 3, NULL, 'BAS', 1, 0, 1),
(20, 325, 'taxtype', 'vtiger_quotes', 1, '16', 'hdnTaxType', 'Tax Type', 1, 2, '', 100, 14, 49, 3, 'V~O', 3, NULL, 'BAS', 1, 0, 0),
(20, 326, 'discount_percent', 'vtiger_quotes', 1, '1', 'hdnDiscountPercent', 'Discount Percent', 1, 2, '', 100, 14, 49, 3, 'N~O', 3, NULL, 'BAS', 1, 0, 0),
(20, 327, 'discount_amount', 'vtiger_quotes', 1, '72', 'hdnDiscountAmount', 'Discount Amount', 1, 2, '', 100, 14, 49, 3, 'N~O', 3, NULL, 'BAS', 1, 0, 0),
(20, 329, 'accountid', 'vtiger_quotes', 1, '73', 'account_id', 'Account Name', 1, 2, '', 100, 16, 49, 1, 'I~M', 3, NULL, 'BAS', 1, 0, 1),
(20, 330, 'smownerid', 'vtiger_crmentity', 1, '53', 'assigned_user_id', 'Assigned To', 1, 0, '', 100, 17, 49, 1, 'V~M', 3, NULL, 'BAS', 1, 0, 1),
(20, 331, 'createdtime', 'vtiger_crmentity', 1, '70', 'createdtime', 'Created Time', 1, 0, '', 100, 18, 49, 2, 'DT~O', 3, NULL, 'BAS', 0, 0, 0),
(20, 332, 'modifiedtime', 'vtiger_crmentity', 1, '70', 'modifiedtime', 'Modified Time', 1, 0, '', 100, 19, 49, 2, 'DT~O', 3, NULL, 'BAS', 0, 0, 0),
(20, 333, 'modifiedby', 'vtiger_crmentity', 1, '52', 'modifiedby', 'Last Modified By', 1, 0, '', 100, 22, 49, 3, 'V~O', 3, NULL, 'BAS', 0, 0, 0),
(20, 334, 'currency_id', 'vtiger_quotes', 1, '117', 'currency_id', 'Currency', 1, 2, '1', 100, 20, 49, 3, 'I~O', 3, NULL, 'BAS', 1, 0, 0),
(20, 335, 'conversion_rate', 'vtiger_quotes', 1, '1', 'conversion_rate', 'Conversion Rate', 1, 2, '1', 100, 21, 49, 3, 'N~O', 3, NULL, 'BAS', 1, 0, 0),
(20, 348, 'description', 'vtiger_crmentity', 1, '300', 'description', 'Description', 1, 2, '', 100, 1, 54, 1, 'V~O', 3, NULL, 'ADV', 1, 0, 0),
(20, 349, 'terms_conditions', 'vtiger_quotes', 1, '19', 'terms_conditions', 'Terms & Conditions', 1, 2, '', 100, 1, 53, 1, 'V~O', 3, NULL, 'ADV', 1, 0, 0),
(21, 350, 'purchaseorder_no', 'vtiger_purchaseorder', 1, '4', 'purchaseorder_no', 'PurchaseOrder No', 1, 0, '', 100, 2, 55, 1, 'V~O', 3, NULL, 'BAS', 0, 0, 1),
(21, 351, 'subject', 'vtiger_purchaseorder', 1, '2', 'subject', 'Subject', 1, 0, '', 100, 1, 55, 1, 'V~M', 3, NULL, 'BAS', 1, 0, 1),
(21, 352, 'vendorid', 'vtiger_purchaseorder', 1, '81', 'vendor_id', 'Vendor Name', 1, 0, '', 100, 3, 55, 1, 'I~M', 3, NULL, 'BAS', 1, 0, 1),
(21, 353, 'requisition_no', 'vtiger_purchaseorder', 1, '1', 'requisition_no', 'Requisition No', 1, 2, '', 100, 4, 55, 1, 'V~O', 3, NULL, 'BAS', 1, 0, 0),
(21, 354, 'tracking_no', 'vtiger_purchaseorder', 1, '1', 'tracking_no', 'Tracking Number', 1, 2, '', 100, 5, 55, 1, 'V~O', 3, NULL, 'BAS', 1, 0, 1),
(21, 355, 'contactid', 'vtiger_purchaseorder', 1, '57', 'contact_id', 'Contact Name', 1, 2, '', 100, 6, 55, 1, 'I~O', 3, NULL, 'BAS', 1, 0, 0),
(21, 356, 'duedate', 'vtiger_purchaseorder', 1, '5', 'duedate', 'Due Date', 1, 2, '', 100, 7, 55, 1, 'D~O', 3, NULL, 'BAS', 1, 0, 0),
(21, 357, 'carrier', 'vtiger_purchaseorder', 1, '15', 'carrier', 'Carrier', 1, 2, '', 100, 8, 55, 1, 'V~O', 3, NULL, 'BAS', 1, 0, 0),
(21, 359, 'salescommission', 'vtiger_purchaseorder', 1, '1', 'salescommission', 'Sales Commission', 1, 2, '', 100, 11, 55, 1, 'N~O', 3, NULL, 'BAS', 1, 0, 0),
(21, 360, 'exciseduty', 'vtiger_purchaseorder', 1, '1', 'exciseduty', 'Excise Duty', 1, 2, '', 100, 12, 55, 1, 'N~O', 3, NULL, 'BAS', 1, 0, 0),
(21, 361, 'total', 'vtiger_purchaseorder', 1, '72', 'hdnGrandTotal', 'Total', 1, 2, '', 100, 13, 55, 3, 'N~O', 3, NULL, 'BAS', 1, 0, 1),
(21, 362, 'subtotal', 'vtiger_purchaseorder', 1, '72', 'hdnSubTotal', 'Sub Total', 1, 2, '', 100, 14, 55, 3, 'N~O', 3, NULL, 'BAS', 1, 0, 0),
(21, 363, 'taxtype', 'vtiger_purchaseorder', 1, '16', 'hdnTaxType', 'Tax Type', 1, 2, '', 100, 14, 55, 3, 'V~O', 3, NULL, 'BAS', 1, 0, 0),
(21, 364, 'discount_percent', 'vtiger_purchaseorder', 1, '1', 'hdnDiscountPercent', 'Discount Percent', 1, 2, '', 100, 14, 55, 3, 'N~O', 3, NULL, 'BAS', 1, 0, 0),
(21, 365, 'discount_amount', 'vtiger_purchaseorder', 1, '72', 'hdnDiscountAmount', 'Discount Amount', 1, 0, '', 100, 14, 55, 3, 'N~O', 3, NULL, 'BAS', 1, 0, 0),
(21, 367, 'postatus', 'vtiger_purchaseorder', 1, '15', 'postatus', 'Status', 1, 2, '', 100, 15, 55, 1, 'V~M', 3, NULL, 'BAS', 1, 0, 0),
(21, 368, 'smownerid', 'vtiger_crmentity', 1, '53', 'assigned_user_id', 'Assigned To', 1, 0, '', 100, 16, 55, 1, 'V~M', 3, NULL, 'BAS', 1, 0, 1),
(21, 369, 'createdtime', 'vtiger_crmentity', 1, '70', 'createdtime', 'Created Time', 1, 0, '', 100, 17, 55, 2, 'DT~O', 3, NULL, 'BAS', 0, 0, 0),
(21, 370, 'modifiedtime', 'vtiger_crmentity', 1, '70', 'modifiedtime', 'Modified Time', 1, 0, '', 100, 18, 55, 2, 'DT~O', 3, NULL, 'BAS', 0, 0, 0),
(21, 371, 'modifiedby', 'vtiger_crmentity', 1, '52', 'modifiedby', 'Last Modified By', 1, 0, '', 100, 22, 55, 3, 'V~O', 3, NULL, 'BAS', 0, 0, 0),
(21, 372, 'currency_id', 'vtiger_purchaseorder', 1, '117', 'currency_id', 'Currency', 1, 2, '1', 100, 19, 55, 3, 'I~O', 3, NULL, 'BAS', 1, 0, 0),
(21, 373, 'conversion_rate', 'vtiger_purchaseorder', 1, '1', 'conversion_rate', 'Conversion Rate', 1, 2, '1', 100, 20, 55, 3, 'N~O', 3, NULL, 'BAS', 1, 0, 0),
(21, 386, 'description', 'vtiger_crmentity', 1, '300', 'description', 'Description', 1, 2, '', 100, 1, 60, 1, 'V~O', 3, NULL, 'ADV', 1, 0, 0),
(21, 387, 'terms_conditions', 'vtiger_purchaseorder', 1, '19', 'terms_conditions', 'Terms & Conditions', 1, 2, '', 100, 1, 59, 1, 'V~O', 3, NULL, 'ADV', 1, 0, 0),
(22, 388, 'salesorder_no', 'vtiger_salesorder', 1, '4', 'salesorder_no', 'SalesOrder No', 1, 0, '', 100, 4, 61, 1, 'V~O', 3, NULL, 'BAS', 0, 0, 1),
(22, 389, 'subject', 'vtiger_salesorder', 1, '2', 'subject', 'Subject', 1, 0, '', 100, 1, 61, 1, 'V~M', 3, NULL, 'BAS', 1, 0, 1),
(22, 390, 'potentialid', 'vtiger_salesorder', 2, '76', 'potential_id', 'Potential Name', 1, 2, '', 100, 2, 61, 1, 'I~M', 1, NULL, 'BAS', 1, 0, 0),
(22, 391, 'customerno', 'vtiger_salesorder', 1, '1', 'customerno', 'Customer No', 1, 2, '', 100, 3, 61, 1, 'V~O', 3, NULL, 'BAS', 1, 0, 0),
(22, 392, 'quoteid', 'vtiger_salesorder', 1, '78', 'quote_id', 'Quote Name', 1, 2, '', 100, 5, 61, 1, 'I~O', 3, NULL, 'BAS', 0, 0, 1),
(22, 393, 'purchaseorder', 'vtiger_salesorder', 1, '1', 'vtiger_purchaseorder', 'Purchase Order', 1, 2, '', 100, 5, 61, 1, 'V~O', 3, NULL, 'BAS', 1, 0, 0),
(22, 394, 'contactid', 'vtiger_salesorder', 1, '57', 'contact_id', 'Contact Name', 1, 2, '', 100, 6, 61, 1, 'I~O', 3, NULL, 'BAS', 1, 0, 0),
(22, 395, 'duedate', 'vtiger_salesorder', 1, '5', 'duedate', 'Due Date', 1, 2, '', 100, 8, 61, 1, 'D~O', 3, NULL, 'BAS', 1, 0, 0),
(22, 396, 'carrier', 'vtiger_salesorder', 1, '15', 'carrier', 'Carrier', 1, 2, '', 100, 9, 61, 1, 'V~O', 3, NULL, 'BAS', 1, 0, 0),
(22, 397, 'pending', 'vtiger_salesorder', 1, '1', 'pending', 'Pending', 1, 2, '', 100, 10, 61, 1, 'V~O', 3, NULL, 'BAS', 1, 0, 0),
(22, 398, 'sostatus', 'vtiger_salesorder', 1, '15', 'sostatus', 'Status', 1, 2, '', 100, 11, 61, 1, 'V~M', 3, NULL, 'BAS', 1, 0, 0),
(22, 400, 'salescommission', 'vtiger_salesorder', 1, '1', 'salescommission', 'Sales Commission', 1, 2, '', 100, 13, 61, 1, 'N~O', 3, NULL, 'BAS', 1, 0, 0),
(22, 401, 'exciseduty', 'vtiger_salesorder', 1, '1', 'exciseduty', 'Excise Duty', 1, 2, '', 100, 13, 61, 1, 'N~O', 3, NULL, 'BAS', 1, 0, 0),
(22, 402, 'total', 'vtiger_salesorder', 1, '72', 'hdnGrandTotal', 'Total', 1, 2, '', 100, 14, 61, 3, 'N~O', 3, NULL, 'BAS', 1, 0, 1),
(22, 403, 'subtotal', 'vtiger_salesorder', 1, '72', 'hdnSubTotal', 'Sub Total', 1, 2, '', 100, 15, 61, 3, 'N~O', 3, NULL, 'BAS', 1, 0, 0),
(22, 404, 'taxtype', 'vtiger_salesorder', 1, '16', 'hdnTaxType', 'Tax Type', 1, 2, '', 100, 15, 61, 3, 'V~O', 3, NULL, 'BAS', 1, 0, 0),
(22, 405, 'discount_percent', 'vtiger_salesorder', 1, '1', 'hdnDiscountPercent', 'Discount Percent', 1, 2, '', 100, 15, 61, 3, 'N~O', 3, NULL, 'BAS', 1, 0, 0),
(22, 406, 'discount_amount', 'vtiger_salesorder', 1, '72', 'hdnDiscountAmount', 'Discount Amount', 1, 0, '', 100, 15, 61, 3, 'N~O', 3, NULL, 'BAS', 1, 0, 0),
(22, 408, 'accountid', 'vtiger_salesorder', 1, '73', 'account_id', 'Account Name', 1, 2, '', 100, 16, 61, 1, 'I~M', 3, NULL, 'BAS', 1, 0, 1),
(22, 409, 'smownerid', 'vtiger_crmentity', 1, '53', 'assigned_user_id', 'Assigned To', 1, 0, '', 100, 17, 61, 1, 'V~M', 3, NULL, 'BAS', 1, 0, 1),
(22, 410, 'createdtime', 'vtiger_crmentity', 1, '70', 'createdtime', 'Created Time', 1, 0, '', 100, 18, 61, 2, 'DT~O', 3, NULL, 'BAS', 0, 0, 0),
(22, 411, 'modifiedtime', 'vtiger_crmentity', 1, '70', 'modifiedtime', 'Modified Time', 1, 0, '', 100, 19, 61, 2, 'DT~O', 3, NULL, 'BAS', 0, 0, 0),
(22, 412, 'modifiedby', 'vtiger_crmentity', 1, '52', 'modifiedby', 'Last Modified By', 1, 0, '', 100, 22, 61, 3, 'V~O', 3, NULL, 'BAS', 0, 0, 0),
(22, 413, 'currency_id', 'vtiger_salesorder', 1, '117', 'currency_id', 'Currency', 1, 2, '1', 100, 20, 61, 3, 'I~O', 3, NULL, 'BAS', 1, 0, 0),
(22, 414, 'conversion_rate', 'vtiger_salesorder', 1, '1', 'conversion_rate', 'Conversion Rate', 1, 2, '1', 100, 21, 61, 3, 'N~O', 3, NULL, 'BAS', 1, 0, 0),
(22, 427, 'description', 'vtiger_crmentity', 1, '300', 'description', 'Description', 1, 2, '', 100, 1, 66, 1, 'V~O', 3, NULL, 'ADV', 1, 0, 0),
(22, 428, 'terms_conditions', 'vtiger_salesorder', 1, '19', 'terms_conditions', 'Terms & Conditions', 1, 2, '', 100, 1, 65, 1, 'V~O', 3, NULL, 'ADV', 1, 0, 0),
(22, 429, 'enable_recurring', 'vtiger_salesorder', 1, '56', 'enable_recurring', 'Enable Recurring', 1, 0, '', 100, 1, 85, 1, 'C~O', 3, NULL, 'BAS', 0, 0, 0),
(22, 430, 'recurring_frequency', 'vtiger_invoice_recurring_info', 1, '16', 'recurring_frequency', 'Frequency', 1, 0, '', 100, 2, 85, 1, 'V~O', 3, NULL, 'BAS', 0, 0, 0),
(22, 431, 'start_period', 'vtiger_invoice_recurring_info', 1, '5', 'start_period', 'Start Period', 1, 0, '', 100, 3, 85, 1, 'D~O', 3, NULL, 'BAS', 0, 0, 0),
(22, 432, 'end_period', 'vtiger_invoice_recurring_info', 1, '5', 'end_period', 'End Period', 1, 0, '', 100, 4, 85, 1, 'D~O~OTH~G~start_period~Start Period', 3, NULL, 'BAS', 0, 0, 0),
(22, 433, 'payment_duration', 'vtiger_invoice_recurring_info', 1, '16', 'payment_duration', 'Payment Duration', 1, 0, '', 100, 5, 85, 1, 'V~O', 3, NULL, 'BAS', 0, 0, 0),
(22, 434, 'invoice_status', 'vtiger_invoice_recurring_info', 1, '15', 'invoicestatus', 'Invoice Status', 1, 0, '', 100, 6, 85, 1, 'V~M', 3, NULL, 'BAS', 0, 0, 0),
(23, 435, 'subject', 'vtiger_invoice', 1, '2', 'subject', 'Subject', 1, 0, '', 100, 1, 67, 1, 'V~M', 3, NULL, 'BAS', 1, 0, 1),
(23, 436, 'salesorderid', 'vtiger_invoice', 1, '80', 'salesorder_id', 'Sales Order', 1, 2, '', 100, 2, 67, 1, 'I~O', 3, NULL, 'BAS', 0, 0, 1),
(23, 437, 'customerno', 'vtiger_invoice', 1, '1', 'customerno', 'Customer No', 1, 2, '', 100, 3, 67, 1, 'V~O', 3, NULL, 'BAS', 1, 0, 0),
(23, 438, 'contactid', 'vtiger_invoice', 1, '57', 'contact_id', 'Contact Name', 1, 2, '', 100, 4, 67, 1, 'I~O', 3, NULL, 'BAS', 1, 0, 0),
(23, 439, 'invoicedate', 'vtiger_invoice', 1, '5', 'invoicedate', 'Invoice Date', 1, 2, '', 100, 5, 67, 1, 'D~O', 3, NULL, 'BAS', 1, 0, 0),
(23, 440, 'duedate', 'vtiger_invoice', 1, '5', 'duedate', 'Due Date', 1, 2, '', 100, 6, 67, 1, 'D~O', 3, NULL, 'BAS', 1, 0, 0),
(23, 441, 'purchaseorder', 'vtiger_invoice', 1, '1', 'vtiger_purchaseorder', 'Purchase Order', 1, 2, '', 100, 8, 67, 1, 'V~O', 3, NULL, 'BAS', 1, 0, 0),
(23, 443, 'salescommission', 'vtiger_invoice', 1, '1', 'salescommission', 'Sales Commission', 1, 2, '', 10, 13, 67, 1, 'N~O', 3, NULL, 'BAS', 1, 0, 0),
(23, 444, 'exciseduty', 'vtiger_invoice', 1, '1', 'exciseduty', 'Excise Duty', 1, 2, '', 100, 11, 67, 1, 'N~O', 3, NULL, 'BAS', 1, 0, 0),
(23, 445, 'subtotal', 'vtiger_invoice', 1, '72', 'hdnSubTotal', 'Sub Total', 1, 2, '', 100, 12, 67, 3, 'N~O', 3, NULL, 'BAS', 1, 0, 0),
(23, 446, 'total', 'vtiger_invoice', 1, '72', 'hdnGrandTotal', 'Total', 1, 2, '', 100, 13, 67, 3, 'N~O', 3, NULL, 'BAS', 1, 0, 1),
(23, 447, 'taxtype', 'vtiger_invoice', 1, '16', 'hdnTaxType', 'Tax Type', 1, 2, '', 100, 13, 67, 3, 'V~O', 3, NULL, 'BAS', 1, 0, 0),
(23, 448, 'discount_percent', 'vtiger_invoice', 1, '1', 'hdnDiscountPercent', 'Discount Percent', 1, 2, '', 100, 13, 67, 3, 'N~O', 3, NULL, 'BAS', 1, 0, 0),
(23, 449, 'discount_amount', 'vtiger_invoice', 1, '72', 'hdnDiscountAmount', 'Discount Amount', 1, 2, '', 100, 13, 67, 3, 'N~O', 3, NULL, 'BAS', 1, 0, 0),
(23, 451, 'accountid', 'vtiger_invoice', 1, '73', 'account_id', 'Account Name', 1, 2, '', 100, 14, 67, 1, 'I~M', 3, NULL, 'BAS', 1, 0, 0),
(23, 452, 'invoicestatus', 'vtiger_invoice', 1, '15', 'invoicestatus', 'Status', 1, 2, '', 100, 15, 67, 1, 'V~O', 3, NULL, 'BAS', 1, 0, 1),
(23, 453, 'smownerid', 'vtiger_crmentity', 1, '53', 'assigned_user_id', 'Assigned To', 1, 0, '', 100, 16, 67, 1, 'V~M', 3, NULL, 'BAS', 1, 0, 1),
(23, 454, 'createdtime', 'vtiger_crmentity', 1, '70', 'createdtime', 'Created Time', 1, 0, '', 100, 17, 67, 2, 'DT~O', 3, NULL, 'BAS', 0, 0, 0),
(23, 455, 'modifiedtime', 'vtiger_crmentity', 1, '70', 'modifiedtime', 'Modified Time', 1, 0, '', 100, 18, 67, 2, 'DT~O', 3, NULL, 'BAS', 0, 0, 0),
(23, 456, 'modifiedby', 'vtiger_crmentity', 1, '52', 'modifiedby', 'Last Modified By', 1, 0, '', 100, 22, 67, 3, 'V~O', 3, NULL, 'BAS', 0, 0, 0),
(23, 457, 'currency_id', 'vtiger_invoice', 1, '117', 'currency_id', 'Currency', 1, 2, '1', 100, 19, 67, 3, 'I~O', 3, NULL, 'BAS', 1, 0, 0);
INSERT INTO `vtiger_field` (`tabid`, `fieldid`, `columnname`, `tablename`, `generatedtype`, `uitype`, `fieldname`, `fieldlabel`, `readonly`, `presence`, `defaultvalue`, `maximumlength`, `sequence`, `block`, `displaytype`, `typeofdata`, `quickcreate`, `quickcreatesequence`, `info_type`, `masseditable`, `helpinfo`, `summaryfield`) VALUES
(23, 458, 'conversion_rate', 'vtiger_invoice', 1, '1', 'conversion_rate', 'Conversion Rate', 1, 2, '1', 100, 20, 67, 3, 'N~O', 3, NULL, 'BAS', 1, 0, 0),
(23, 471, 'description', 'vtiger_crmentity', 1, '300', 'description', 'Description', 1, 2, '', 100, 1, 72, 1, 'V~O', 3, NULL, 'ADV', 1, 0, 0),
(23, 472, 'terms_conditions', 'vtiger_invoice', 1, '19', 'terms_conditions', 'Terms & Conditions', 1, 2, '', 100, 1, 71, 1, 'V~O', 3, NULL, 'ADV', 1, 0, 0),
(23, 473, 'invoice_no', 'vtiger_invoice', 1, '4', 'invoice_no', 'Invoice No', 1, 0, '', 100, 3, 67, 1, 'V~O', 3, NULL, 'BAS', 0, 0, 1),
(29, 474, 'user_name', 'vtiger_users', 1, '106', 'user_name', 'User Name', 1, 0, '', 11, 1, 77, 1, 'V~M', 1, NULL, 'BAS', 1, 0, 0),
(29, 475, 'is_admin', 'vtiger_users', 1, '156', 'is_admin', 'Admin', 1, 0, '', 3, 7, 77, 1, 'V~O', 1, NULL, 'BAS', 1, 0, 0),
(29, 476, 'user_password', 'vtiger_users', 1, '99', 'user_password', 'Password', 1, 0, '', 30, 5, 77, 4, 'P~M', 1, NULL, 'BAS', 1, 0, 0),
(29, 477, 'confirm_password', 'vtiger_users', 1, '99', 'confirm_password', 'Confirm Password', 1, 0, '', 30, 6, 77, 4, 'P~M', 1, NULL, 'BAS', 1, 0, 0),
(29, 478, 'first_name', 'vtiger_users', 1, '1', 'first_name', 'First Name', 1, 0, '', 30, 3, 77, 1, 'V~O', 1, NULL, 'BAS', 1, 0, 0),
(29, 479, 'last_name', 'vtiger_users', 1, '2', 'last_name', 'Last Name', 1, 0, '', 30, 4, 77, 1, 'V~M', 1, NULL, 'BAS', 1, 0, 0),
(29, 480, 'roleid', 'vtiger_user2role', 1, '98', 'roleid', 'Role', 1, 0, '', 200, 8, 77, 1, 'V~M', 1, NULL, 'BAS', 1, 0, 0),
(29, 481, 'email1', 'vtiger_users', 1, '104', 'email1', 'Email', 1, 0, '', 100, 2, 77, 1, 'E~M', 1, NULL, 'BAS', 1, 0, 0),
(29, 482, 'status', 'vtiger_users', 1, '115', 'status', 'Status', 1, 0, 'Active', 100, 10, 77, 1, 'V~O', 1, NULL, 'BAS', 1, 0, 0),
(29, 483, 'activity_view', 'vtiger_users', 1, '16', 'activity_view', 'Default Activity View', 1, 0, '', 100, 6, 118, 1, 'V~O', 1, NULL, 'BAS', 1, 0, 0),
(29, 484, 'lead_view', 'vtiger_users', 1, '16', 'lead_view', 'Default Lead View', 1, 0, '', 100, 9, 77, 1, 'V~O', 1, NULL, 'BAS', 1, 0, 0),
(29, 485, 'hour_format', 'vtiger_users', 1, '16', 'hour_format', 'Calendar Hour Format', 1, 0, '24', 100, 3, 118, 1, 'V~O', 1, NULL, 'BAS', 1, 0, 0),
(29, 487, 'start_hour', 'vtiger_users', 1, '16', 'start_hour', 'Day starts at', 1, 0, '08:00', 100, 2, 118, 1, 'V~O', 1, NULL, 'BAS', 1, 0, 0),
(29, 492, 'reports_to_id', 'vtiger_users', 1, '101', 'reports_to_id', 'Reports To', 1, 0, '', 50, 8, 79, 1, 'V~O', 1, NULL, 'BAS', 1, 0, 0),
(29, 498, 'date_format', 'vtiger_users', 1, '16', 'date_format', 'Date Format', 1, 0, '', 30, 1, 118, 1, 'V~O', 1, NULL, 'BAS', 1, 0, 0),
(29, 499, 'signature', 'vtiger_users', 1, '21', 'signature', 'Signature', 1, 0, '', 250, 13, 79, 1, 'V~O', 1, NULL, 'BAS', 1, 0, 0),
(29, 500, 'description', 'vtiger_users', 1, '21', 'description', 'Documents', 1, 0, '', 250, 14, 79, 1, 'V~O', 1, NULL, 'BAS', 1, 0, 0),
(29, 506, 'accesskey', 'vtiger_users', 1, '3', 'accesskey', 'Webservice Access Key', 1, 0, '', 100, 2, 83, 2, 'V~O', 1, NULL, 'BAS', 1, 0, 0),
(29, 507, 'time_zone', 'vtiger_users', 1, '16', 'time_zone', 'Time Zone', 1, 0, '', 200, 5, 118, 1, 'V~O', 1, NULL, 'BAS', 1, 0, 0),
(29, 508, 'currency_id', 'vtiger_users', 1, '117', 'currency_id', 'Currency', 1, 0, '', 100, 1, 78, 1, 'I~O', 1, NULL, 'BAS', 1, 0, 0),
(29, 509, 'currency_grouping_pattern', 'vtiger_users', 1, '16', 'currency_grouping_pattern', 'Digit Grouping Pattern', 1, 0, '', 100, 2, 78, 1, 'V~O', 1, NULL, 'BAS', 1, 0, 0),
(29, 510, 'currency_decimal_separator', 'vtiger_users', 1, '16', 'currency_decimal_separator', 'Decimal Separator', 1, 0, '', 2, 3, 78, 1, 'V~O', 1, NULL, 'BAS', 1, 0, 0),
(29, 511, 'currency_grouping_separator', 'vtiger_users', 1, '16', 'currency_grouping_separator', 'Digit Grouping Separator', 1, 0, '', 2, 4, 78, 1, 'V~O', 1, NULL, 'BAS', 1, 0, 0),
(29, 512, 'currency_symbol_placement', 'vtiger_users', 1, '16', 'currency_symbol_placement', 'Symbol Placement', 1, 0, '', 20, 5, 78, 1, 'V~O', 1, NULL, 'BAS', 1, 0, 0),
(29, 513, 'imagename', 'vtiger_users', 1, '105', 'imagename', 'User Image', 1, 0, '', 250, 10, 82, 1, 'V~O', 1, NULL, 'BAS', 1, 0, 0),
(29, 514, 'internal_mailer', 'vtiger_users', 1, '56', 'internal_mailer', 'INTERNAL_MAIL_COMPOSER', 1, 0, '', 50, 15, 79, 1, 'V~O', 1, NULL, 'BAS', 1, 0, 0),
(29, 515, 'theme', 'vtiger_users', 1, '31', 'theme', 'Theme', 1, 0, 'softed', 100, 16, 79, 1, 'V~O', 1, NULL, 'BAS', 1, 0, 0),
(29, 516, 'language', 'vtiger_users', 1, '32', 'language', 'Language', 1, 0, '', 100, 17, 79, 1, 'V~O', 1, NULL, 'BAS', 1, 0, 0),
(29, 517, 'reminder_interval', 'vtiger_users', 1, '16', 'reminder_interval', 'Reminder Interval', 1, 0, '', 100, 9, 118, 1, 'V~O', 1, NULL, 'BAS', 1, 0, 0),
(10, 518, 'from_email', 'vtiger_emaildetails', 1, '12', 'from_email', 'From', 1, 2, '', 100, 1, 21, 3, 'V~M', 3, NULL, 'BAS', 0, 0, 0),
(10, 519, 'to_email', 'vtiger_emaildetails', 1, '8', 'saved_toid', 'To', 1, 2, '', 100, 2, 21, 1, 'V~M', 3, NULL, 'BAS', 0, 0, 0),
(10, 520, 'cc_email', 'vtiger_emaildetails', 1, '8', 'ccmail', 'CC', 1, 2, '', 1000, 3, 21, 1, 'V~O', 3, NULL, 'BAS', 0, 0, 0),
(10, 521, 'bcc_email', 'vtiger_emaildetails', 1, '8', 'bccmail', 'BCC', 1, 2, '', 1000, 4, 21, 1, 'V~O', 3, NULL, 'BAS', 0, 0, 0),
(10, 522, 'idlists', 'vtiger_emaildetails', 1, '357', 'parent_id', 'Parent ID', 1, 2, '', 1000, 5, 21, 1, 'V~O', 3, NULL, 'BAS', 0, 0, 0),
(10, 523, 'email_flag', 'vtiger_emaildetails', 1, '16', 'email_flag', 'Email Flag', 1, 2, '', 1000, 6, 21, 3, 'V~O', 3, NULL, 'BAS', 0, 0, 0),
(33, 524, 'direction', 'vtiger_pbxmanager', 1, '1', 'direction', 'Direction', 1, 2, '', 100, 1, 88, 1, 'V~O', 1, NULL, 'BAS', 1, 0, 0),
(33, 525, 'callstatus', 'vtiger_pbxmanager', 1, '1', 'callstatus', 'Call Status', 1, 2, '', 100, 2, 88, 1, 'V~O', 1, NULL, 'BAS', 1, 0, 1),
(33, 526, 'starttime', 'vtiger_pbxmanager', 1, '70', 'starttime', 'Start Time', 1, 2, '', 100, 7, 88, 1, 'DT~O', 1, NULL, 'BAS', 1, 0, 1),
(33, 527, 'endtime', 'vtiger_pbxmanager', 1, '70', 'endtime', 'End Time', 1, 2, '', 100, 8, 88, 1, 'DT~O', 1, NULL, 'BAS', 1, 0, 0),
(33, 528, 'totalduration', 'vtiger_pbxmanager', 1, '1', 'totalduration', 'Total Duration', 1, 2, '', 100, 10, 88, 1, 'V~O', 1, NULL, 'BAS', 1, 0, 0),
(33, 529, 'billduration', 'vtiger_pbxmanager', 1, '1', 'billduration', 'Bill Duration', 1, 2, '', 100, 11, 88, 1, 'V~O', 1, NULL, 'BAS', 1, 0, 0),
(33, 530, 'recordingurl', 'vtiger_pbxmanager', 1, '17', 'recordingurl', 'Recording URL', 1, 2, '', 100, 9, 88, 1, 'V~O', 1, NULL, 'BAS', 1, 0, 1),
(33, 531, 'sourceuuid', 'vtiger_pbxmanager', 1, '1', 'sourceuuid', 'Source UUID', 1, 2, '', 100, 12, 88, 1, 'V~O', 1, NULL, 'BAS', 1, 0, 0),
(33, 532, 'gateway', 'vtiger_pbxmanager', 1, '1', 'gateway', 'Gateway', 1, 2, '', 100, 13, 88, 1, 'V~O', 1, NULL, 'BAS', 1, 0, 0),
(33, 533, 'customer', 'vtiger_pbxmanager', 1, '10', 'customer', 'Customer', 1, 2, '', 100, 3, 88, 1, 'V~O', 1, NULL, 'BAS', 1, 0, 1),
(33, 534, 'user', 'vtiger_pbxmanager', 1, '52', 'user', 'User', 1, 2, '', 100, 4, 88, 1, 'V~O', 1, NULL, 'BAS', 1, 0, 1),
(33, 535, 'customernumber', 'vtiger_pbxmanager', 1, '11', 'customernumber', 'Customer Number', 1, 2, '', 100, 5, 88, 1, 'V~M', 1, NULL, 'BAS', 1, 0, 0),
(33, 536, 'customertype', 'vtiger_pbxmanager', 1, '1', 'customertype', 'Customer Type', 1, 2, '', 100, 6, 88, 1, 'V~O', 1, NULL, 'BAS', 1, 0, 0),
(33, 537, 'smownerid', 'vtiger_crmentity', 1, '53', 'assigned_user_id', 'Assigned To', 1, 2, '', 100, 14, 88, 1, 'V~M', 1, NULL, 'BAS', 1, 0, 0),
(33, 538, 'createdtime', 'vtiger_crmentity', 1, '70', 'CreatedTime', 'Created Time', 1, 2, '', 100, 15, 88, 2, 'DT~O', 1, NULL, 'BAS', 1, 0, 0),
(33, 539, 'modifiedtime', 'vtiger_crmentity', 1, '70', 'ModifiedTime', 'Modified Time', 1, 2, '', 100, 16, 88, 2, 'DT~O', 1, NULL, 'BAS', 1, 0, 0),
(29, 540, 'phone_crm_extension', 'vtiger_users', 1, '11', 'phone_crm_extension', 'CRM Phone Extension', 1, 2, '', 100, 18, 79, 1, 'V~O', 1, NULL, 'BAS', 1, 0, 0),
(34, 541, 'smownerid', 'vtiger_crmentity', 1, '53', 'assigned_user_id', 'Assigned To', 1, 2, '', 100, 4, 89, 1, 'V~M', 2, 2, 'BAS', 1, 0, 1),
(34, 542, 'createdtime', 'vtiger_crmentity', 1, '70', 'createdtime', 'Created Time', 1, 0, '', 100, 17, 89, 2, 'DT~O', 3, 0, 'BAS', 0, 0, 0),
(34, 543, 'modifiedtime', 'vtiger_crmentity', 1, '70', 'modifiedtime', 'Modified Time', 1, 0, '', 100, 18, 89, 2, 'DT~O', 3, 0, 'BAS', 0, 0, 0),
(34, 544, 'start_date', 'vtiger_servicecontracts', 1, '5', 'start_date', 'Start Date', 1, 2, '', 100, 7, 89, 1, 'D~O', 2, 4, 'BAS', 1, 0, 0),
(34, 545, 'end_date', 'vtiger_servicecontracts', 1, '5', 'end_date', 'End Date', 1, 2, '', 100, 11, 89, 2, 'D~O', 3, 0, 'BAS', 0, 0, 0),
(34, 546, 'sc_related_to', 'vtiger_servicecontracts', 1, '10', 'sc_related_to', 'Related to', 1, 2, '', 100, 3, 89, 1, 'V~O', 2, 6, 'BAS', 1, 0, 0),
(34, 547, 'tracking_unit', 'vtiger_servicecontracts', 1, '15', 'tracking_unit', 'Tracking Unit', 1, 2, '', 100, 6, 89, 1, 'V~O', 2, 7, 'BAS', 1, 0, 0),
(34, 548, 'total_units', 'vtiger_servicecontracts', 1, '7', 'total_units', 'Total Units', 1, 2, '', 100, 8, 89, 1, 'V~O', 2, 8, 'BAS', 1, 0, 1),
(34, 549, 'used_units', 'vtiger_servicecontracts', 1, '7', 'used_units', 'Used Units', 1, 2, '', 100, 10, 89, 1, 'V~O', 2, 9, 'BAS', 1, 0, 1),
(34, 550, 'subject', 'vtiger_servicecontracts', 1, '1', 'subject', 'Subject', 1, 0, '', 100, 1, 89, 1, 'V~M', 0, 1, 'BAS', 1, 0, 1),
(34, 551, 'due_date', 'vtiger_servicecontracts', 1, '23', 'due_date', 'Due date', 1, 2, '', 100, 9, 89, 1, 'D~O', 2, 5, 'BAS', 1, 0, 0),
(34, 552, 'planned_duration', 'vtiger_servicecontracts', 1, '1', 'planned_duration', 'Planned Duration', 1, 2, '', 100, 13, 89, 2, 'V~O', 3, 0, 'BAS', 0, 0, 0),
(34, 553, 'actual_duration', 'vtiger_servicecontracts', 1, '1', 'actual_duration', 'Actual Duration', 1, 2, '', 100, 15, 89, 2, 'V~O', 3, 0, 'BAS', 0, 0, 0),
(34, 554, 'contract_status', 'vtiger_servicecontracts', 1, '15', 'contract_status', 'Status', 1, 2, '', 100, 12, 89, 1, 'V~O', 1, NULL, 'BAS', 1, 0, 0),
(34, 555, 'priority', 'vtiger_servicecontracts', 1, '15', 'contract_priority', 'Priority', 1, 2, 'Low', 100, 14, 89, 1, 'V~O', 1, NULL, 'BAS', 1, 0, 0),
(34, 556, 'contract_type', 'vtiger_servicecontracts', 1, '15', 'contract_type', 'Type', 1, 2, '', 100, 5, 89, 1, 'V~O', 1, NULL, 'BAS', 1, 0, 0),
(34, 557, 'progress', 'vtiger_servicecontracts', 1, '9', 'progress', 'Progress', 1, 2, '', 100, 16, 89, 2, 'N~O~2~2', 3, 3, 'BAS', 0, 0, 0),
(34, 558, 'contract_no', 'vtiger_servicecontracts', 1, '4', 'contract_no', 'Contract No', 1, 0, '', 100, 2, 89, 1, 'V~O', 3, 0, 'BAS', 0, 0, 1),
(34, 559, 'modifiedby', 'vtiger_crmentity', 1, '52', 'modifiedby', 'Last Modified By', 1, 0, '', 100, 17, 89, 3, 'V~O', 3, 0, 'BAS', 0, 0, 0),
(35, 560, 'servicename', 'vtiger_service', 1, '2', 'servicename', 'Service Name', 1, 0, '', 100, 1, 91, 1, 'V~M', 0, 1, 'BAS', 1, 0, 1),
(35, 561, 'service_no', 'vtiger_service', 1, '4', 'service_no', 'Service No', 1, 2, '', 100, 2, 91, 1, 'V~O', 1, 0, 'BAS', 2, 0, 0),
(35, 562, 'discontinued', 'vtiger_service', 1, '56', 'discontinued', 'Service Active', 1, 2, '', 100, 4, 91, 1, 'V~O', 2, 4, 'BAS', 1, 0, 0),
(35, 563, 'sales_start_date', 'vtiger_service', 1, '5', 'sales_start_date', 'Sales Start Date', 1, 2, '', 100, 9, 91, 1, 'D~O', 1, NULL, 'BAS', 1, 0, 0),
(35, 564, 'sales_end_date', 'vtiger_service', 1, '5', 'sales_end_date', 'Sales End Date', 1, 2, NULL, 100, 10, 91, 1, 'D~O~OTH~GE~sales_start_date~Sales Start Date', 1, NULL, 'BAS', 1, 0, 1),
(35, 565, 'start_date', 'vtiger_service', 1, '5', 'start_date', 'Support Start Date', 1, 2, '', 100, 11, 91, 1, 'D~O', 1, NULL, 'BAS', 1, 0, 0),
(35, 566, 'expiry_date', 'vtiger_service', 1, '5', 'expiry_date', 'Support Expiry Date', 1, 2, '', 100, 12, 91, 1, 'D~O~OTH~GE~start_date~Start Date', 1, NULL, 'BAS', 1, 0, 0),
(35, 567, 'website', 'vtiger_service', 1, '17', 'website', 'Website', 1, 2, '', 100, 6, 91, 1, 'V~O', 1, NULL, 'BAS', 1, 0, 0),
(35, 568, 'createdtime', 'vtiger_crmentity', 1, '70', 'createdtime', 'Created Time', 1, 0, '', 100, 13, 91, 2, 'DT~O', 3, 0, 'BAS', 0, 0, 0),
(35, 569, 'modifiedtime', 'vtiger_crmentity', 1, '70', 'modifiedtime', 'Modified Time', 1, 0, '', 100, 14, 91, 2, 'DT~O', 3, 0, 'BAS', 0, 0, 0),
(35, 570, 'modifiedby', 'vtiger_crmentity', 1, '52', 'modifiedby', 'Last Modified By', 1, 0, '', 100, 16, 91, 3, 'V~O', 3, 0, 'BAS', 0, 0, 0),
(35, 571, 'service_usageunit', 'vtiger_service', 1, '15', 'service_usageunit', 'Usage Unit', 1, 2, '', 100, 3, 91, 1, 'V~O', 1, NULL, 'BAS', 1, 0, 0),
(35, 572, 'qty_per_unit', 'vtiger_service', 1, '1', 'qty_per_unit', 'No of Units', 1, 2, '', 100, 5, 91, 1, 'N~O', 1, NULL, 'BAS', 1, 0, 0),
(35, 573, 'smownerid', 'vtiger_crmentity', 1, '53', 'assigned_user_id', 'Owner', 1, 2, '', 100, 8, 91, 1, 'I~O', 1, NULL, 'BAS', 1, 0, 1),
(35, 574, 'pscategory', 'vtiger_service', 1, '15', 'pscategory', 'Service Category', 1, 2, '', 100, 7, 91, 1, 'V~O', 2, 3, 'BAS', 1, 0, 1),
(35, 575, 'unit_price', 'vtiger_service', 1, '72', 'unit_price', 'Price', 1, 0, '', 100, 1, 92, 1, 'N~O', 2, 2, 'BAS', 0, 0, 1),
(35, 576, 'taxclass', 'vtiger_service', 1, '83', 'taxclass', 'Tax Class', 1, 2, '', 100, 4, 92, 1, 'V~O', 1, NULL, 'BAS', 1, 0, 0),
(35, 577, 'commissionrate', 'vtiger_service', 1, '9', 'commissionrate', 'Commission Rate', 1, 2, '', 100, 2, 92, 1, 'N~O', 1, NULL, 'BAS', 1, 0, 0),
(35, 578, 'description', 'vtiger_crmentity', 1, '300', 'description', 'Description', 1, 2, '', 100, 1, 94, 1, 'V~O', 1, NULL, 'BAS', 1, 0, 0),
(37, 579, 'asset_no', 'vtiger_assets', 1, '4', 'asset_no', 'Asset No', 1, 2, '', 100, 1, 95, 1, 'V~O', 1, 0, 'BAS', 2, 0, 0),
(37, 580, 'product', 'vtiger_assets', 1, '10', 'product', 'Product Name', 1, 2, '', 100, 5, 96, 1, 'V~M', 2, 4, 'BAS', 1, 0, 1),
(37, 581, 'serialnumber', 'vtiger_assets', 1, '2', 'serialnumber', 'Serial Number', 1, 2, '', 100, 2, 95, 1, 'V~M', 0, 3, 'BAS', 1, 0, 0),
(37, 582, 'datesold', 'vtiger_assets', 1, '5', 'datesold', 'Date Sold', 1, 2, '', 100, 3, 192, 1, 'D~M~OTH~GE~datesold~Date Sold', 0, 7, 'BAS', 1, 0, 0),
(37, 583, 'dateinservice', 'vtiger_assets', 1, '5', 'dateinservice', 'Date in Service', 1, 2, '', 100, 2, 192, 1, 'D~M~OTH~GE~dateinservice~Date in Service', 0, 9, 'BAS', 1, 0, 0),
(37, 584, 'assetstatus', 'vtiger_assets', 1, '15', 'assetstatus', 'Status', 1, 2, '', 100, 3, 95, 1, 'V~M', 2, 5, 'BAS', 1, 0, 1),
(37, 586, 'invoiceid', 'vtiger_assets', 1, '10', 'invoiceid', 'Invoice Name', 1, 2, '', 100, 7, 96, 1, 'V~M', 2, 10, 'BAS', 1, 0, 0),
(37, 589, 'smownerid', 'vtiger_crmentity', 1, '53', 'assigned_user_id', 'Assigned To', 1, 2, '', 100, 6, 96, 1, 'V~M', 2, 11, 'BAS', 1, 0, 1),
(37, 590, 'assetname', 'vtiger_assets', 1, '1', 'assetname', 'Asset Name', 1, 0, '', 100, 7, 95, 1, 'V~M', 0, 1, 'BAS', 1, 0, 1),
(37, 592, 'contact', 'vtiger_assets', 1, '10', 'contact', 'Contact Name', 1, 2, '', 100, 2, 96, 1, 'V~O', 0, 6, 'BAS', 1, 0, 0),
(37, 593, 'createdtime', 'vtiger_crmentity', 1, '70', 'createdtime', 'Created Time', 1, 0, '', 100, 4, 192, 2, 'DT~O', 3, 0, 'BAS', 0, 0, 0),
(37, 594, 'modifiedtime', 'vtiger_crmentity', 1, '70', 'modifiedtime', 'Modified Time', 1, 0, '', 100, 5, 192, 2, 'DT~O', 3, 0, 'BAS', 0, 0, 0),
(37, 595, 'modifiedby', 'vtiger_crmentity', 1, '52', 'modifiedby', 'Last Modified By', 1, 0, '', 100, 16, 95, 3, 'V~O', 3, 0, 'BAS', 0, 0, 0),
(40, 597, 'commentcontent', 'vtiger_modcomments', 1, '19', 'commentcontent', 'Comment', 1, 0, '', 100, 4, 98, 1, 'V~M', 0, 4, 'BAS', 2, 0, 1),
(40, 598, 'smownerid', 'vtiger_crmentity', 1, '53', 'assigned_user_id', 'Assigned To', 1, 0, '', 100, 1, 99, 1, 'V~M', 0, 1, 'BAS', 2, 0, 1),
(40, 599, 'createdtime', 'vtiger_crmentity', 1, '70', 'createdtime', 'Created Time', 1, 0, '', 100, 5, 99, 2, 'DT~O', 0, 2, 'BAS', 0, 0, 0),
(40, 600, 'modifiedtime', 'vtiger_crmentity', 1, '70', 'modifiedtime', 'Modified Time', 1, 0, '', 100, 6, 99, 2, 'DT~O', 0, 3, 'BAS', 0, 0, 0),
(40, 601, 'related_to', 'vtiger_modcomments', 1, '10', 'related_to', 'Related To', 1, 2, '', 100, 2, 99, 1, 'V~M', 2, 5, 'BAS', 2, 0, 0),
(40, 602, 'smcreatorid', 'vtiger_crmentity', 1, '52', 'creator', 'Creator', 1, 2, '', 100, 4, 99, 2, 'V~O', 1, NULL, 'BAS', 1, 0, 0),
(40, 603, 'parent_comments', 'vtiger_modcomments', 1, '10', 'parent_comments', 'Related To Comments', 1, 2, '', 100, 7, 99, 1, 'V~O', 1, NULL, 'BAS', 1, 0, 0),
(41, 604, 'projectmilestonename', 'vtiger_projectmilestone', 1, '2', 'projectmilestonename', 'Project Milestone Name', 1, 2, '', 100, 1, 101, 1, 'V~M', 0, 1, 'BAS', 1, 0, 1),
(41, 605, 'projectmilestonedate', 'vtiger_projectmilestone', 1, '5', 'projectmilestonedate', 'Milestone Date', 1, 2, '', 100, 5, 101, 1, 'D~O', 0, 3, 'BAS', 1, 0, 1),
(41, 606, 'projectid', 'vtiger_projectmilestone', 1, '10', 'projectid', 'Related to', 1, 0, '', 100, 4, 101, 1, 'V~M', 0, 4, 'BAS', 1, 0, 1),
(41, 607, 'projectmilestonetype', 'vtiger_projectmilestone', 1, '15', 'projectmilestonetype', 'Type', 1, 2, '', 100, 7, 101, 1, 'V~O', 1, NULL, 'BAS', 1, 0, 1),
(41, 608, 'smownerid', 'vtiger_crmentity', 1, '53', 'assigned_user_id', 'Assigned To', 1, 2, '', 100, 6, 101, 1, 'V~M', 0, 2, 'BAS', 1, 0, 0),
(41, 609, 'projectmilestone_no', 'vtiger_projectmilestone', 2, '4', 'projectmilestone_no', 'Project Milestone No', 1, 0, '', 100, 2, 101, 1, 'V~O', 3, 4, 'BAS', 0, 0, 0),
(41, 610, 'createdtime', 'vtiger_crmentity', 1, '70', 'createdtime', 'Created Time', 1, 2, '', 100, 1, 102, 2, 'DT~O', 1, NULL, 'BAS', 1, 0, 0),
(41, 611, 'modifiedtime', 'vtiger_crmentity', 1, '70', 'modifiedtime', 'Modified Time', 1, 2, '', 100, 2, 102, 2, 'DT~O', 1, NULL, 'BAS', 1, 0, 0),
(41, 612, 'modifiedby', 'vtiger_crmentity', 1, '52', 'modifiedby', 'Last Modified By', 1, 0, '', 100, 3, 102, 3, 'V~O', 3, 0, 'BAS', 0, 0, 0),
(41, 613, 'description', 'vtiger_crmentity', 1, '300', 'description', 'description', 1, 2, '', 100, 1, 103, 1, 'V~O', 1, NULL, 'BAS', 1, 0, 0),
(42, 614, 'projecttaskname', 'vtiger_projecttask', 1, '2', 'projecttaskname', 'Project Task Name', 1, 2, '', 100, 1, 104, 1, 'V~M', 0, 1, 'BAS', 1, 0, 1),
(42, 615, 'projecttasktype', 'vtiger_projecttask', 1, '15', 'projecttasktype', 'Type', 1, 2, '', 100, 4, 104, 1, 'V~O', 1, NULL, 'BAS', 1, 0, 1),
(42, 616, 'projecttaskpriority', 'vtiger_projecttask', 1, '15', 'projecttaskpriority', 'Priority', 1, 2, 'Low', 100, 3, 104, 1, 'V~O', 1, NULL, 'BAS', 1, 0, 0),
(42, 617, 'projectid', 'vtiger_projecttask', 1, '10', 'projectid', 'Related to', 1, 0, '', 100, 6, 104, 1, 'V~M', 0, 5, 'BAS', 1, 0, 0),
(42, 618, 'smownerid', 'vtiger_crmentity', 1, '53', 'assigned_user_id', 'Assigned To', 1, 2, '', 100, 7, 104, 1, 'V~M', 0, 2, 'BAS', 1, 0, 1),
(42, 619, 'projecttasknumber', 'vtiger_projecttask', 1, '7', 'projecttasknumber', 'Project Task Number', 1, 2, '', 100, 5, 104, 1, 'I~O', 1, NULL, 'BAS', 1, 0, 0),
(42, 620, 'projecttask_no', 'vtiger_projecttask', 2, '4', 'projecttask_no', 'Project Task No', 1, 0, '', 100, 2, 104, 1, 'V~O', 3, 4, 'BAS', 0, 0, 0),
(42, 621, 'projecttaskprogress', 'vtiger_projecttask', 1, '15', 'projecttaskprogress', 'Progress', 1, 2, '', 100, 3, 105, 1, 'V~O', 1, NULL, 'BAS', 1, 0, 1),
(42, 623, 'startdate', 'vtiger_projecttask', 1, '5', 'startdate', 'Start Date', 1, 2, '', 100, 5, 105, 1, 'D~M', 2, 3, 'BAS', 1, 0, 1),
(42, 624, 'enddate', 'vtiger_projecttask', 1, '5', 'enddate', 'End Date', 1, 2, '', 100, 7, 105, 1, 'D~O~OTH~GE~startdate~Start Date', 1, NULL, 'BAS', 1, 0, 1),
(42, 625, 'createdtime', 'vtiger_crmentity', 1, '70', 'createdtime', 'Created Time', 1, 2, '', 100, 1, 105, 2, 'DT~O', 1, NULL, 'BAS', 1, 0, 0),
(42, 626, 'modifiedtime', 'vtiger_crmentity', 1, '70', 'modifiedtime', 'Modified Time', 1, 2, '', 100, 2, 105, 2, 'DT~O', 1, NULL, 'BAS', 1, 0, 0),
(42, 627, 'modifiedby', 'vtiger_crmentity', 1, '52', 'modifiedby', 'Last Modified By', 1, 0, '', 100, 7, 105, 3, 'V~O', 3, 0, 'BAS', 0, 0, 0),
(42, 628, 'description', 'vtiger_crmentity', 1, '300', 'description', 'description', 1, 2, '', 100, 1, 106, 1, 'V~O', 1, NULL, 'BAS', 1, 0, 0),
(43, 629, 'projectname', 'vtiger_project', 1, '2', 'projectname', 'Project Name', 1, 2, '', 100, 1, 107, 1, 'V~M', 0, 1, 'BAS', 1, 0, 1),
(43, 630, 'startdate', 'vtiger_project', 1, '23', 'startdate', 'Start Date', 1, 2, '', 100, 3, 107, 1, 'D~O', 0, 3, 'BAS', 1, 0, 1),
(43, 631, 'targetenddate', 'vtiger_project', 1, '23', 'targetenddate', 'Target End Date', 1, 2, '', 100, 5, 107, 1, 'D~O~OTH~GE~startdate~Start Date', 0, 4, 'BAS', 1, 0, 1),
(43, 632, 'actualenddate', 'vtiger_project', 1, '23', 'actualenddate', 'Actual End Date', 1, 2, '', 100, 6, 107, 1, 'D~O~OTH~GE~startdate~Start Date', 1, NULL, 'BAS', 1, 0, 0),
(43, 633, 'projectstatus', 'vtiger_project', 1, '15', 'projectstatus', 'Status', 1, 2, '', 100, 7, 107, 1, 'V~O', 1, NULL, 'BAS', 1, 0, 1),
(43, 634, 'projecttype', 'vtiger_project', 1, '15', 'projecttype', 'Type', 1, 2, '', 100, 8, 107, 1, 'V~O', 1, NULL, 'BAS', 1, 0, 1),
(43, 635, 'linktoaccountscontacts', 'vtiger_project', 1, '10', 'linktoaccountscontacts', 'Related to', 1, 2, '', 100, 9, 107, 1, 'V~O', 1, NULL, 'BAS', 1, 0, 0),
(43, 636, 'smownerid', 'vtiger_crmentity', 1, '53', 'assigned_user_id', 'Assigned To', 1, 2, '', 100, 4, 107, 1, 'V~M', 0, 2, 'BAS', 1, 0, 1),
(43, 637, 'project_no', 'vtiger_project', 2, '4', 'project_no', 'Project No', 1, 0, '', 100, 2, 107, 1, 'V~O', 3, 0, 'BAS', 0, 0, 0),
(43, 638, 'targetbudget', 'vtiger_project', 1, '7', 'targetbudget', 'Target Budget', 1, 2, '', 100, 1, 108, 1, 'V~O', 1, NULL, 'BAS', 1, 0, 0),
(43, 639, 'projecturl', 'vtiger_project', 1, '17', 'projecturl', 'Project Url', 1, 2, '', 100, 2, 108, 1, 'V~O', 1, NULL, 'BAS', 1, 0, 0),
(43, 640, 'projectpriority', 'vtiger_project', 1, '15', 'projectpriority', 'Priority', 1, 2, 'Low', 100, 3, 108, 1, 'V~O', 1, NULL, 'BAS', 1, 0, 0),
(43, 641, 'progress', 'vtiger_project', 1, '15', 'progress', 'Progress', 1, 2, '', 100, 4, 108, 1, 'V~O', 1, NULL, 'BAS', 1, 0, 0),
(43, 642, 'createdtime', 'vtiger_crmentity', 1, '70', 'createdtime', 'Created Time', 1, 2, '', 100, 5, 108, 2, 'DT~O', 1, NULL, 'BAS', 1, 0, 0),
(43, 643, 'modifiedtime', 'vtiger_crmentity', 1, '70', 'modifiedtime', 'Modified Time', 1, 2, '', 100, 6, 108, 2, 'DT~O', 1, NULL, 'BAS', 1, 0, 0),
(43, 644, 'modifiedby', 'vtiger_crmentity', 1, '52', 'modifiedby', 'Last Modified By', 1, 0, '', 100, 7, 108, 3, 'V~O', 3, 0, 'BAS', 0, 0, 0),
(43, 645, 'description', 'vtiger_crmentity', 1, '300', 'description', 'description', 1, 2, '', 100, 1, 109, 1, 'V~O', 1, NULL, 'BAS', 1, 0, 0),
(45, 646, 'smownerid', 'vtiger_crmentity', 1, '53', 'assigned_user_id', 'Assigned To', 1, 0, '', 100, 2, 110, 1, 'V~M', 1, NULL, 'BAS', 1, 0, 1),
(45, 647, 'createdtime', 'vtiger_crmentity', 1, '70', 'createdtime', 'Created Time', 1, 0, '', 100, 5, 110, 2, 'DT~O', 1, NULL, 'BAS', 0, 0, 0),
(45, 648, 'modifiedtime', 'vtiger_crmentity', 1, '70', 'modifiedtime', 'Modified Time', 1, 0, '', 100, 6, 110, 2, 'DT~O', 1, NULL, 'BAS', 0, 0, 0),
(45, 649, 'message', 'vtiger_smsnotifier', 1, '21', 'message', 'message', 1, 0, '', 100, 1, 110, 1, 'V~M', 1, NULL, 'BAS', 1, 0, 1),
(45, 650, 'modifiedby', 'vtiger_crmentity', 1, '52', 'modifiedby', 'Last Modified By', 1, 0, '', 100, 7, 110, 3, 'V~O', 1, NULL, 'BAS', 0, 0, 0),
(2, 651, 'forecast_amount', 'vtiger_potential', 1, '71', 'forecast_amount', 'Forecast Amount', 1, 2, '', 100, 1, 199, 1, 'N~O', 1, NULL, 'BAS', 2, 0, 1),
(29, 652, 'no_of_currency_decimals', 'vtiger_users', 1, '16', 'no_of_currency_decimals', 'Number Of Currency Decimals', 1, 2, '2', 100, 6, 78, 1, 'V~O', 1, NULL, 'BAS', 1, 0, 0),
(23, 653, 'productid', 'vtiger_inventoryproductrel', 1, '10', 'productid', 'Item Name', 0, 2, '', 100, 1, 113, 5, 'V~M', 1, NULL, 'BAS', 0, 0, 0),
(23, 654, 'quantity', 'vtiger_inventoryproductrel', 1, '7', 'quantity', 'Quantity', 0, 2, '', 100, 2, 113, 5, 'N~O', 1, NULL, 'BAS', 0, 0, 0),
(23, 655, 'listprice', 'vtiger_inventoryproductrel', 1, '71', 'listprice', 'List Price', 0, 2, '', 100, 3, 113, 5, 'N~O', 1, NULL, 'BAS', 0, 0, 0),
(23, 656, 'comment', 'vtiger_inventoryproductrel', 1, '19', 'comment', 'Item Comment', 0, 2, '', 100, 4, 113, 5, 'V~O', 1, NULL, 'BAS', 0, 0, 0),
(23, 657, 'discount_amount', 'vtiger_inventoryproductrel', 1, '71', 'discount_amount', 'Discount', 0, 2, '', 100, 5, 113, 5, 'N~O', 1, NULL, 'BAS', 0, 0, 0),
(23, 658, 'discount_percent', 'vtiger_inventoryproductrel', 1, '7', 'discount_percent', 'Item Discount Percent', 0, 2, '', 100, 6, 113, 5, 'V~O', 1, NULL, 'BAS', 0, 0, 0),
(23, 659, 'tax1', 'vtiger_inventoryproductrel', 1, '83', 'tax1', 'Tax1', 0, 2, '', 100, 7, 113, 5, 'V~O', 1, NULL, 'BAS', 0, 0, 0),
(23, 660, 'tax2', 'vtiger_inventoryproductrel', 1, '83', 'tax2', 'Tax2', 0, 2, '', 100, 8, 113, 5, 'V~O', 1, NULL, 'BAS', 0, 0, 0),
(23, 661, 'tax3', 'vtiger_inventoryproductrel', 1, '83', 'tax3', 'Tax3', 0, 2, '', 100, 9, 113, 5, 'V~O', 1, NULL, 'BAS', 0, 0, 0),
(22, 662, 'productid', 'vtiger_inventoryproductrel', 1, '10', 'productid', 'Item Name', 0, 2, '', 100, 1, 114, 5, 'V~M', 1, NULL, 'BAS', 0, 0, 0),
(22, 663, 'quantity', 'vtiger_inventoryproductrel', 1, '7', 'quantity', 'Quantity', 0, 2, '', 100, 2, 114, 5, 'N~O', 1, NULL, 'BAS', 0, 0, 0),
(22, 664, 'listprice', 'vtiger_inventoryproductrel', 1, '71', 'listprice', 'List Price', 0, 2, '', 100, 3, 114, 5, 'N~O', 1, NULL, 'BAS', 0, 0, 0),
(22, 665, 'comment', 'vtiger_inventoryproductrel', 1, '19', 'comment', 'Item Comment', 0, 2, '', 100, 4, 114, 5, 'V~O', 1, NULL, 'BAS', 0, 0, 0),
(22, 666, 'discount_amount', 'vtiger_inventoryproductrel', 1, '71', 'discount_amount', 'Discount', 0, 2, '', 100, 5, 114, 5, 'N~O', 1, NULL, 'BAS', 0, 0, 0),
(22, 667, 'discount_percent', 'vtiger_inventoryproductrel', 1, '7', 'discount_percent', 'Item Discount Percent', 0, 2, '', 100, 6, 114, 5, 'V~O', 1, NULL, 'BAS', 0, 0, 0),
(22, 668, 'tax1', 'vtiger_inventoryproductrel', 1, '83', 'tax1', 'Tax1', 0, 2, '', 100, 7, 114, 5, 'V~O', 1, NULL, 'BAS', 0, 0, 0),
(22, 669, 'tax2', 'vtiger_inventoryproductrel', 1, '83', 'tax2', 'Tax2', 0, 2, '', 100, 8, 114, 5, 'V~O', 1, NULL, 'BAS', 0, 0, 0),
(22, 670, 'tax3', 'vtiger_inventoryproductrel', 1, '83', 'tax3', 'Tax3', 0, 2, '', 100, 9, 114, 5, 'V~O', 1, NULL, 'BAS', 0, 0, 0),
(21, 671, 'productid', 'vtiger_inventoryproductrel', 1, '10', 'productid', 'Item Name', 0, 2, '', 100, 1, 115, 5, 'V~M', 1, NULL, 'BAS', 0, 0, 0),
(21, 672, 'quantity', 'vtiger_inventoryproductrel', 1, '7', 'quantity', 'Quantity', 0, 2, '', 100, 2, 115, 5, 'N~O', 1, NULL, 'BAS', 0, 0, 0),
(21, 673, 'listprice', 'vtiger_inventoryproductrel', 1, '71', 'listprice', 'List Price', 0, 2, '', 100, 3, 115, 5, 'N~O', 1, NULL, 'BAS', 0, 0, 0),
(21, 674, 'comment', 'vtiger_inventoryproductrel', 1, '19', 'comment', 'Item Comment', 0, 2, '', 100, 4, 115, 5, 'V~O', 1, NULL, 'BAS', 0, 0, 0),
(21, 675, 'discount_amount', 'vtiger_inventoryproductrel', 1, '71', 'discount_amount', 'Discount', 0, 2, '', 100, 5, 115, 5, 'N~O', 1, NULL, 'BAS', 0, 0, 0),
(21, 676, 'discount_percent', 'vtiger_inventoryproductrel', 1, '7', 'discount_percent', 'Item Discount Percent', 0, 2, '', 100, 6, 115, 5, 'V~O', 1, NULL, 'BAS', 0, 0, 0),
(21, 677, 'tax1', 'vtiger_inventoryproductrel', 1, '83', 'tax1', 'Tax1', 0, 2, '', 100, 7, 115, 5, 'V~O', 1, NULL, 'BAS', 0, 0, 0),
(21, 678, 'tax2', 'vtiger_inventoryproductrel', 1, '83', 'tax2', 'Tax2', 0, 2, '', 100, 8, 115, 5, 'V~O', 1, NULL, 'BAS', 0, 0, 0),
(21, 679, 'tax3', 'vtiger_inventoryproductrel', 1, '83', 'tax3', 'Tax3', 0, 2, '', 100, 9, 115, 5, 'V~O', 1, NULL, 'BAS', 0, 0, 0),
(20, 680, 'productid', 'vtiger_inventoryproductrel', 1, '10', 'productid', 'Item Name', 0, 2, '', 100, 1, 116, 5, 'V~M', 1, NULL, 'BAS', 0, 0, 0),
(20, 681, 'quantity', 'vtiger_inventoryproductrel', 1, '7', 'quantity', 'Quantity', 0, 2, '', 100, 2, 116, 5, 'N~O', 1, NULL, 'BAS', 0, 0, 0),
(20, 682, 'listprice', 'vtiger_inventoryproductrel', 1, '71', 'listprice', 'List Price', 0, 2, '', 100, 3, 116, 5, 'N~O', 1, NULL, 'BAS', 0, 0, 0),
(20, 683, 'comment', 'vtiger_inventoryproductrel', 1, '19', 'comment', 'Item Comment', 0, 2, '', 100, 4, 116, 5, 'V~O', 1, NULL, 'BAS', 0, 0, 0),
(20, 684, 'discount_amount', 'vtiger_inventoryproductrel', 1, '71', 'discount_amount', 'Discount', 0, 2, '', 100, 5, 116, 5, 'N~O', 1, NULL, 'BAS', 0, 0, 0),
(20, 685, 'discount_percent', 'vtiger_inventoryproductrel', 1, '7', 'discount_percent', 'Item Discount Percent', 0, 2, '', 100, 6, 116, 5, 'V~O', 1, NULL, 'BAS', 0, 0, 0),
(20, 686, 'tax1', 'vtiger_inventoryproductrel', 1, '83', 'tax1', 'Tax1', 0, 2, '', 100, 7, 116, 5, 'V~O', 1, NULL, 'BAS', 0, 0, 0),
(20, 687, 'tax2', 'vtiger_inventoryproductrel', 1, '83', 'tax2', 'Tax2', 0, 2, '', 100, 8, 116, 5, 'V~O', 1, NULL, 'BAS', 0, 0, 0),
(20, 688, 'tax3', 'vtiger_inventoryproductrel', 1, '83', 'tax3', 'Tax3', 0, 2, '', 100, 9, 116, 5, 'V~O', 1, NULL, 'BAS', 0, 0, 0),
(29, 689, 'truncate_trailing_zeros', 'vtiger_users', 1, '56', 'truncate_trailing_zeros', 'Truncate Trailing Zeros', 1, 2, '0', 100, 7, 78, 1, 'V~O', 1, NULL, 'BAS', 1, 0, 0),
(42, 690, 'projecttaskstatus', 'vtiger_projecttask', 1, '15', 'projecttaskstatus', 'Status', 1, 2, 'Open', 100, 8, 104, 1, 'V~M', 2, 6, 'BAS', 1, 0, 1),
(40, 691, 'customer', 'vtiger_modcomments', 1, '10', 'customer', 'Customer', 1, 2, '', 100, 5, 98, 3, 'V~O', 1, NULL, 'BAS', 1, 0, 0),
(29, 692, 'dayoftheweek', 'vtiger_users', 1, '16', 'dayoftheweek', 'Starting Day of the week', 1, 2, 'Monday', 100, 7, 118, 1, 'V~O', 1, NULL, 'BAS', 1, 0, 0),
(29, 693, 'callduration', 'vtiger_users', 1, '16', 'callduration', 'Default Call Duration', 1, 2, '5', 100, 10, 118, 1, 'V~O', 1, NULL, 'BAS', 1, 0, 0),
(29, 694, 'othereventduration', 'vtiger_users', 2, '16', 'othereventduration', 'Other Event Duration', 1, 2, '5', 100, 8, 118, 1, 'V~O', 1, NULL, 'BAS', 1, 0, 0),
(23, 695, 'pre_tax_total', 'vtiger_invoice', 1, '72', 'pre_tax_total', 'Pre Tax Total', 1, 2, '', 100, 23, 67, 3, 'N~O', 1, NULL, 'BAS', 1, 0, 0),
(22, 696, 'pre_tax_total', 'vtiger_salesorder', 1, '72', 'pre_tax_total', 'Pre Tax Total', 1, 2, '', 100, 23, 61, 3, 'N~O', 1, NULL, 'BAS', 1, 0, 0),
(21, 697, 'pre_tax_total', 'vtiger_purchaseorder', 1, '72', 'pre_tax_total', 'Pre Tax Total', 1, 2, '', 100, 23, 55, 3, 'N~O', 1, NULL, 'BAS', 1, 0, 0),
(20, 698, 'pre_tax_total', 'vtiger_quotes', 1, '72', 'pre_tax_total', 'Pre Tax Total', 1, 2, '', 100, 23, 49, 3, 'N~O', 1, NULL, 'BAS', 1, 0, 0),
(29, 699, 'calendarsharedtype', 'vtiger_users', 1, '16', 'calendarsharedtype', 'Calendar Shared Type', 1, 2, 'Public', 100, 13, 118, 1, 'V~O', 1, NULL, 'BAS', 1, 0, 0),
(6, 700, 'isconvertedfromlead', 'vtiger_account', 1, '56', 'isconvertedfromlead', 'Is Converted From Lead', 1, 2, 'no', 100, 1, 196, 2, 'C~O', 1, NULL, 'BAS', 1, 0, 0),
(4, 701, 'isconvertedfromlead', 'vtiger_contactdetails', 1, '56', 'isconvertedfromlead', 'Is Converted From Lead', 1, 2, 'no', 100, 5, 5, 2, 'C~O', 1, NULL, 'BAS', 1, 0, 0),
(2, 702, 'isconvertedfromlead', 'vtiger_potential', 1, '56', 'isconvertedfromlead', 'Is Converted From Lead', 1, 2, 'no', 100, 2, 2, 2, 'C~O', 1, NULL, 'BAS', 1, 0, 0),
(29, 703, 'default_record_view', 'vtiger_users', 1, '16', 'default_record_view', 'Default Record View', 1, 2, 'Summary', 100, 19, 79, 1, 'V~O', 1, NULL, 'BAS', 1, 0, 0),
(23, 704, 'received', 'vtiger_invoice', 1, '72', 'received', 'Received', 1, 2, '0', 100, 24, 67, 3, 'N~O', 1, NULL, 'BAS', 1, 0, 0),
(23, 705, 'balance', 'vtiger_invoice', 1, '72', 'balance', 'Balance', 1, 2, '0', 100, 25, 67, 3, 'N~O', 1, NULL, 'BAS', 1, 0, 0),
(21, 706, 'paid', 'vtiger_purchaseorder', 1, '72', 'paid', 'Paid', 1, 2, '0', 100, 24, 55, 3, 'N~O', 1, NULL, 'BAS', 1, 0, 0),
(21, 707, 'balance', 'vtiger_purchaseorder', 1, '72', 'balance', 'Balance', 1, 2, '0', 100, 25, 55, 3, 'N~O', 1, NULL, 'BAS', 1, 0, 0),
(18, 708, 'smownerid', 'vtiger_crmentity', 1, '53', 'assigned_user_id', 'Assigned To', 1, 2, '', 100, 13, 42, 1, 'V~M', 1, NULL, 'BAS', 1, 0, 0),
(40, 710, 'userid', 'vtiger_modcomments', 1, '10', 'userid', 'UserId', 1, 2, '', 100, 6, 98, 3, 'V~O', 1, NULL, 'BAS', 1, 0, 0),
(40, 711, 'reasontoedit', 'vtiger_modcomments', 1, '19', 'reasontoedit', 'ReasonToEdit', 1, 2, '', 100, 7, 98, 1, 'V~O', 1, NULL, 'BAS', 1, 0, 0),
(29, 716, 'leftpanelhide', 'vtiger_users', 1, '56', 'leftpanelhide', 'Left Panel Hide', 1, 2, '0', 100, 20, 79, 1, 'V~O', 1, NULL, 'BAS', 1, 0, 0),
(2, 717, 'contact_id', 'vtiger_potential', 1, '10', 'contact_id', 'Contact Name', 1, 2, '', 100, 4, 1, 1, 'V~O', 1, NULL, 'BAS', 1, 0, 1),
(13, 718, 'contact_id', 'vtiger_troubletickets', 1, '10', 'contact_id', 'Contact Name', 1, 2, '', 100, 18, 25, 1, 'V~O', 1, NULL, 'BAS', 1, 0, 1),
(29, 719, 'rowheight', 'vtiger_users', 1, '16', 'rowheight', 'Row Height', 1, 2, 'medium', 100, 21, 79, 1, 'V~O', 1, NULL, 'BAS', 1, 0, 0),
(13, 720, 'from_portal', 'vtiger_ticketcf', 1, '56', 'from_portal', 'From Portal', 1, 0, '', 100, 19, 25, 3, 'C~O', 1, NULL, 'BAS', 1, 0, 0),
(29, 721, 'defaulteventstatus', 'vtiger_users', 1, '15', 'defaulteventstatus', 'Default Event Status', 1, 2, '', 100, 14, 118, 1, 'V~O', 1, NULL, 'BAS', 1, 0, 0),
(29, 722, 'defaultactivitytype', 'vtiger_users', 1, '15', 'defaultactivitytype', 'Default Activity Type', 1, 2, '', 100, 12, 118, 1, 'V~O', 1, NULL, 'BAS', 1, 0, 0),
(29, 723, 'hidecompletedevents', 'vtiger_users', 1, '56', 'hidecompletedevents', 'LBL_HIDE_COMPLETED_EVENTS', 1, 2, '0', 100, 11, 118, 1, 'C~O', 1, NULL, 'BAS', 1, 0, 0),
(2, 724, 'smcreatorid', 'vtiger_crmentity', 1, '52', 'created_user_id', 'Created By', 1, 2, '', 100, 3, 2, 2, 'V~O', 3, 7, 'BAS', 0, 0, 0),
(4, 725, 'smcreatorid', 'vtiger_crmentity', 1, '52', 'created_user_id', 'Created By', 1, 2, '', 100, 4, 5, 2, 'V~O', 3, 7, 'BAS', 0, 0, 0),
(6, 726, 'smcreatorid', 'vtiger_crmentity', 1, '52', 'created_user_id', 'Created By', 1, 2, '', 100, 3, 196, 2, 'V~O', 3, 5, 'BAS', 0, 0, 0),
(7, 727, 'smcreatorid', 'vtiger_crmentity', 1, '52', 'created_user_id', 'Created By', 1, 2, '', 100, 7, 14, 2, 'V~O', 3, 7, 'BAS', 0, 0, 0),
(9, 729, 'smcreatorid', 'vtiger_crmentity', 1, '52', 'created_user_id', 'Created By', 1, 2, '', 100, 23, 19, 2, 'V~O', 3, 5, 'BAS', 0, 0, 0),
(13, 730, 'smcreatorid', 'vtiger_crmentity', 1, '52', 'created_user_id', 'Created By', 1, 2, '', 100, 20, 25, 2, 'V~O', 3, 5, 'BAS', 0, 0, 0),
(18, 734, 'smcreatorid', 'vtiger_crmentity', 1, '52', 'created_user_id', 'Created By', 1, 2, '', 100, 14, 42, 2, 'V~O', 3, 4, 'BAS', 0, 0, 0),
(21, 737, 'smcreatorid', 'vtiger_crmentity', 1, '52', 'created_user_id', 'Created By', 1, 2, '', 100, 26, 55, 2, 'V~O', 3, 2, 'BAS', 0, 0, 0),
(23, 739, 'smcreatorid', 'vtiger_crmentity', 1, '52', 'created_user_id', 'Created By', 1, 2, '', 100, 26, 67, 2, 'V~O', 3, 2, 'BAS', 0, 0, 0),
(33, 741, 'smcreatorid', 'vtiger_crmentity', 1, '52', 'created_user_id', 'Created By', 1, 2, '', 100, 17, 88, 2, 'V~O', 3, 1, 'BAS', 0, 0, 0),
(34, 742, 'smcreatorid', 'vtiger_crmentity', 1, '52', 'created_user_id', 'Created By', 1, 2, '', 100, 19, 89, 2, 'V~O', 3, 10, 'BAS', 0, 0, 0),
(35, 743, 'smcreatorid', 'vtiger_crmentity', 1, '52', 'created_user_id', 'Created By', 1, 2, '', 100, 17, 91, 2, 'V~O', 3, 4, 'BAS', 0, 0, 0),
(37, 744, 'smcreatorid', 'vtiger_crmentity', 1, '52', 'created_user_id', 'Created By', 1, 2, '', 100, 8, 96, 2, 'V~O', 3, 7, 'BAS', 0, 0, 0),
(40, 745, 'smcreatorid', 'vtiger_crmentity', 1, '52', 'created_user_id', 'Created By', 1, 2, '', 100, 8, 98, 2, 'V~O', 3, 6, 'BAS', 0, 0, 0),
(41, 746, 'smcreatorid', 'vtiger_crmentity', 1, '52', 'created_user_id', 'Created By', 1, 2, '', 100, 8, 101, 2, 'V~O', 3, 5, 'BAS', 0, 0, 0),
(42, 747, 'smcreatorid', 'vtiger_crmentity', 1, '52', 'created_user_id', 'Created By', 1, 2, '', 100, 9, 104, 2, 'V~O', 3, 7, 'BAS', 0, 0, 0),
(43, 748, 'smcreatorid', 'vtiger_crmentity', 1, '52', 'created_user_id', 'Created By', 1, 2, '', 100, 10, 107, 2, 'V~O', 3, 5, 'BAS', 0, 0, 0),
(45, 749, 'smcreatorid', 'vtiger_crmentity', 1, '52', 'created_user_id', 'Created By', 1, 2, '', 100, 8, 110, 2, 'V~O', 3, 1, 'BAS', 0, 0, 0),
(47, 750, 'oss_mod_no', 'vtiger_osspdf', 1, '4', 'oss_mod_no', 'LBL_mod_no', 1, 2, '', 100, 1, 120, 1, 'V~O', 1, NULL, 'BAS', 1, 0, 0),
(47, 751, 'title', 'vtiger_osspdf', 1, '2', 'title', 'LBL_mod_name', 1, 2, '', 100, 2, 120, 1, 'V~M', 1, NULL, 'BAS', 1, 0, 0),
(47, 752, 'smownerid', 'vtiger_crmentity', 1, '53', 'assigned_user_id', 'Assigned To', 1, 2, '', 100, 3, 120, 1, 'V~M', 1, NULL, 'BAS', 1, 0, 0),
(47, 753, 'osspdf_pdf_format', 'vtiger_osspdf', 1, '15', 'osspdf_pdf_format', 'Document format', 1, 2, 'A4', 100, 4, 120, 1, 'V~M', 1, NULL, 'BAS', 1, 0, 0),
(47, 754, 'osspdf_pdf_orientation', 'vtiger_osspdf', 1, '15', 'osspdf_pdf_orientation', 'Page Orientation', 1, 2, 'Portrait', 100, 5, 120, 1, 'V~M', 1, NULL, 'BAS', 1, 0, 0),
(47, 755, 'left_margin', 'vtiger_osspdf', 1, '2', 'left_margin', 'Left margin [mm]', 1, 2, '10', 15, 6, 120, 1, 'NN~O', 1, NULL, 'BAS', 1, 0, 0),
(47, 756, 'right_margin', 'vtiger_osspdf', 1, '2', 'right_margin', 'Right margin [mm]', 1, 2, '10', 15, 7, 120, 1, 'NN~O', 1, NULL, 'BAS', 1, 0, 0),
(47, 757, 'top_margin', 'vtiger_osspdf', 1, '2', 'top_margin', 'Top margin [mm]', 1, 2, '10', 15, 8, 120, 1, 'NN~O', 1, NULL, 'BAS', 1, 0, 0),
(47, 758, 'bottom_margin', 'vtiger_osspdf', 1, '2', 'bottom_margin', 'Bottom margin [mm]', 1, 2, '10', 15, 9, 120, 1, 'NN~O', 1, NULL, 'BAS', 1, 0, 0),
(47, 759, 'filename', 'vtiger_osspdf', 1, '2', 'filename', 'File Name', 1, 2, '', 100, 13, 120, 1, 'V~O', 1, NULL, 'BAS', 1, 0, 0),
(47, 760, 'osspdf_enable_footer', 'vtiger_osspdf', 1, '15', 'osspdf_enable_footer', 'Enable Footer', 1, 2, 'No', 100, 11, 120, 1, 'V~M', 1, NULL, 'BAS', 1, 0, 0),
(47, 761, 'osspdf_enable_header', 'vtiger_osspdf', 1, '15', 'osspdf_enable_header', 'Enable Header', 1, 2, 'No', 100, 10, 120, 1, 'V~M', 1, NULL, 'BAS', 1, 0, 0),
(47, 762, 'height_header', 'vtiger_osspdf', 2, '7', 'height_header', 'height header', 1, 2, '1', 100, 17, 120, 1, 'I~M', 2, 0, 'BAS', 1, 0, 0),
(47, 763, 'height_footer', 'vtiger_osspdf', 2, '7', 'height_footer', 'height footer', 1, 2, '1', 100, 13, 120, 1, 'I~M', 2, 0, 'BAS', 1, 0, 0),
(47, 764, 'osspdf_enable_numbering', 'vtiger_osspdf', 1, '15', 'osspdf_enable_numbering', 'Enable Numbering', 1, 2, 'No', 100, 14, 120, 1, 'V~O', 1, NULL, 'BAS', 1, 0, 0),
(47, 765, 'createdtime', 'vtiger_crmentity', 1, '70', 'createdtime', 'Created Time', 1, 0, '', 100, 15, 120, 2, 'DT~O', 3, 0, 'BAS', 0, 0, 0),
(47, 766, 'modifiedtime', 'vtiger_crmentity', 1, '70', 'modifiedtime', 'Modified Time', 1, 0, '', 100, 16, 120, 2, 'DT~O', 3, 0, 'BAS', 0, 0, 0),
(47, 767, 'selected', 'vtiger_osspdf', 2, '56', 'selected', 'Selected by default', 1, 2, '', 100, 17, 120, 1, 'C~O', 0, 0, 'BAS', 1, 0, 0),
(47, 768, 'osspdf_view', 'vtiger_osspdf', 2, '33', 'osspdf_view', 'Show in', 1, 2, '', 100, 19, 120, 1, 'V~M', 0, 0, 'BAS', 1, 0, 0),
(47, 769, 'moduleid', 'vtiger_osspdf', 1, '2', 'moduleid', 'LBL_moduleid', 1, 2, '', 100, 4, 121, 1, 'V~M', 1, NULL, 'BAS', 0, 0, 0),
(47, 770, 'header_content', 'vtiger_osspdf', 1, '19', 'header_content', 'Header Content', 1, 2, '', 10000, 7, 122, 1, 'V~O', 1, NULL, 'BAS', 0, 0, 0),
(47, 771, 'content', 'vtiger_osspdf', 1, '19', 'content', 'Content', 1, 2, '', 10000, 7, 123, 1, 'V~O', 1, NULL, 'BAS', 0, 0, 0),
(47, 772, 'footer_content', 'vtiger_osspdf', 1, '19', 'footer_content', 'Footer Content', 1, 2, '', 10000, 7, 124, 1, 'V~O', 1, NULL, 'BAS', 0, 0, 0),
(49, 773, 'name', 'vtiger_ossmailtemplates', 1, '2', 'name', 'Name', 1, 2, '', 100, 1, 126, 1, 'V~M', 1, NULL, 'BAS', 1, 0, 0),
(49, 774, 'smownerid', 'vtiger_crmentity', 1, '53', 'assigned_user_id', 'Assigned To', 1, 2, '', 100, 2, 126, 1, 'V~M', 1, NULL, 'BAS', 1, 0, 0),
(49, 775, 'createdtime', 'vtiger_crmentity', 1, '70', 'CreatedTime', 'Created Time', 1, 2, '', 100, 3, 126, 2, 'DT~O', 1, NULL, 'BAS', 1, 0, 0),
(49, 776, 'modifiedtime', 'vtiger_crmentity', 1, '70', 'ModifiedTime', 'Modified Time', 1, 2, '', 100, 4, 126, 2, 'DT~O', 1, NULL, 'BAS', 1, 0, 0),
(49, 777, 'oss_module_list', 'vtiger_ossmailtemplates', 2, '16', 'oss_module_list', 'Module', 1, 2, '', 100, 5, 126, 1, 'V~M', 2, 0, 'BAS', 1, 0, 0),
(49, 778, 'subject', 'vtiger_ossmailtemplates', 2, '1', 'subject', 'Subject', 1, 2, '', 100, 1, 127, 1, 'V~M~LE~255', 2, 0, 'BAS', 1, 0, 0),
(49, 779, 'content', 'vtiger_ossmailtemplates', 2, '300', 'content', 'Content', 1, 2, '', 100, 2, 127, 1, 'V~O', 1, NULL, 'BAS', 1, 0, 0),
(51, 780, 'name', 'vtiger_osstimecontrol', 1, '16', 'name', 'name', 1, 2, '', 100, 1, 128, 1, 'V~M', 2, 1, 'BAS', 1, 0, 1),
(51, 781, 'osstimecontrol_no', 'vtiger_osstimecontrol', 1, '4', 'osstimecontrol_no', 'No.', 1, 2, '', 100, 2, 128, 3, 'V~O', 1, NULL, 'BAS', 1, 0, 1),
(51, 782, 'osstimecontrol_status', 'vtiger_osstimecontrol', 2, '16', 'osstimecontrol_status', 'LBL_STATUS', 1, 2, 'To approval', 100, 3, 128, 1, 'V~M', 2, 7, 'BAS', 2, 0, 1),
(51, 783, 'smownerid', 'vtiger_crmentity', 1, '53', 'assigned_user_id', 'Assigned To', 1, 2, '', 100, 9, 128, 1, 'V~M', 1, 4, 'BAS', 1, 0, 1),
(51, 784, 'date_start', 'vtiger_osstimecontrol', 1, '6', 'date_start', 'Start Date', 1, 0, '', 100, 5, 128, 1, 'D~M', 0, 11, 'BAS', 1, 0, 1),
(51, 785, 'time_start', 'vtiger_osstimecontrol', 1, '2', 'time_start', 'Time Start', 1, 0, '', 100, 7, 128, 1, 'T~M', 1, 9, 'BAS', 1, 0, 1),
(51, 786, 'time_end', 'vtiger_osstimecontrol', 1, '2', 'time_end', 'End Time', 1, 0, '', 100, 8, 128, 1, 'T~M~OTH~GE~time_start~Time Start', 1, 10, 'BAS', 1, 0, 1),
(51, 787, 'due_date', 'vtiger_osstimecontrol', 1, '23', 'due_date', 'End Date', 1, 0, '', 100, 6, 128, 1, 'D~M~OTH~GE~date_start~Start Date', 1, 12, 'BAS', 1, 0, 1),
(51, 788, 'sum_time', 'vtiger_osstimecontrol', 1, '7', 'sum_time', 'LBL_TOTAL_TIME', 1, 2, '', 100, 10, 128, 1, 'NN~O', 1, NULL, 'BAS', 1, 0, 1),
(51, 790, 'payment', 'vtiger_osstimecontrol', 1, '16', 'payment', 'Payment', 1, 2, 'W ramach zlecenia', 100, 11, 128, 1, 'V~M', 2, 6, 'BAS', 2, 0, 0),
(51, 791, 'createdtime', 'vtiger_crmentity', 1, '70', 'createdtime', 'Created Time', 1, 0, '', 100, 13, 128, 2, 'DT~O', 3, 2, 'BAS', 0, 0, 0),
(51, 792, 'modifiedtime', 'vtiger_crmentity', 1, '70', 'modifiedtime', 'Modified Time', 1, 0, '', 100, 14, 128, 2, 'DT~O', 3, 2, 'BAS', 0, 0, 0),
(51, 793, 'accountid', 'vtiger_osstimecontrol', 1, '10', 'accountid', 'Accounts', 1, 2, '', 100, 1, 129, 1, 'V~O', 1, NULL, 'BAS', 1, 0, 0),
(51, 794, 'contactid', 'vtiger_osstimecontrol', 1, '10', 'contactid', 'Contacts', 1, 2, '', 100, 3, 129, 1, 'V~O', 1, NULL, 'BAS', 1, 0, 0),
(51, 795, 'ticketid', 'vtiger_osstimecontrol', 1, '10', 'ticketid', 'HelpDesk', 1, 2, '', 100, 8, 129, 1, 'V~O', 1, NULL, 'BAS', 1, 0, 0),
(51, 796, 'projectid', 'vtiger_osstimecontrol', 1, '10', 'projectid', 'Project', 1, 2, '', 100, 2, 129, 1, 'V~O', 1, NULL, 'BAS', 1, 0, 0),
(51, 797, 'projecttaskid', 'vtiger_osstimecontrol', 1, '10', 'projecttaskid', 'ProjectTask', 1, 2, '', 100, 4, 129, 1, 'V~O', 1, NULL, 'BAS', 1, 0, 0),
(51, 798, 'potentialid', 'vtiger_osstimecontrol', 1, '10', 'potentialid', 'Potentials', 1, 2, '', 100, 7, 129, 1, 'V~O', 1, NULL, 'BAS', 1, 0, 0),
(51, 799, 'servicecontractsid', 'vtiger_osstimecontrol', 1, '10', 'servicecontractsid', 'ServiceContracts', 1, 2, '', 100, 6, 129, 1, 'V~O', 1, NULL, 'BAS', 1, 0, 0),
(51, 800, 'quoteid', 'vtiger_osstimecontrol', 1, '10', 'quoteid', 'Quotes', 1, 2, '', 100, 9, 129, 1, 'V~O', 1, NULL, 'BAS', 1, 0, 0),
(51, 801, 'assetsid', 'vtiger_osstimecontrol', 1, '10', 'assetsid', 'Assets', 1, 2, '', 100, 10, 129, 1, 'V~O', 1, NULL, 'BAS', 1, 0, 0),
(51, 802, 'salesorderid', 'vtiger_osstimecontrol', 1, '10', 'salesorderid', 'SalesOrder', 1, 2, '', 100, 11, 129, 1, 'V~O', 1, NULL, 'BAS', 1, 0, 0),
(13, 814, 'sum_time', 'vtiger_troubletickets', 1, '7', 'sum_time', 'Total time [h]', 1, 2, '', 100, 21, 25, 10, 'NN~O', 1, NULL, 'BAS', 1, 0, 0),
(42, 816, 'sum_time', 'vtiger_projecttask', 1, '7', 'sum_time', 'Total time [h]', 1, 2, '', 100, 10, 104, 10, 'NN~O', 1, NULL, 'BAS', 1, 0, 0),
(37, 818, 'sum_time', 'vtiger_assets', 1, '7', 'sum_time', 'Total time [h]', 1, 2, '', 100, 1, 192, 10, 'NN~O', 1, NULL, 'BAS', 1, 0, 0),
(34, 820, 'sum_time', 'vtiger_servicecontracts', 1, '7', 'sum_time', 'Total time [Service Contract]', 1, 2, '', 100, 3, 180, 10, 'NN~O', 1, NULL, 'BAS', 1, 0, 0),
(22, 822, 'sum_time', 'vtiger_salesorder', 1, '7', 'sum_time', 'Total time [h]', 1, 2, '', 100, 24, 61, 10, 'NN~O', 1, NULL, 'BAS', 1, 0, 0),
(20, 824, 'sum_time', 'vtiger_quotes', 1, '7', 'sum_time', 'Total time [h]', 1, 2, '', 100, 24, 49, 10, 'NN~O', 1, NULL, 'BAS', 1, 0, 0),
(43, 826, 'sum_time', 'vtiger_project', 1, '7', 'sum_time', 'Total time [Project]', 1, 2, '', 100, 1, 132, 10, 'NN~O', 1, NULL, 'BAS', 1, 0, 0),
(43, 828, 'sum_time_pt', 'vtiger_project', 1, '7', 'sum_time_pt', 'Total time [Project Task]', 1, 2, '', 100, 3, 132, 10, 'NN~O', 1, NULL, 'BAS', 1, 0, 0),
(43, 830, 'sum_time_h', 'vtiger_project', 1, '7', 'sum_time_h', 'Total time [Tickets]', 1, 2, '', 100, 5, 132, 10, 'NN~O', 1, NULL, 'BAS', 1, 0, 0),
(43, 832, 'sum_time_all', 'vtiger_project', 1, '7', 'sum_time_all', 'Total time [Sum]', 1, 2, '', 100, 7, 132, 10, 'NN~O', 1, NULL, 'BAS', 1, 0, 0),
(2, 834, 'sum_time', 'vtiger_potential', 1, '7', 'sum_time', 'Total time [h]', 1, 2, '', 100, 1, 133, 10, 'NN~O', 1, NULL, 'BAS', 1, 0, 0),
(2, 836, 'sum_time_so', 'vtiger_potential', 1, '7', 'sum_time_so', 'Total time [Sales Order]', 1, 2, '', 100, 3, 133, 10, 'NN~O', 1, NULL, 'BAS', 1, 0, 0),
(2, 838, 'sum_time_q', 'vtiger_potential', 1, '7', 'sum_time_q', 'Total time [Quotes]', 1, 2, '', 100, 5, 133, 10, 'NN~O', 1, NULL, 'BAS', 1, 0, 0),
(2, 840, 'sum_time_all', 'vtiger_potential', 1, '7', 'sum_time_all', 'Total time [Sum]', 1, 2, '', 100, 7, 133, 10, 'NN~O', 1, NULL, 'BAS', 1, 0, 0),
(54, 842, 'ossmailview_no', 'vtiger_ossmailview', 1, '4', 'ossmailview_no', 'number', 1, 0, '', 100, 2, 134, 1, 'V~O', 3, 0, 'BAS', 0, 0, 0),
(54, 843, 'from_email', 'vtiger_ossmailview', 2, '1', 'from_email', 'From', 1, 2, '', 100, 4, 134, 1, 'V~M', 1, NULL, 'BAS', 1, 0, 0),
(54, 844, 'to_email', 'vtiger_ossmailview', 2, '1', 'to_email', 'To', 1, 2, '', 100, 5, 134, 1, 'V~M', 1, NULL, 'BAS', 1, 0, 0),
(54, 845, 'subject', 'vtiger_ossmailview', 2, '1', 'subject', 'Subject', 1, 2, '', 100, 6, 134, 1, 'V~O', 1, NULL, 'BAS', 1, 0, 0),
(54, 846, 'cc_email', 'vtiger_ossmailview', 2, '1', 'cc_email', 'CC', 1, 2, '', 100, 7, 134, 1, 'V~O', 1, NULL, 'BAS', 1, 0, 0),
(54, 847, 'bcc_email', 'vtiger_ossmailview', 2, '1', 'bcc_email', 'BCC', 1, 2, '', 100, 8, 134, 1, 'V~O', 1, NULL, 'BAS', 1, 0, 0),
(54, 848, 'ossmailview_sendtype', 'vtiger_ossmailview', 1, '15', 'ossmailview_sendtype', 'SendType', 1, 0, '', 100, 9, 134, 1, 'V~O', 1, NULL, 'BAS', 1, 0, 0),
(54, 849, 'uid', 'vtiger_ossmailview', 2, '1', 'uid', 'messageid', 1, 2, '', 100, 12, 134, 3, 'V~O', 1, NULL, 'BAS', 1, 0, 0),
(54, 850, 'reply_to_email', 'vtiger_ossmailview', 2, '1', 'reply_to_email', 'Reply_to_email', 1, 2, '', 100, 13, 134, 1, 'V~O', 1, NULL, 'BAS', 1, 0, 0),
(54, 851, 'attachments_exist', 'vtiger_ossmailview', 2, '56', 'attachments_exist', 'Attachments_Exist', 1, 2, '', 100, 14, 134, 1, 'C~O', 1, NULL, 'BAS', 1, 0, 0),
(54, 852, 'rc_user', 'vtiger_ossmailview', 2, '1', 'rc_user', 'RC user', 1, 2, '', 100, 15, 134, 3, 'V~O', 1, NULL, 'BAS', 0, 0, 0),
(54, 853, 'type', 'vtiger_ossmailview', 2, '1', 'type', 'Type', 1, 2, '', 100, 16, 134, 3, 'V~O', 1, NULL, 'BAS', 0, 0, 0),
(54, 854, 'from_id', 'vtiger_ossmailview', 2, '1', 'from_id', 'FromID', 1, 2, '', 100, 17, 134, 3, 'V~O', 1, NULL, 'BAS', 0, 0, 0),
(54, 855, 'to_id', 'vtiger_ossmailview', 2, '1', 'to_id', 'ToID', 1, 2, '', 100, 18, 134, 3, 'V~O', 1, NULL, 'BAS', 0, 0, 0),
(54, 856, 'id', 'vtiger_ossmailview', 2, '1', 'id', 'id', 1, 2, '', 100, 19, 134, 3, 'I~O', 1, NULL, 'BAS', 1, 0, 0),
(54, 857, 'mbox', 'vtiger_ossmailview', 2, '1', 'mbox', 'mbox', 1, 2, '', 100, 20, 134, 3, 'V~O', 1, NULL, 'BAS', 1, 0, 0),
(54, 858, 'verify', 'vtiger_ossmailview', 1, '56', 'verify', 'LBL_VERIFY', 1, 2, '0', 100, 21, 134, 2, 'C~O', 1, NULL, 'BAS', 0, 0, 0),
(54, 859, 'rel_mod', 'vtiger_ossmailview', 1, '33', 'rel_mod', 'LBL_REL_MOD', 1, 2, '', 100, 22, 134, 2, 'V~O', 1, NULL, 'BAS', 0, 0, 0),
(54, 860, 'smownerid', 'vtiger_crmentity', 1, '53', 'assigned_user_id', 'Assigned To', 1, 0, '', 100, 3, 135, 1, 'V~M', 0, 6, 'BAS', 1, 0, 0),
(54, 861, 'createdtime', 'vtiger_crmentity', 1, '70', 'createdtime', 'Created Time', 1, 0, '', 100, 1, 135, 2, 'DT~O', 3, 0, 'BAS', 0, 0, 0),
(54, 862, 'modifiedtime', 'vtiger_crmentity', 1, '70', 'modifiedtime', 'Modified Time', 1, 0, '', 100, 2, 135, 2, 'DT~O', 3, 0, 'BAS', 0, 0, 0),
(54, 863, 'content', 'vtiger_ossmailview', 2, '19', 'content', 'Content', 1, 2, '', 100, 1, 136, 1, 'V~O', 1, NULL, 'BAS', 1, 0, 0),
(54, 864, 'orginal_mail', 'vtiger_ossmailview', 2, '21', 'orginal_mail', 'Treść', 1, 2, '', 100, 1, 137, 1, 'V~O', 1, NULL, 'BAS', 1, 0, 0),
(8, 865, 'ossdc_status', 'vtiger_notes', 1, '15', 'ossdc_status', 'ossdc_status', 1, 2, '', 100, 13, 17, 1, 'V~O', 1, NULL, 'BAS', 1, 0, 0),
(57, 866, 'osservicesstatus', 'vtiger_ossoutsourcedservices', 1, '15', 'osservicesstatus', 'LBL_osservicesstatus', 1, 2, '', 100, 3, 138, 1, 'V~O', 2, 3, 'BAS', 2, 0, 1),
(57, 867, 'productname', 'vtiger_ossoutsourcedservices', 2, '2', 'productname', 'Product Name', 1, 2, '', 250, 1, 138, 1, 'V~M', 2, 1, 'BAS', 1, 0, 1),
(57, 868, 'pscategory', 'vtiger_ossoutsourcedservices', 2, '15', 'pscategory', 'Category', 1, 2, '', 250, 2, 138, 1, 'V~O', 2, 5, 'BAS', 1, 0, 1),
(57, 869, 'pssubcategory', 'vtiger_ossoutsourcedservices', 2, '15', 'pssubcategory', 'Sub Category', 1, 2, '', 100, 4, 138, 1, 'V~O', 2, 7, 'BAS', 1, 0, 0),
(57, 870, 'datesold', 'vtiger_ossoutsourcedservices', 2, '5', 'datesold', 'Date Sold', 1, 2, '', 100, 5, 138, 1, 'D~O', 2, 9, 'BAS', 1, 0, 1),
(57, 871, 'dateinservice', 'vtiger_ossoutsourcedservices', 2, '5', 'dateinservice', 'Date in Service', 1, 2, '', 100, 6, 138, 1, 'D~O', 2, 10, 'BAS', 1, 0, 1),
(57, 872, 'wherebought', 'vtiger_ossoutsourcedservices', 2, '1', 'wherebought', 'Where bought', 1, 2, '', 250, 8, 138, 1, 'V~O', 1, NULL, 'BAS', 1, 0, 0),
(57, 873, 'ossoutsourcedservices_no', 'vtiger_ossoutsourcedservices', 1, '4', 'ossoutsourcedservices_no', 'Number', 1, 2, '', 100, 2, 139, 1, 'V~O', 1, NULL, 'BAS', 1, 0, 0),
(57, 874, 'smownerid', 'vtiger_crmentity', 1, '53', 'assigned_user_id', 'Assigned To', 1, 2, '', 100, 1, 139, 1, 'V~M', 1, 8, 'BAS', 1, 0, 0),
(57, 875, 'createdtime', 'vtiger_crmentity', 1, '70', 'createdtime', 'Created Time', 1, 0, '', 100, 4, 139, 2, 'DT~O', 3, 0, 'BAS', 0, 0, 0);
INSERT INTO `vtiger_field` (`tabid`, `fieldid`, `columnname`, `tablename`, `generatedtype`, `uitype`, `fieldname`, `fieldlabel`, `readonly`, `presence`, `defaultvalue`, `maximumlength`, `sequence`, `block`, `displaytype`, `typeofdata`, `quickcreate`, `quickcreatesequence`, `info_type`, `masseditable`, `helpinfo`, `summaryfield`) VALUES
(57, 876, 'modifiedtime', 'vtiger_crmentity', 1, '70', 'modifiedtime', 'Modified Time', 1, 0, '', 100, 3, 139, 2, 'DT~O', 3, 0, 'BAS', 0, 0, 0),
(57, 877, 'modifiedby', 'vtiger_crmentity', 1, '52', 'modifiedby', 'Last Modified By', 1, 0, '', 100, 4, 139, 3, 'V~O', 3, 0, 'BAS', 0, 0, 0),
(57, 878, 'description', 'vtiger_crmentity', 1, '300', 'description', 'Notes', 1, 2, '', 100, 1, 140, 1, 'V~O', 1, NULL, 'BAS', 1, 0, 0),
(58, 879, 'productname', 'vtiger_osssoldservices', 2, '2', 'productname', 'Product Name', 1, 2, '', 100, 1, 141, 1, 'V~M', 2, 1, 'BAS', 1, 0, 1),
(58, 880, 'ssservicesstatus', 'vtiger_osssoldservices', 2, '15', 'ssservicesstatus', 'LBL_ssservicesstatus', 1, 2, '', 100, 3, 141, 1, 'V~O', 2, 3, 'BAS', 2, 0, 1),
(58, 881, 'pscategory', 'vtiger_osssoldservices', 2, '15', 'pscategory', 'Category', 1, 2, '', 100, 4, 141, 1, 'V~O', 2, 5, 'BAS', 1, 0, 1),
(58, 882, 'pssubcategory', 'vtiger_osssoldservices', 2, '15', 'pssubcategory', 'Sub Category', 1, 2, '', 100, 6, 141, 1, 'V~O', 2, 7, 'BAS', 1, 0, 0),
(58, 883, 'datesold', 'vtiger_osssoldservices', 2, '5', 'datesold', 'Date Sold', 1, 2, '', 100, 8, 141, 1, 'D~M', 2, 9, 'BAS', 1, 0, 1),
(58, 884, 'dateinservice', 'vtiger_osssoldservices', 2, '5', 'dateinservice', 'Date in Service', 1, 2, '', 100, 5, 141, 1, 'D~O', 1, NULL, 'BAS', 1, 0, 1),
(58, 885, 'invoice', 'vtiger_osssoldservices', 2, '1', 'invoice', 'Invoice', 1, 2, '', 100, 7, 141, 1, 'V~O', 1, 0, 'BAS', 1, 0, 0),
(58, 886, 'osssoldservices_no', 'vtiger_osssoldservices', 1, '4', 'osssoldservices_no', 'Number', 1, 2, '', 100, 1, 142, 3, 'V~O', 1, NULL, 'BAS', 1, 0, 0),
(58, 887, 'smownerid', 'vtiger_crmentity', 1, '53', 'assigned_user_id', 'Assigned To', 1, 2, '', 100, 6, 142, 1, 'V~M', 1, 11, 'BAS', 1, 0, 0),
(58, 888, 'createdtime', 'vtiger_crmentity', 1, '70', 'createdtime', 'Created Time', 1, 0, '', 100, 9, 142, 2, 'DT~O', 3, 0, 'BAS', 0, 0, 0),
(58, 889, 'modifiedtime', 'vtiger_crmentity', 1, '70', 'modifiedtime', 'Modified Time', 1, 0, '', 100, 8, 142, 2, 'DT~O', 3, 0, 'BAS', 0, 0, 0),
(58, 890, 'modifiedby', 'vtiger_crmentity', 1, '52', 'modifiedby', 'Last Modified By', 1, 0, '', 100, 4, 142, 3, 'V~O', 3, 0, 'BAS', 0, 0, 0),
(58, 891, 'description', 'vtiger_crmentity', 1, '300', 'description', 'Description', 1, 2, '', 100, 1, 143, 1, 'V~O', 1, NULL, 'BAS', 1, 0, 0),
(59, 892, 'productname', 'vtiger_outsourcedproducts', 1, '1', 'productname', 'Product Name', 1, 2, '', 100, 1, 144, 1, 'V~M', 2, 1, 'BAS', 1, 0, 1),
(59, 893, 'oproductstatus', 'vtiger_outsourcedproducts', 2, '15', 'oproductstatus', 'Status', 1, 2, '', 100, 2, 144, 1, 'V~O', 2, 3, 'BAS', 1, 0, 1),
(59, 894, 'datesold', 'vtiger_outsourcedproducts', 1, '5', 'datesold', 'Date Sold', 1, 2, '', 100, 3, 144, 1, 'D~O', 2, 9, 'BAS', 1, 0, 1),
(59, 895, 'dateinservice', 'vtiger_outsourcedproducts', 2, '5', 'dateinservice', 'Date in Service', 1, 2, '', 100, 5, 144, 1, 'D~O', 2, 10, 'BAS', 1, 0, 1),
(59, 896, 'pscategory', 'vtiger_outsourcedproducts', 2, '15', 'pscategory', 'Category', 1, 2, '', 100, 17, 144, 1, 'V~O', 2, 5, 'BAS', 1, 0, 1),
(59, 897, 'pssubcategory', 'vtiger_outsourcedproducts', 2, '15', 'pssubcategory', 'Sub Category', 1, 2, '', 100, 18, 144, 1, 'V~O', 2, 7, 'BAS', 1, 0, 1),
(59, 898, 'wherebought', 'vtiger_outsourcedproducts', 2, '1', 'wherebought', 'Where bought', 1, 2, '', 100, 22, 144, 1, 'V~O', 1, NULL, 'BAS', 1, 0, 0),
(59, 899, 'prodcount', 'vtiger_outsourcedproducts', 2, '7', 'prodcount', 'Quantity', 1, 2, '', 100, 23, 144, 1, 'I~O', 1, NULL, 'BAS', 1, 0, 0),
(59, 900, 'asset_no', 'vtiger_outsourcedproducts', 1, '4', 'asset_no', 'Number', 1, 2, '', 100, 1, 145, 1, 'V~O', 0, 0, 'BAS', 0, 0, 0),
(59, 901, 'smownerid', 'vtiger_crmentity', 1, '53', 'assigned_user_id', 'Assigned To', 1, 2, '', 100, 1, 145, 1, 'V~M', 1, 8, 'BAS', 1, 0, 0),
(59, 902, 'createdtime', 'vtiger_crmentity', 1, '70', 'createdtime', 'Created Time', 1, 0, '', 100, 4, 145, 2, 'DT~O', 3, 0, 'BAS', 0, 0, 0),
(59, 903, 'modifiedtime', 'vtiger_crmentity', 1, '70', 'modifiedtime', 'Modified Time', 1, 0, '', 100, 3, 145, 2, 'DT~O', 3, 0, 'BAS', 0, 0, 0),
(59, 904, 'modifiedby', 'vtiger_crmentity', 1, '52', 'modifiedby', 'Last Modified By', 1, 0, '', 100, 4, 145, 3, 'V~O', 3, 0, 'BAS', 0, 0, 0),
(59, 905, 'description', 'vtiger_crmentity', 1, '300', 'description', 'Description', 1, 2, '', 100, 1, 146, 1, 'V~O', 1, NULL, 'BAS', 1, 0, 0),
(35, 910, 'pssubcategory', 'vtiger_service', 1, '15', 'pssubcategory', 'Sub Category', 1, 2, '', 100, 18, 91, 1, 'V~O', 2, 5, 'BAS', 1, 0, 0),
(14, 911, 'pssubcategory', 'vtiger_products', 1, '15', 'pssubcategory', 'Sub Category', 1, 2, '', 100, 23, 31, 1, 'V~O', 2, 6, 'BAS', 1, 0, 0),
(58, 915, 'invoiceid', 'vtiger_osssoldservices', 1, '10', 'invoiceid', 'Invoice', 1, 2, '', 100, 7, 142, 1, 'I~M', 2, 10, 'BAS', 1, 0, 0),
(59, 916, 'contact', 'vtiger_outsourcedproducts', 1, '10', 'contact', 'Contact Name', 1, 2, '', 100, 26, 144, 1, 'I~O', 2, 6, 'BAS', 1, 0, 1),
(57, 917, 'contact', 'vtiger_ossoutsourcedservices', 1, '10', 'contact', 'Contact Name', 1, 2, '', 100, 11, 138, 1, 'I~O', 2, 4, 'BAS', 1, 0, 0),
(58, 918, 'contact', 'vtiger_osssoldservices', 1, '10', 'contact', 'Contact Name', 1, 2, '', 100, 2, 142, 1, 'I~O', 2, 6, 'BAS', 1, 0, 0),
(59, 923, 'potential', 'vtiger_outsourcedproducts', 1, '10', 'potential', 'Selling proposition', 1, 2, '', 100, 28, 144, 1, 'I~O', 2, 4, 'BAS', 1, 0, 0),
(57, 924, 'potential', 'vtiger_ossoutsourcedservices', 1, '10', 'potential', 'Selling proposition', 1, 2, '', 100, 13, 138, 1, 'I~O', 2, 6, 'BAS', 1, 0, 0),
(58, 925, 'potential', 'vtiger_osssoldservices', 1, '10', 'potential', 'Potentials', 1, 2, '', 100, 3, 142, 1, 'I~M', 2, 8, 'BAS', 1, 0, 0),
(37, 926, 'potential', 'vtiger_assets', 1, '10', 'potential', 'Potential', 1, 2, '', 100, 3, 96, 1, 'I~M', 2, 8, 'BAS', 1, 0, 0),
(60, 927, 'osspassword_no', 'vtiger_osspasswords', 1, '4', 'osspassword_no', 'OSSPassword No', 1, 0, '', 100, 1, 147, 1, 'V~O', 3, 0, 'BAS', 0, 0, 0),
(60, 928, 'passwordname', 'vtiger_osspasswords', 1, '1', 'passwordname', 'Key name', 0, 2, '', 100, 2, 147, 1, 'V~M', 0, 3, 'BAS', 1, 0, 0),
(60, 929, 'linkto', 'vtiger_osspasswords', 1, '10', 'linkto', 'Related to', 1, 2, '', 100, 3, 147, 1, 'V~O', 1, NULL, 'BAS', 1, 0, 0),
(60, 930, 'username', 'vtiger_osspasswords', 1, '1', 'username', 'Username', 0, 2, '', 100, 4, 147, 1, 'V~O', 0, 3, 'BAS', 1, 0, 0),
(60, 931, 'password', 'vtiger_osspasswords', 1, '1', 'password', 'Password', 0, 2, '', 100, 5, 147, 1, 'V~O', 0, 3, 'BAS', 1, 0, 0),
(60, 932, 'link_adres', 'vtiger_osspasswords', 1, '17', 'link_adres', 'WWW page', 0, 2, '', 255, 6, 147, 1, 'V~O~LE~255', 0, 3, 'BAS', 1, 0, 0),
(60, 933, 'smownerid', 'vtiger_crmentity', 1, '53', 'assigned_user_id', 'Assigned To', 1, 2, '', 100, 7, 147, 1, 'V~M', 0, 2, 'BAS', 1, 0, 0),
(60, 934, 'createdtime', 'vtiger_crmentity', 1, '70', 'createdtime', 'Created Time', 1, 0, '', 100, 8, 147, 2, 'DT~O', 3, 0, 'BAS', 0, 0, 0),
(60, 935, 'modifiedtime', 'vtiger_crmentity', 1, '70', 'modifiedtime', 'Modified Time', 1, 0, '', 100, 9, 147, 2, 'DT~O', 3, 0, 'BAS', 0, 0, 0),
(60, 936, 'description', 'vtiger_crmentity', 1, '300', 'description', 'Description', 1, 2, '', 100, 10, 149, 1, 'V~O', 1, NULL, 'BAS', 1, 0, 0),
(7, 938, 'noapprovalcalls', 'vtiger_leaddetails', 1, '56', 'noapprovalcalls', 'Approval for phone calls', 1, 2, '', 100, 7, 150, 1, 'C~O', 1, NULL, 'BAS', 1, 0, 0),
(7, 940, 'noapprovalemails', 'vtiger_leaddetails', 1, '56', 'noapprovalemails', 'Approval for email', 1, 2, '', 100, 8, 150, 1, 'C~O', 1, NULL, 'BAS', 1, 0, 0),
(61, 941, 'ossemployees_no', 'vtiger_ossemployees', 1, '4', 'ossemployees_no', 'No.', 1, 2, '', 100, 1, 151, 3, 'V~O', 1, NULL, 'BAS', 1, 0, 1),
(61, 942, 'employee_status', 'vtiger_ossemployees', 1, '15', 'employee_status', 'LBL_EMPLOYEESTATUS', 1, 2, '', 100, 2, 151, 1, 'V~O', 0, 0, 'BAS', 0, 0, 1),
(61, 943, 'parentid', 'vtiger_ossemployees', 1, '10', 'parentid', 'LBL_Member_Of', 1, 2, '', 100, 3, 151, 1, 'I~O', 1, NULL, 'BAS', 0, 0, 1),
(61, 944, 'smownerid', 'vtiger_crmentity', 1, '53', 'assigned_user_id', 'Assigned To', 1, 2, '', 100, 10, 151, 1, 'V~M', 1, NULL, 'BAS', 1, 0, 0),
(61, 945, 'name', 'vtiger_ossemployees', 1, '1', 'name', 'LBL_NAME', 0, 2, '', 100, 4, 151, 1, 'V~M', 0, 1, 'BAS', 0, 0, 1),
(61, 946, 'last_name', 'vtiger_ossemployees', 1, '1', 'last_name', 'LBL_LASTNAME', 0, 2, '', 100, 5, 151, 1, 'V~M', 0, 1, 'BAS', 0, 0, 1),
(61, 947, 'pesel', 'vtiger_ossemployees', 1, '1', 'pesel', 'LBL_PESEL', 0, 2, '', 100, 6, 151, 1, 'V~O', 0, 1, 'BAS', 0, 0, 1),
(61, 948, 'id_card', 'vtiger_ossemployees', 1, '1', 'id_card', 'LBL_IDCARD', 0, 2, '', 100, 7, 151, 1, 'V~O', 0, 1, 'BAS', 0, 0, 1),
(61, 949, 'employee_education', 'vtiger_ossemployees', 1, '15', 'employee_education', 'LBL_EDUCATION', 1, 2, '', 100, 8, 151, 1, 'V~O', 0, 0, 'BAS', 0, 0, 1),
(61, 950, 'birth_date', 'vtiger_ossemployees', 2, '5', 'birth_date', 'LBL_BIRTHDATE', 1, 2, '', 100, 9, 151, 1, 'D~O', 2, 0, 'BAS', 1, 0, 0),
(61, 951, 'createdtime', 'vtiger_crmentity', 1, '70', 'createdtime', 'Created Time', 1, 0, '', 100, 11, 151, 2, 'DT~O', 3, 0, 'BAS', 0, 0, 0),
(61, 952, 'modifiedtime', 'vtiger_crmentity', 1, '70', 'modifiedtime', 'Modified Time', 1, 0, '', 100, 12, 151, 2, 'DT~O', 3, 0, 'BAS', 0, 0, 0),
(61, 953, 'business_phone', 'vtiger_ossemployees', 1, '11', 'business_phone', 'LBL_BUSINESSPHONE', 0, 2, '', 100, 1, 152, 1, 'V~O', 0, 1, 'BAS', 0, 0, 0),
(61, 954, 'private_phone', 'vtiger_ossemployees', 1, '11', 'private_phone', 'LBL_PRIVATEPHONE', 0, 2, '', 100, 2, 152, 1, 'V~O', 0, 1, 'BAS', 0, 0, 0),
(61, 955, 'business_mail', 'vtiger_ossemployees', 1, '13', 'business_mail', 'LBL_BUSINESSMAIL', 0, 2, '', 100, 3, 152, 1, 'E~O', 0, 1, 'BAS', 0, 0, 1),
(61, 956, 'private_mail', 'vtiger_ossemployees', 1, '13', 'private_mail', 'LBL_PRIVATEMAIL', 0, 2, '', 100, 4, 152, 1, 'E~O', 0, 1, 'BAS', 0, 0, 0),
(61, 957, 'street', 'vtiger_ossemployees', 1, '1', 'street', 'LBL_STREET', 0, 2, '', 100, 1, 153, 1, 'V~O', 0, 1, 'BAS', 0, 0, 0),
(61, 958, 'code', 'vtiger_ossemployees', 1, '1', 'code', 'LBL_CODE', 0, 2, '', 100, 2, 153, 1, 'V~O', 0, 1, 'BAS', 0, 0, 0),
(61, 959, 'city', 'vtiger_ossemployees', 1, '1', 'city', 'LBL_CITY', 0, 2, '', 100, 3, 153, 1, 'V~O', 0, 1, 'BAS', 0, 0, 0),
(61, 960, 'state', 'vtiger_ossemployees', 1, '1', 'state', 'LBL_STATE', 0, 2, '', 100, 4, 153, 1, 'V~O', 0, 1, 'BAS', 0, 0, 0),
(61, 961, 'country', 'vtiger_ossemployees', 1, '1', 'country', 'LBL_COUNTRY', 0, 2, '', 100, 5, 153, 1, 'V~O', 0, 1, 'BAS', 0, 0, 0),
(61, 962, 'ship_street', 'vtiger_ossemployees', 1, '1', 'ship_street', 'LBL_SHIPSTREET', 0, 2, '', 100, 1, 154, 1, 'V~O', 0, 1, 'BAS', 0, 0, 0),
(61, 963, 'ship_code', 'vtiger_ossemployees', 1, '1', 'ship_code', 'LBL_SHIPCODE', 0, 2, '', 100, 2, 154, 1, 'V~O', 0, 1, 'BAS', 0, 0, 0),
(61, 964, 'ship_city', 'vtiger_ossemployees', 1, '1', 'ship_city', 'LBL_SHIPCITY', 0, 2, '', 100, 3, 154, 1, 'V~O', 0, 1, 'BAS', 0, 0, 0),
(61, 965, 'ship_state', 'vtiger_ossemployees', 1, '1', 'ship_state', 'LBL_SHIPSTATE', 0, 2, '', 100, 4, 154, 1, 'V~O', 0, 1, 'BAS', 0, 0, 0),
(61, 966, 'ship_country', 'vtiger_ossemployees', 1, '1', 'ship_country', 'LBL_SHIPCOUNTRY', 0, 2, '', 100, 5, 154, 1, 'V~O', 0, 1, 'BAS', 0, 0, 0),
(7, 967, 'vat_id', 'vtiger_leaddetails', 1, '1', 'vat_id', 'Vat ID', 1, 2, '', 100, 6, 13, 1, 'V~M', 2, NULL, 'BAS', 1, 0, 0),
(7, 968, 'registration_number_1', 'vtiger_leaddetails', 1, '1', 'registration_number_1', 'Registration number 1', 1, 2, '', 100, 3, 191, 1, 'V~O', 1, NULL, 'BAS', 1, 0, 0),
(7, 969, 'registration_number_2', 'vtiger_leaddetails', 1, '1', 'registration_number_2', 'Registration number 2', 1, 2, '', 100, 2, 191, 1, 'V~O', 1, NULL, 'BAS', 1, 0, 0),
(6, 970, 'vat_id', 'vtiger_account', 1, '1', 'vat_id', 'Vat ID', 1, 2, '', 100, 2, 194, 1, 'V~O', 1, NULL, 'BAS', 1, 0, 0),
(6, 971, 'registration_number_1', 'vtiger_account', 1, '1', 'registration_number_1', 'Registration number 1', 1, 2, '', 100, 6, 194, 1, 'V~O', 1, NULL, 'BAS', 1, 0, 0),
(6, 972, 'registration_number_2', 'vtiger_account', 1, '1', 'registration_number_2', 'Registration number 2', 1, 2, '', 100, 4, 194, 1, 'V~O', 1, NULL, 'BAS', 1, 0, 0),
(18, 973, 'vat_id', 'vtiger_vendor', 1, '1', 'vat_id', 'Vat ID', 1, 2, '', 100, 15, 42, 1, 'V~O', 1, NULL, 'BAS', 1, 0, 0),
(18, 974, 'registration_number_1', 'vtiger_vendor', 1, '1', 'registration_number_1', 'Registration number 1', 1, 2, '', 100, 16, 42, 1, 'V~O', 1, NULL, 'BAS', 1, 0, 0),
(18, 975, 'registration_number_2', 'vtiger_vendor', 1, '1', 'registration_number_2', 'Registration number 2', 1, 2, '', 100, 17, 42, 1, 'V~O', 1, NULL, 'BAS', 1, 0, 0),
(13, 1043, 'projectid', 'vtiger_troubletickets', 2, '10', 'projectid', 'Project', 1, 2, '', 100, 22, 25, 1, 'V~O', 2, NULL, 'BAS', 1, 0, 0),
(43, 1044, 'servicecontractsid', 'vtiger_project', 2, '10', 'servicecontractsid', 'ServiceContracts', 1, 2, '', 100, 11, 107, 1, 'V~O', 1, NULL, 'BAS', 1, 0, 0),
(29, 1045, 'is_owner', 'vtiger_users', 1, '1', 'is_owner', 'Account Owner', 0, 2, '0', 100, 12, 77, 5, 'V~O', 0, 1, 'BAS', 0, 0, 0),
(34, 1046, 'sum_time_p', 'vtiger_servicecontracts', 1, '7', 'sum_time_p', 'Total time [Projects]', 1, 2, '', 100, 2, 180, 10, 'NN~O', 1, NULL, 'BAS', 1, 0, 0),
(34, 1047, 'sum_time_h', 'vtiger_servicecontracts', 1, '7', 'sum_time_h', 'Total time [Tickets]', 1, 2, '', 100, 1, 180, 10, 'NN~O', 1, NULL, 'BAS', 1, 0, 0),
(34, 1048, 'sum_time_all', 'vtiger_servicecontracts', 1, '7', 'sum_time_all', 'Total time [Sum]', 1, 2, '', 100, 4, 180, 10, 'NN~O', 1, NULL, 'BAS', 1, 0, 0),
(13, 1049, 'servicecontractsid', 'vtiger_troubletickets', 2, '10', 'servicecontractsid', 'ServiceContracts', 1, 2, '', 100, 23, 25, 1, 'V~O', 1, NULL, 'BAS', 1, 0, 0),
(7, 1065, 'addresslevel1a', 'vtiger_leadaddress', 1, '1', 'addresslevel1a', 'AddressLevel1', 1, 2, '', 100, 9, 15, 1, 'V~O', 1, NULL, 'BAS', 1, 0, 0),
(7, 1066, 'addresslevel2a', 'vtiger_leadaddress', 1, '1', 'addresslevel2a', 'AddressLevel2', 1, 2, '', 100, 7, 15, 1, 'V~O', 1, NULL, 'BAS', 1, 0, 0),
(7, 1067, 'addresslevel3a', 'vtiger_leadaddress', 1, '1', 'addresslevel3a', 'AddressLevel3', 1, 2, '', 100, 10, 15, 1, 'V~O', 1, NULL, 'BAS', 1, 0, 0),
(7, 1068, 'addresslevel4a', 'vtiger_leadaddress', 1, '1', 'addresslevel4a', 'AddressLevel4', 1, 2, '', 100, 8, 15, 1, 'V~O', 1, NULL, 'BAS', 1, 0, 0),
(7, 1069, 'addresslevel5a', 'vtiger_leadaddress', 1, '1', 'addresslevel5a', 'AddressLevel5', 1, 2, '', 100, 3, 15, 1, 'V~O', 1, NULL, 'BAS', 1, 0, 0),
(7, 1070, 'addresslevel6a', 'vtiger_leadaddress', 1, '1', 'addresslevel6a', 'AddressLevel6', 1, 2, '', 100, 6, 15, 1, 'V~O', 1, NULL, 'BAS', 1, 0, 0),
(7, 1071, 'addresslevel7a', 'vtiger_leadaddress', 1, '1', 'addresslevel7a', 'AddressLevel7', 1, 2, '', 100, 5, 15, 1, 'V~O', 1, NULL, 'BAS', 1, 0, 0),
(7, 1072, 'addresslevel8a', 'vtiger_leadaddress', 1, '1', 'addresslevel8a', 'AddressLevel8', 1, 2, '', 100, 1, 15, 1, 'V~O', 1, NULL, 'BAS', 1, 0, 0),
(4, 1073, 'addresslevel1a', 'vtiger_contactaddress', 1, '1', 'addresslevel1a', 'AddressLevel1', 1, 2, '', 100, 10, 7, 1, 'V~O', 1, NULL, 'BAS', 1, 0, 0),
(4, 1074, 'addresslevel1b', 'vtiger_contactaddress', 1, '1', 'addresslevel1b', 'AddressLevel1', 1, 2, '', 100, 10, 178, 1, 'V~O', 1, NULL, 'BAS', 1, 0, 0),
(4, 1075, 'addresslevel2a', 'vtiger_contactaddress', 1, '1', 'addresslevel2a', 'AddressLevel2', 1, 2, '', 100, 9, 7, 1, 'V~O', 1, NULL, 'BAS', 1, 0, 0),
(4, 1076, 'addresslevel2b', 'vtiger_contactaddress', 1, '1', 'addresslevel2b', 'AddressLevel2', 1, 2, '', 100, 9, 178, 1, 'V~O', 1, NULL, 'BAS', 1, 0, 0),
(4, 1077, 'addresslevel3a', 'vtiger_contactaddress', 1, '1', 'addresslevel3a', 'AddressLevel3', 1, 2, '', 100, 8, 7, 1, 'V~O', 1, NULL, 'BAS', 1, 0, 0),
(4, 1078, 'addresslevel3b', 'vtiger_contactaddress', 1, '1', 'addresslevel3b', 'AddressLevel3', 1, 2, '', 100, 8, 178, 1, 'V~O', 1, NULL, 'BAS', 1, 0, 0),
(4, 1079, 'addresslevel4a', 'vtiger_contactaddress', 1, '1', 'addresslevel4a', 'AddressLevel4', 1, 2, '', 100, 7, 7, 1, 'V~O', 1, NULL, 'BAS', 1, 0, 0),
(4, 1080, 'addresslevel4b', 'vtiger_contactaddress', 1, '1', 'addresslevel4b', 'AddressLevel4', 1, 2, '', 100, 7, 178, 1, 'V~O', 1, NULL, 'BAS', 1, 0, 0),
(4, 1081, 'addresslevel5a', 'vtiger_contactaddress', 1, '1', 'addresslevel5a', 'AddressLevel5', 1, 2, '', 100, 6, 7, 1, 'V~O', 1, NULL, 'BAS', 1, 0, 0),
(4, 1082, 'addresslevel5b', 'vtiger_contactaddress', 1, '1', 'addresslevel5b', 'AddressLevel5', 1, 2, '', 100, 6, 178, 1, 'V~O', 1, NULL, 'BAS', 1, 0, 0),
(4, 1083, 'addresslevel6a', 'vtiger_contactaddress', 1, '1', 'addresslevel6a', 'AddressLevel6', 1, 2, '', 100, 5, 7, 1, 'V~O', 1, NULL, 'BAS', 1, 0, 0),
(4, 1084, 'addresslevel6b', 'vtiger_contactaddress', 1, '1', 'addresslevel6b', 'AddressLevel6', 1, 2, '', 100, 5, 178, 1, 'V~O', 1, NULL, 'BAS', 1, 0, 0),
(4, 1085, 'addresslevel7a', 'vtiger_contactaddress', 1, '1', 'addresslevel7a', 'AddressLevel7', 1, 2, '', 100, 4, 7, 1, 'V~O', 1, NULL, 'BAS', 1, 0, 0),
(4, 1086, 'addresslevel7b', 'vtiger_contactaddress', 1, '1', 'addresslevel7b', 'AddressLevel7', 1, 2, '', 100, 4, 178, 1, 'V~O', 1, NULL, 'BAS', 1, 0, 0),
(4, 1087, 'addresslevel8a', 'vtiger_contactaddress', 1, '1', 'addresslevel8a', 'AddressLevel8', 1, 2, '', 100, 3, 7, 1, 'V~O', 1, NULL, 'BAS', 1, 0, 0),
(4, 1088, 'addresslevel8b', 'vtiger_contactaddress', 1, '1', 'addresslevel8b', 'AddressLevel8', 1, 2, '', 100, 3, 178, 1, 'V~O', 1, NULL, 'BAS', 1, 0, 0),
(6, 1089, 'addresslevel1a', 'vtiger_accountaddress', 1, '1', 'addresslevel1a', 'AddressLevel1', 1, 2, '', 100, 10, 11, 1, 'V~O', 1, NULL, 'BAS', 1, 0, 0),
(6, 1090, 'addresslevel1b', 'vtiger_accountaddress', 1, '1', 'addresslevel1b', 'AddressLevel1', 1, 2, '', 100, 10, 10, 1, 'V~O', 1, NULL, 'BAS', 1, 0, 0),
(6, 1091, 'addresslevel2a', 'vtiger_accountaddress', 1, '1', 'addresslevel2a', 'AddressLevel2', 1, 2, '', 100, 9, 11, 1, 'V~O', 1, NULL, 'BAS', 1, 0, 0),
(6, 1092, 'addresslevel2b', 'vtiger_accountaddress', 1, '1', 'addresslevel2b', 'AddressLevel2', 1, 2, '', 100, 9, 10, 1, 'V~O', 1, NULL, 'BAS', 1, 0, 0),
(6, 1093, 'addresslevel3a', 'vtiger_accountaddress', 1, '1', 'addresslevel3a', 'AddressLevel3', 1, 2, '', 100, 8, 11, 1, 'V~O', 1, NULL, 'BAS', 1, 0, 0),
(6, 1094, 'addresslevel3b', 'vtiger_accountaddress', 1, '1', 'addresslevel3b', 'AddressLevel3', 1, 2, '', 100, 8, 10, 1, 'V~O', 1, NULL, 'BAS', 1, 0, 0),
(6, 1095, 'addresslevel4a', 'vtiger_accountaddress', 1, '1', 'addresslevel4a', 'AddressLevel4', 1, 2, '', 100, 7, 11, 1, 'V~O', 1, NULL, 'BAS', 1, 0, 0),
(6, 1096, 'addresslevel4b', 'vtiger_accountaddress', 1, '1', 'addresslevel4b', 'AddressLevel4', 1, 2, '', 100, 7, 10, 1, 'V~O', 1, NULL, 'BAS', 1, 0, 0),
(6, 1097, 'addresslevel5a', 'vtiger_accountaddress', 1, '1', 'addresslevel5a', 'AddressLevel5', 1, 2, '', 100, 6, 11, 1, 'V~O', 1, NULL, 'BAS', 1, 0, 0),
(6, 1098, 'addresslevel5b', 'vtiger_accountaddress', 1, '1', 'addresslevel5b', 'AddressLevel5', 1, 2, '', 100, 6, 10, 1, 'V~O', 1, NULL, 'BAS', 1, 0, 0),
(6, 1099, 'addresslevel6a', 'vtiger_accountaddress', 1, '1', 'addresslevel6a', 'AddressLevel6', 1, 2, '', 100, 5, 11, 1, 'V~O', 1, NULL, 'BAS', 1, 0, 0),
(6, 1100, 'addresslevel6b', 'vtiger_accountaddress', 1, '1', 'addresslevel6b', 'AddressLevel6', 1, 2, '', 100, 5, 10, 1, 'V~O', 1, NULL, 'BAS', 1, 0, 0),
(6, 1101, 'addresslevel7a', 'vtiger_accountaddress', 1, '1', 'addresslevel7a', 'AddressLevel7', 1, 2, '', 100, 4, 11, 1, 'V~O', 1, NULL, 'BAS', 1, 0, 0),
(6, 1102, 'addresslevel7b', 'vtiger_accountaddress', 1, '1', 'addresslevel7b', 'AddressLevel7', 1, 2, '', 100, 4, 10, 1, 'V~O', 1, NULL, 'BAS', 1, 0, 0),
(6, 1103, 'addresslevel8a', 'vtiger_accountaddress', 1, '1', 'addresslevel8a', 'AddressLevel8', 1, 2, '', 100, 3, 11, 1, 'V~O', 1, NULL, 'BAS', 1, 0, 0),
(6, 1104, 'addresslevel8b', 'vtiger_accountaddress', 1, '1', 'addresslevel8b', 'AddressLevel8', 1, 2, '', 100, 3, 10, 1, 'V~O', 1, NULL, 'BAS', 1, 0, 0),
(18, 1105, 'addresslevel1a', 'vtiger_vendoraddress', 1, '1', 'addresslevel1a', 'AddressLevel1', 1, 2, '', 100, 8, 44, 1, 'V~O', 1, NULL, 'BAS', 1, 0, 0),
(18, 1106, 'addresslevel1b', 'vtiger_vendoraddress', 1, '1', 'addresslevel1b', 'AddressLevel1', 1, 2, '', 100, 8, 43, 1, 'V~O', 1, NULL, 'BAS', 1, 0, 0),
(18, 1107, 'addresslevel1c', 'vtiger_vendoraddress', 1, '1', 'addresslevel1c', 'AddressLevel1', 1, 2, '', 100, 8, 179, 1, 'V~O', 1, NULL, 'BAS', 1, 0, 0),
(18, 1108, 'addresslevel2a', 'vtiger_vendoraddress', 1, '1', 'addresslevel2a', 'AddressLevel2', 1, 2, '', 100, 7, 44, 1, 'V~O', 1, NULL, 'BAS', 1, 0, 0),
(18, 1109, 'addresslevel2b', 'vtiger_vendoraddress', 1, '1', 'addresslevel2b', 'AddressLevel2', 1, 2, '', 100, 7, 43, 1, 'V~O', 1, NULL, 'BAS', 1, 0, 0),
(18, 1110, 'addresslevel2c', 'vtiger_vendoraddress', 1, '1', 'addresslevel2c', 'AddressLevel2', 1, 2, '', 100, 7, 179, 1, 'V~O', 1, NULL, 'BAS', 1, 0, 0),
(18, 1111, 'addresslevel3a', 'vtiger_vendoraddress', 1, '1', 'addresslevel3a', 'AddressLevel3', 1, 2, '', 100, 6, 44, 1, 'V~O', 1, NULL, 'BAS', 1, 0, 0),
(18, 1112, 'addresslevel3b', 'vtiger_vendoraddress', 1, '1', 'addresslevel3b', 'AddressLevel3', 1, 2, '', 100, 6, 43, 1, 'V~O', 1, NULL, 'BAS', 1, 0, 0),
(18, 1113, 'addresslevel3c', 'vtiger_vendoraddress', 1, '1', 'addresslevel3c', 'AddressLevel3', 1, 2, '', 100, 6, 179, 1, 'V~O', 1, NULL, 'BAS', 1, 0, 0),
(18, 1114, 'addresslevel4a', 'vtiger_vendoraddress', 1, '1', 'addresslevel4a', 'AddressLevel4', 1, 2, '', 100, 5, 44, 1, 'V~O', 1, NULL, 'BAS', 1, 0, 0),
(18, 1115, 'addresslevel4b', 'vtiger_vendoraddress', 1, '1', 'addresslevel4b', 'AddressLevel4', 1, 2, '', 100, 5, 43, 1, 'V~O', 1, NULL, 'BAS', 1, 0, 0),
(18, 1116, 'addresslevel4c', 'vtiger_vendoraddress', 1, '1', 'addresslevel4c', 'AddressLevel4', 1, 2, '', 100, 5, 179, 1, 'V~O', 1, NULL, 'BAS', 1, 0, 0),
(18, 1117, 'addresslevel5a', 'vtiger_vendoraddress', 1, '1', 'addresslevel5a', 'AddressLevel5', 1, 2, '', 100, 4, 44, 1, 'V~O', 1, NULL, 'BAS', 1, 0, 0),
(18, 1118, 'addresslevel5b', 'vtiger_vendoraddress', 1, '1', 'addresslevel5b', 'AddressLevel5', 1, 2, '', 100, 4, 43, 1, 'V~O', 1, NULL, 'BAS', 1, 0, 0),
(18, 1119, 'addresslevel5c', 'vtiger_vendoraddress', 1, '1', 'addresslevel5c', 'AddressLevel5', 1, 2, '', 100, 4, 179, 1, 'V~O', 1, NULL, 'BAS', 1, 0, 0),
(18, 1120, 'addresslevel6a', 'vtiger_vendoraddress', 1, '1', 'addresslevel6a', 'AddressLevel6', 1, 2, '', 100, 3, 44, 1, 'V~O', 1, NULL, 'BAS', 1, 0, 0),
(18, 1121, 'addresslevel6b', 'vtiger_vendoraddress', 1, '1', 'addresslevel6b', 'AddressLevel6', 1, 2, '', 100, 3, 43, 1, 'V~O', 1, NULL, 'BAS', 1, 0, 0),
(18, 1122, 'addresslevel6c', 'vtiger_vendoraddress', 1, '1', 'addresslevel6c', 'AddressLevel6', 1, 2, '', 100, 3, 179, 1, 'V~O', 1, NULL, 'BAS', 1, 0, 0),
(18, 1123, 'addresslevel7a', 'vtiger_vendoraddress', 1, '1', 'addresslevel7a', 'AddressLevel7', 1, 2, '', 100, 2, 44, 1, 'V~O', 1, NULL, 'BAS', 1, 0, 0),
(18, 1124, 'addresslevel7b', 'vtiger_vendoraddress', 1, '1', 'addresslevel7b', 'AddressLevel7', 1, 2, '', 100, 2, 43, 1, 'V~O', 1, NULL, 'BAS', 1, 0, 0),
(18, 1125, 'addresslevel7c', 'vtiger_vendoraddress', 1, '1', 'addresslevel7c', 'AddressLevel7', 1, 2, '', 100, 2, 179, 1, 'V~O', 1, NULL, 'BAS', 1, 0, 0),
(18, 1126, 'addresslevel8a', 'vtiger_vendoraddress', 1, '1', 'addresslevel8a', 'AddressLevel8', 1, 2, '', 100, 1, 44, 1, 'V~O', 1, NULL, 'BAS', 1, 0, 0),
(18, 1127, 'addresslevel8b', 'vtiger_vendoraddress', 1, '1', 'addresslevel8b', 'AddressLevel8', 1, 2, '', 100, 1, 43, 1, 'V~O', 1, NULL, 'BAS', 1, 0, 0),
(18, 1128, 'addresslevel8c', 'vtiger_vendoraddress', 1, '1', 'addresslevel8c', 'AddressLevel8', 1, 2, '', 100, 1, 179, 1, 'V~O', 1, NULL, 'BAS', 1, 0, 0),
(6, 1160, 'addresslevel1c', 'vtiger_accountaddress', 1, '1', 'addresslevel1c', 'AddressLevel1', 1, 2, '', 100, 10, 181, 1, 'V~O', 1, NULL, 'BAS', 1, 0, 0),
(6, 1161, 'addresslevel2c', 'vtiger_accountaddress', 1, '1', 'addresslevel2c', 'AddressLevel2', 1, 2, '', 100, 9, 181, 1, 'V~O', 1, NULL, 'BAS', 1, 0, 0),
(6, 1162, 'addresslevel3c', 'vtiger_accountaddress', 1, '1', 'addresslevel3c', 'AddressLevel3', 1, 2, '', 100, 8, 181, 1, 'V~O', 1, NULL, 'BAS', 1, 0, 0),
(6, 1163, 'addresslevel4c', 'vtiger_accountaddress', 1, '1', 'addresslevel4c', 'AddressLevel4', 1, 2, '', 100, 7, 181, 1, 'V~O', 1, NULL, 'BAS', 1, 0, 0),
(6, 1164, 'addresslevel5c', 'vtiger_accountaddress', 1, '1', 'addresslevel5c', 'AddressLevel5', 1, 2, '', 100, 6, 181, 1, 'V~O', 1, NULL, 'BAS', 1, 0, 0),
(6, 1165, 'addresslevel6c', 'vtiger_accountaddress', 1, '1', 'addresslevel6c', 'AddressLevel6', 1, 2, '', 100, 5, 181, 1, 'V~O', 1, NULL, 'BAS', 1, 0, 0),
(6, 1166, 'addresslevel7c', 'vtiger_accountaddress', 1, '1', 'addresslevel7c', 'AddressLevel7', 1, 2, '', 100, 4, 181, 1, 'V~O', 1, NULL, 'BAS', 1, 0, 0),
(6, 1167, 'addresslevel8c', 'vtiger_accountaddress', 1, '1', 'addresslevel8c', 'AddressLevel8', 1, 2, '', 100, 3, 181, 1, 'V~O', 1, NULL, 'BAS', 1, 0, 0),
(20, 1168, 'addresslevel1a', 'vtiger_quotesaddress', 1, '1', 'addresslevel1a', 'AddressLevel1', 1, 2, '', 100, 3, 51, 1, 'V~O', 3, 2, 'BAS', 1, 0, 0),
(20, 1169, 'addresslevel1b', 'vtiger_quotesaddress', 1, '1', 'addresslevel1b', 'AddressLevel1', 1, 2, '', 100, 3, 50, 1, 'V~O', 3, 3, 'BAS', 1, 0, 0),
(20, 1170, 'addresslevel2a', 'vtiger_quotesaddress', 1, '1', 'addresslevel2a', 'AddressLevel2', 1, 2, '', 100, 4, 51, 1, 'V~O', 3, 4, 'BAS', 1, 0, 0),
(20, 1171, 'addresslevel2b', 'vtiger_quotesaddress', 1, '1', 'addresslevel2b', 'AddressLevel2', 1, 2, '', 100, 4, 50, 1, 'V~O', 3, 5, 'BAS', 1, 0, 0),
(20, 1172, 'addresslevel3a', 'vtiger_quotesaddress', 1, '1', 'addresslevel3a', 'AddressLevel3', 1, 2, '', 100, 5, 51, 1, 'V~O', 3, 6, 'BAS', 1, 0, 0),
(20, 1173, 'addresslevel3b', 'vtiger_quotesaddress', 1, '1', 'addresslevel3b', 'AddressLevel3', 1, 2, '', 100, 5, 50, 1, 'V~O', 3, 7, 'BAS', 1, 0, 0),
(20, 1174, 'addresslevel4a', 'vtiger_quotesaddress', 1, '1', 'addresslevel4a', 'AddressLevel4', 1, 2, '', 100, 6, 51, 1, 'V~O', 3, 8, 'BAS', 1, 0, 0),
(20, 1175, 'addresslevel4b', 'vtiger_quotesaddress', 1, '1', 'addresslevel4b', 'AddressLevel4', 1, 2, '', 100, 6, 50, 1, 'V~O', 3, 9, 'BAS', 1, 0, 0),
(20, 1176, 'addresslevel5a', 'vtiger_quotesaddress', 1, '1', 'addresslevel5a', 'AddressLevel5', 1, 2, '', 100, 7, 51, 1, 'V~O', 3, 10, 'BAS', 1, 0, 0),
(20, 1177, 'addresslevel5b', 'vtiger_quotesaddress', 1, '1', 'addresslevel5b', 'AddressLevel5', 1, 2, '', 100, 7, 50, 1, 'V~O', 3, 11, 'BAS', 1, 0, 0),
(20, 1178, 'addresslevel6a', 'vtiger_quotesaddress', 1, '1', 'addresslevel6a', 'AddressLevel6', 1, 2, '', 100, 8, 51, 1, 'V~O', 3, 12, 'BAS', 1, 0, 0),
(20, 1179, 'addresslevel6b', 'vtiger_quotesaddress', 1, '1', 'addresslevel6b', 'AddressLevel6', 1, 2, '', 100, 8, 50, 1, 'V~O', 3, 13, 'BAS', 1, 0, 0),
(20, 1180, 'addresslevel7a', 'vtiger_quotesaddress', 1, '1', 'addresslevel7a', 'AddressLevel7', 1, 2, '', 100, 9, 51, 1, 'V~O', 3, 14, 'BAS', 1, 0, 0),
(20, 1181, 'addresslevel7b', 'vtiger_quotesaddress', 1, '1', 'addresslevel7b', 'AddressLevel7', 1, 2, '', 100, 9, 50, 1, 'V~O', 3, 15, 'BAS', 1, 0, 0),
(20, 1182, 'addresslevel8a', 'vtiger_quotesaddress', 1, '1', 'addresslevel8a', 'AddressLevel8', 1, 2, '', 100, 10, 51, 1, 'V~O', 3, 16, 'BAS', 1, 0, 0),
(20, 1183, 'addresslevel8b', 'vtiger_quotesaddress', 1, '1', 'addresslevel8b', 'AddressLevel8', 1, 2, '', 100, 10, 50, 1, 'V~O', 3, 17, 'BAS', 1, 0, 0),
(21, 1184, 'addresslevel1a', 'vtiger_purchaseorderaddress', 1, '1', 'addresslevel1a', 'AddressLevel1', 1, 2, '', 100, 10, 57, 1, 'V~O', 3, 3, 'BAS', 1, 0, 0),
(21, 1185, 'addresslevel1b', 'vtiger_purchaseorderaddress', 1, '1', 'addresslevel1b', 'AddressLevel1', 1, 2, '', 100, 10, 56, 1, 'V~O', 3, 4, 'BAS', 1, 0, 0),
(21, 1186, 'addresslevel2a', 'vtiger_purchaseorderaddress', 1, '1', 'addresslevel2a', 'AddressLevel2', 1, 2, '', 100, 9, 57, 1, 'V~O', 3, 5, 'BAS', 1, 0, 0),
(21, 1187, 'addresslevel2b', 'vtiger_purchaseorderaddress', 1, '1', 'addresslevel2b', 'AddressLevel2', 1, 2, '', 100, 9, 56, 1, 'V~O', 3, 6, 'BAS', 1, 0, 0),
(21, 1188, 'addresslevel3a', 'vtiger_purchaseorderaddress', 1, '1', 'addresslevel3a', 'AddressLevel3', 1, 2, '', 100, 8, 57, 1, 'V~O', 3, 7, 'BAS', 1, 0, 0),
(21, 1189, 'addresslevel3b', 'vtiger_purchaseorderaddress', 1, '1', 'addresslevel3b', 'AddressLevel3', 1, 2, '', 100, 8, 56, 1, 'V~O', 3, 8, 'BAS', 1, 0, 0),
(21, 1190, 'addresslevel4a', 'vtiger_purchaseorderaddress', 1, '1', 'addresslevel4a', 'AddressLevel4', 1, 2, '', 100, 7, 57, 1, 'V~O', 3, 9, 'BAS', 1, 0, 0),
(21, 1191, 'addresslevel4b', 'vtiger_purchaseorderaddress', 1, '1', 'addresslevel4b', 'AddressLevel4', 1, 2, '', 100, 7, 56, 1, 'V~O', 3, 10, 'BAS', 1, 0, 0),
(21, 1192, 'addresslevel5a', 'vtiger_purchaseorderaddress', 1, '1', 'addresslevel5a', 'AddressLevel5', 1, 2, '', 100, 6, 57, 1, 'V~O', 3, 11, 'BAS', 1, 0, 0),
(21, 1193, 'addresslevel5b', 'vtiger_purchaseorderaddress', 1, '1', 'addresslevel5b', 'AddressLevel5', 1, 2, '', 100, 6, 56, 1, 'V~O', 3, 12, 'BAS', 1, 0, 0),
(21, 1194, 'addresslevel6a', 'vtiger_purchaseorderaddress', 1, '1', 'addresslevel6a', 'AddressLevel6', 1, 2, '', 100, 5, 57, 1, 'V~O', 3, 13, 'BAS', 1, 0, 0),
(21, 1195, 'addresslevel6b', 'vtiger_purchaseorderaddress', 1, '1', 'addresslevel6b', 'AddressLevel6', 1, 2, '', 100, 5, 56, 1, 'V~O', 3, 14, 'BAS', 1, 0, 0),
(21, 1196, 'addresslevel7a', 'vtiger_purchaseorderaddress', 1, '1', 'addresslevel7a', 'AddressLevel7', 1, 2, '', 100, 4, 57, 1, 'V~O', 3, 15, 'BAS', 1, 0, 0),
(21, 1197, 'addresslevel7b', 'vtiger_purchaseorderaddress', 1, '1', 'addresslevel7b', 'AddressLevel7', 1, 2, '', 100, 4, 56, 1, 'V~O', 3, 16, 'BAS', 1, 0, 0),
(21, 1199, 'addresslevel8a', 'vtiger_purchaseorderaddress', 1, '1', 'addresslevel8a', 'AddressLevel8', 1, 2, '', 100, 3, 57, 1, 'V~O', 3, 17, 'BAS', 1, 0, 0),
(21, 1200, 'addresslevel8b', 'vtiger_purchaseorderaddress', 1, '1', 'addresslevel8b', 'AddressLevel8', 1, 2, '', 100, 3, 56, 1, 'V~O', 3, 18, 'BAS', 1, 0, 0),
(22, 1201, 'addresslevel1a', 'vtiger_salesorderaddress', 1, '1', 'addresslevel1a', 'AddressLevel1', 1, 2, '', 100, 10, 63, 1, 'V~O', 3, 2, 'BAS', 1, 0, 0),
(22, 1202, 'addresslevel1b', 'vtiger_salesorderaddress', 1, '1', 'addresslevel1b', 'AddressLevel1', 1, 2, '', 100, 10, 62, 1, 'V~O', 3, 3, 'BAS', 1, 0, 0),
(22, 1203, 'addresslevel2a', 'vtiger_salesorderaddress', 1, '1', 'addresslevel2a', 'AddressLevel2', 1, 2, '', 100, 9, 63, 1, 'V~O', 3, 4, 'BAS', 1, 0, 0),
(22, 1204, 'addresslevel2b', 'vtiger_salesorderaddress', 1, '1', 'addresslevel2b', 'AddressLevel2', 1, 2, '', 100, 9, 62, 1, 'V~O', 3, 5, 'BAS', 1, 0, 0),
(22, 1205, 'addresslevel3a', 'vtiger_salesorderaddress', 1, '1', 'addresslevel3a', 'AddressLevel3', 1, 2, '', 100, 8, 63, 1, 'V~O', 3, 6, 'BAS', 1, 0, 0),
(22, 1206, 'addresslevel3b', 'vtiger_salesorderaddress', 1, '1', 'addresslevel3b', 'AddressLevel3', 1, 2, '', 100, 8, 62, 1, 'V~O', 3, 7, 'BAS', 1, 0, 0),
(22, 1207, 'addresslevel4a', 'vtiger_salesorderaddress', 1, '1', 'addresslevel4a', 'AddressLevel4', 1, 2, '', 100, 7, 63, 1, 'V~O', 3, 8, 'BAS', 1, 0, 0),
(22, 1208, 'addresslevel4b', 'vtiger_salesorderaddress', 1, '1', 'addresslevel4b', 'AddressLevel4', 1, 2, '', 100, 7, 62, 1, 'V~O', 3, 9, 'BAS', 1, 0, 0),
(22, 1209, 'addresslevel5a', 'vtiger_salesorderaddress', 1, '1', 'addresslevel5a', 'AddressLevel5', 1, 2, '', 100, 6, 63, 1, 'V~O', 3, 10, 'BAS', 1, 0, 0),
(22, 1210, 'addresslevel5b', 'vtiger_salesorderaddress', 1, '1', 'addresslevel5b', 'AddressLevel5', 1, 2, '', 100, 6, 62, 1, 'V~O', 3, 11, 'BAS', 1, 0, 0),
(22, 1211, 'addresslevel6a', 'vtiger_salesorderaddress', 1, '1', 'addresslevel6a', 'AddressLevel6', 1, 2, '', 100, 5, 63, 1, 'V~O', 3, 12, 'BAS', 1, 0, 0),
(22, 1212, 'addresslevel6b', 'vtiger_salesorderaddress', 1, '1', 'addresslevel6b', 'AddressLevel6', 1, 2, '', 100, 5, 62, 1, 'V~O', 3, 13, 'BAS', 1, 0, 0),
(22, 1213, 'addresslevel7a', 'vtiger_salesorderaddress', 1, '1', 'addresslevel7a', 'AddressLevel7', 1, 2, '', 100, 4, 63, 1, 'V~O', 3, 14, 'BAS', 1, 0, 0),
(22, 1214, 'addresslevel7b', 'vtiger_salesorderaddress', 1, '1', 'addresslevel7b', 'AddressLevel7', 1, 2, '', 100, 4, 62, 1, 'V~O', 3, 15, 'BAS', 1, 0, 0),
(22, 1215, 'addresslevel8a', 'vtiger_salesorderaddress', 1, '1', 'addresslevel8a', 'AddressLevel8', 1, 2, '', 100, 3, 63, 1, 'V~O', 3, 16, 'BAS', 1, 0, 0),
(22, 1216, 'addresslevel8b', 'vtiger_salesorderaddress', 1, '1', 'addresslevel8b', 'AddressLevel8', 1, 2, '', 100, 3, 62, 1, 'V~O', 3, 17, 'BAS', 1, 0, 0),
(23, 1217, 'addresslevel1a', 'vtiger_invoiceaddress', 1, '1', 'addresslevel1a', 'AddressLevel1', 1, 2, '', 100, 10, 69, 1, 'V~O', 3, 3, 'BAS', 1, 0, 0),
(23, 1218, 'addresslevel1b', 'vtiger_invoiceaddress', 1, '1', 'addresslevel1b', 'AddressLevel1', 1, 2, '', 100, 10, 68, 1, 'V~O', 3, 4, 'BAS', 1, 0, 0),
(23, 1219, 'addresslevel2a', 'vtiger_invoiceaddress', 1, '1', 'addresslevel2a', 'AddressLevel2', 1, 2, '', 100, 9, 69, 1, 'V~O', 3, 5, 'BAS', 1, 0, 0),
(23, 1220, 'addresslevel2b', 'vtiger_invoiceaddress', 1, '1', 'addresslevel2b', 'AddressLevel2', 1, 2, '', 100, 9, 68, 1, 'V~O', 3, 6, 'BAS', 1, 0, 0),
(23, 1221, 'addresslevel3a', 'vtiger_invoiceaddress', 1, '1', 'addresslevel3a', 'AddressLevel3', 1, 2, '', 100, 8, 69, 1, 'V~O', 3, 7, 'BAS', 1, 0, 0),
(23, 1222, 'addresslevel3b', 'vtiger_invoiceaddress', 1, '1', 'addresslevel3b', 'AddressLevel3', 1, 2, '', 100, 8, 68, 1, 'V~O', 3, 8, 'BAS', 1, 0, 0),
(23, 1223, 'addresslevel4a', 'vtiger_invoiceaddress', 1, '1', 'addresslevel4a', 'AddressLevel4', 1, 2, '', 100, 7, 69, 1, 'V~O', 3, 9, 'BAS', 1, 0, 0),
(23, 1224, 'addresslevel4b', 'vtiger_invoiceaddress', 1, '1', 'addresslevel4b', 'AddressLevel4', 1, 2, '', 100, 7, 68, 1, 'V~O', 3, 10, 'BAS', 1, 0, 0),
(23, 1225, 'addresslevel5a', 'vtiger_invoiceaddress', 1, '1', 'addresslevel5a', 'AddressLevel5', 1, 2, '', 100, 6, 69, 1, 'V~O', 3, 11, 'BAS', 1, 0, 0),
(23, 1226, 'addresslevel5b', 'vtiger_invoiceaddress', 1, '1', 'addresslevel5b', 'AddressLevel5', 1, 2, '', 100, 6, 68, 1, 'V~O', 3, 12, 'BAS', 1, 0, 0),
(23, 1227, 'addresslevel6a', 'vtiger_invoiceaddress', 1, '1', 'addresslevel6a', 'AddressLevel6', 1, 2, '', 100, 5, 69, 1, 'V~O', 3, 13, 'BAS', 1, 0, 0),
(23, 1228, 'addresslevel6b', 'vtiger_invoiceaddress', 1, '1', 'addresslevel6b', 'AddressLevel6', 1, 2, '', 100, 5, 68, 1, 'V~O', 3, 14, 'BAS', 1, 0, 0),
(23, 1229, 'addresslevel7a', 'vtiger_invoiceaddress', 1, '1', 'addresslevel7a', 'AddressLevel7', 1, 2, '', 100, 4, 69, 1, 'V~O', 3, 15, 'BAS', 1, 0, 0),
(23, 1230, 'addresslevel7b', 'vtiger_invoiceaddress', 1, '1', 'addresslevel7b', 'AddressLevel7', 1, 2, '', 100, 4, 68, 1, 'V~O', 3, 16, 'BAS', 1, 0, 0),
(23, 1231, 'addresslevel8a', 'vtiger_invoiceaddress', 1, '1', 'addresslevel8a', 'AddressLevel8', 1, 2, '', 100, 3, 69, 1, 'V~O', 3, 17, 'BAS', 1, 0, 0),
(23, 1232, 'addresslevel8b', 'vtiger_invoiceaddress', 1, '1', 'addresslevel8b', 'AddressLevel8', 1, 2, '', 100, 3, 68, 1, 'V~O', 3, 18, 'BAS', 1, 0, 0),
(70, 1233, 'calculations_no', 'vtiger_calculations', 1, '4', 'calculations_no', 'Number', 1, 0, '', 100, 0, 182, 1, 'V~O', 3, 0, 'BAS', 0, 0, 0),
(70, 1234, 'name', 'vtiger_calculations', 2, '2', 'name', 'Title', 1, 2, '', 100, 2, 182, 1, 'V~M', 1, NULL, 'BAS', 1, 0, 0),
(70, 1235, 'parentid', 'vtiger_calculations', 1, '10', 'parentid', 'Parent ID', 1, 2, '', 200, 3, 182, 1, 'V~O', 2, 3, 'BAS', 1, 0, 0),
(70, 1236, 'relatedid', 'vtiger_calculations', 2, '10', 'relatedid', 'Related to', 1, 2, '', 200, 7, 182, 1, 'V~M', 1, 7, 'BAS', 1, 0, 0),
(70, 1237, 'potentialid', 'vtiger_calculations', 2, '10', 'potentialid', 'Potential', 1, 2, '', 200, 4, 182, 1, 'V~M', 1, 4, 'BAS', 1, 0, 0),
(70, 1239, 'createdtime', 'vtiger_crmentity', 1, '70', 'createdtime', 'Created Time', 1, 0, '', 100, 1, 183, 2, 'DT~O', 3, 0, 'BAS', 0, 0, 0),
(70, 1240, 'modifiedtime', 'vtiger_crmentity', 1, '70', 'modifiedtime', 'Modified Time', 1, 0, '', 100, 2, 183, 2, 'DT~O', 3, 0, 'BAS', 0, 0, 0),
(70, 1241, 'modifiedby', 'vtiger_crmentity', 1, '52', 'modifiedby', 'Last Modified By', 1, 0, '', 100, 3, 183, 3, 'V~O', 3, 0, 'BAS', 0, 0, 0),
(70, 1242, 'smownerid', 'vtiger_crmentity', 1, '53', 'assigned_user_id', 'Assigned To', 1, 0, '', 100, 4, 183, 1, 'V~M', 0, 1, 'BAS', 1, 0, 0),
(70, 1243, 'description', 'vtiger_crmentity', 1, '300', 'description', 'Description', 1, 2, '', 100, 1, 184, 1, 'V~O', 1, NULL, 'BAS', 1, 0, 0),
(70, 1244, 'comments', 'vtiger_calculations', 1, '300', 'comments', 'Comments', 1, 2, '', 100, 2, 184, 1, 'V~O', 1, NULL, 'BAS', 1, 0, 0),
(70, 1245, 'total', 'vtiger_calculations', 1, '72', 'hdnGrandTotal', 'Total', 1, 2, '', 100, 13, 185, 3, 'NN~O', 3, 0, 'BAS', 1, 0, 0),
(70, 1246, 'calculationsstatus', 'vtiger_calculations', 2, '15', 'calculationsstatus', 'CalculationStatus', 1, 2, 'LBL_IN_PREPARATION', 100, 8, 182, 1, 'V~M', 1, NULL, 'BAS', 1, 0, 0),
(71, 1247, 'osscosts_no', 'vtiger_osscosts', 1, '4', 'osscosts_no', 'Costs_no', 1, 0, '', 100, 0, 186, 1, 'V~O', 3, 0, 'BAS', 0, 0, 0),
(71, 1248, 'smownerid', 'vtiger_crmentity', 1, '53', 'assigned_user_id', 'Assigned To', 1, 0, '', 100, 1, 186, 1, 'V~M', 0, 1, 'BAS', 1, 0, 0),
(71, 1249, 'name', 'vtiger_osscosts', 2, '2', 'name', 'Title', 1, 2, '', 100, 2, 186, 1, 'V~M', 1, NULL, 'BAS', 1, 0, 0),
(71, 1250, 'parentid', 'vtiger_osscosts', 1, '10', 'parentid', 'Parent ID', 1, 2, '', 200, 3, 186, 1, 'V~O', 2, 3, 'BAS', 1, 0, 0),
(71, 1251, 'potentialid', 'vtiger_osscosts', 1, '10', 'potentialid', 'Potential', 1, 2, '', 200, 4, 186, 1, 'V~O', 2, 4, 'BAS', 1, 0, 0),
(71, 1252, 'projectid', 'vtiger_osscosts', 1, '10', 'projectid', 'Project', 1, 2, '', 200, 5, 186, 1, 'V~O', 2, 5, 'BAS', 1, 0, 0),
(71, 1253, 'ticketid', 'vtiger_osscosts', 1, '10', 'ticketid', 'HelpDesk', 1, 2, '', 200, 6, 186, 1, 'V~O', 2, 6, 'BAS', 1, 0, 0),
(71, 1254, 'relategid', 'vtiger_osscosts', 1, '10', 'relategid', 'Related to', 1, 2, '', 200, 7, 186, 1, 'V~O', 2, 7, 'BAS', 1, 0, 0),
(71, 1255, 'street', 'vtiger_osscosts', 1, '21', 'street', 'Street', 1, 2, '', 100, 1, 187, 1, 'V~O', 1, NULL, 'BAS', 1, 0, 0),
(71, 1256, 'code', 'vtiger_osscosts', 1, '1', 'code', 'Postal Code', 1, 2, '', 100, 3, 187, 1, 'V~O', 1, NULL, 'BAS', 1, 0, 0),
(71, 1257, 'city', 'vtiger_osscosts', 1, '1', 'city', 'City', 1, 2, '', 100, 4, 187, 1, 'V~O', 1, NULL, 'BAS', 1, 0, 0),
(71, 1258, 'country', 'vtiger_osscosts', 1, '1', 'country', 'Country', 1, 2, '', 100, 5, 187, 1, 'V~O', 1, NULL, 'BAS', 1, 0, 0),
(71, 1259, 'state', 'vtiger_osscosts', 1, '1', 'state', 'State', 1, 2, '', 100, 6, 187, 1, 'V~O', 1, NULL, 'BAS', 1, 0, 0),
(71, 1260, 'createdtime', 'vtiger_crmentity', 1, '70', 'createdtime', 'Created Time', 1, 0, '', 100, 1, 188, 2, 'DT~O', 3, 0, 'BAS', 0, 0, 0),
(71, 1261, 'modifiedtime', 'vtiger_crmentity', 1, '70', 'modifiedtime', 'Modified Time', 1, 0, '', 100, 2, 188, 2, 'DT~O', 3, 0, 'BAS', 0, 0, 0),
(71, 1262, 'modifiedby', 'vtiger_crmentity', 1, '52', 'modifiedby', 'Last Modified By', 1, 0, '', 100, 3, 188, 3, 'V~O', 3, 0, 'BAS', 0, 0, 0),
(71, 1263, 'description', 'vtiger_crmentity', 1, '300', 'description', 'Description', 1, 2, '', 100, 1, 189, 1, 'V~O', 1, NULL, 'BAS', 1, 0, 0),
(71, 1265, 'total', 'vtiger_osscosts', 1, '72', 'hdnGrandTotal', 'Total', 1, 2, '', 100, 13, 190, 3, 'N~O', 3, 0, 'BAS', 1, 0, 0),
(71, 1266, 'subtotal', 'vtiger_osscosts', 1, '72', 'hdnSubTotal', 'Sub Total', 1, 2, '', 100, 14, 190, 3, 'N~O', 3, 0, 'BAS', 1, 0, 0),
(71, 1267, 'taxtype', 'vtiger_osscosts', 1, '16', 'hdnTaxType', 'Tax Type', 1, 2, '', 100, 14, 190, 3, 'V~O', 3, 0, 'BAS', 1, 0, 0),
(71, 1268, 'discount_percent', 'vtiger_osscosts', 1, '1', 'hdnDiscountPercent', 'Discount Percent', 1, 2, '', 100, 14, 190, 3, 'N~O', 3, 0, 'BAS', 1, 0, 0),
(71, 1269, 'discount_amount', 'vtiger_osscosts', 1, '72', 'hdnDiscountAmount', 'Discount Amount', 1, 0, '', 100, 14, 190, 3, 'N~O', 3, 0, 'BAS', 1, 0, 0),
(71, 1271, 'currency_id', 'vtiger_osscosts', 1, '117', 'currency_id', 'Currency', 1, 2, '1', 100, 20, 190, 3, 'I~O', 3, 0, 'BAS', 1, 0, 0),
(71, 1272, 'conversion_rate', 'vtiger_osscosts', 1, '1', 'conversion_rate', 'Conversion Rate', 1, 2, '1', 100, 21, 190, 3, 'N~O', 3, 0, 'BAS', 1, 0, 0),
(71, 1273, 'pre_tax_total', 'vtiger_osscosts', 1, '72', 'pre_tax_total', 'Pre Tax Total', 1, 2, '', 100, 23, 190, 3, 'N~O', 1, NULL, 'BAS', 1, 0, 0),
(7, 1276, 'verification', 'vtiger_leaddetails', 2, '33', 'verification', 'Werification data', 1, 2, '', 100, 4, 14, 1, 'V~O', 1, NULL, 'BAS', 1, 0, 0),
(6, 1277, 'verification', 'vtiger_account', 2, '33', 'verification', 'Werification data', 1, 2, '', 100, 2, 196, 1, 'V~O', 1, NULL, 'BAS', 1, 0, 0),
(4, 1278, 'verification', 'vtiger_contactdetails', 2, '33', 'verification', 'Werification data', 1, 2, '', 100, 3, 5, 1, 'V~O', 1, NULL, 'BAS', 1, 0, 0),
(18, 1279, 'verification', 'vtiger_vendor', 2, '33', 'verification', 'Werification data', 1, 2, '', 100, 18, 42, 1, 'V~O', 1, NULL, 'BAS', 1, 0, 0),
(51, 1280, 'calculationsid', 'vtiger_osstimecontrol', 1, '10', 'calculationsid', 'Calculations', 1, 2, '', 100, 12, 129, 1, 'V~O', 1, NULL, 'BAS', 1, 0, 0),
(2, 1281, 'sum_time_k', 'vtiger_potential', 2, '7', 'sum_time_k', 'Total time [Calculation]', 1, 2, '', 100, 8, 133, 10, 'NN~O', 1, NULL, 'BAS', 1, 0, 0),
(70, 1282, 'total_purchase', 'vtiger_calculations', 1, '72', 'total_purchase', 'Total Purchase', 1, 2, '', 100, 14, 185, 3, 'NN~O', 4, 0, 'BAS', 1, 0, 0),
(70, 1283, 'total_margin', 'vtiger_calculations', 1, '72', 'total_margin', 'Total margin', 1, 2, '', 100, 15, 185, 3, 'NN~O', 5, 0, 'BAS', 1, 0, 0),
(70, 1284, 'total_marginp', 'vtiger_calculations', 1, '72', 'total_marginp', 'Total margin Percentage', 1, 2, '', 100, 16, 185, 3, 'NN~O', 6, 0, 'BAS', 1, 0, 0),
(6, 1285, 'buildingnumbera', 'vtiger_accountaddress', 2, '1', 'buildingnumbera', 'Building number', 1, 2, '', 100, 1, 11, 1, 'V~O~LE~100', 1, NULL, 'BAS', 1, 0, 0),
(6, 1286, 'localnumbera', 'vtiger_accountaddress', 2, '1', 'localnumbera', 'Local number', 1, 2, '', 100, 2, 11, 1, 'V~O~LE~100', 1, NULL, 'BAS', 1, 0, 0),
(6, 1287, 'buildingnumberb', 'vtiger_accountaddress', 2, '1', 'buildingnumberb', 'Building number', 1, 2, '', 100, 1, 10, 1, 'V~O~LE~100', 1, NULL, 'BAS', 1, 0, 0),
(6, 1288, 'localnumberb', 'vtiger_accountaddress', 2, '1', 'localnumberb', 'Local number', 1, 2, '', 100, 2, 10, 1, 'V~O~LE~100', 1, NULL, 'BAS', 1, 0, 0),
(6, 1289, 'buildingnumberc', 'vtiger_accountaddress', 2, '1', 'buildingnumberc', 'Building number', 1, 2, '', 100, 1, 181, 1, 'V~O~LE~100', 1, NULL, 'BAS', 1, 0, 0),
(6, 1290, 'localnumberc', 'vtiger_accountaddress', 2, '1', 'localnumberc', 'Local number', 1, 2, '', 100, 2, 181, 1, 'V~O~LE~100', 1, NULL, 'BAS', 1, 0, 0),
(7, 1291, 'buildingnumbera', 'vtiger_leadaddress', 1, '1', 'buildingnumbera', 'Building number', 1, 2, '', 100, 2, 15, 1, 'V~O~LE~100', 1, NULL, 'BAS', 1, 0, 0),
(7, 1292, 'localnumbera', 'vtiger_leadaddress', 1, '1', 'localnumbera', 'Local number', 1, 2, '', 100, 4, 15, 1, 'V~O~LE~100', 1, NULL, 'BAS', 1, 0, 0),
(4, 1293, 'buildingnumbera', 'vtiger_contactaddress', 1, '1', 'buildingnumbera', 'Building number', 1, 2, '', 100, 1, 7, 1, 'V~O~LE~100', 1, NULL, 'BAS', 1, 0, 0),
(4, 1294, 'localnumbera', 'vtiger_contactaddress', 1, '1', 'localnumbera', 'Local number', 1, 2, '', 100, 2, 7, 1, 'V~O~LE~100', 1, NULL, 'BAS', 1, 0, 0),
(4, 1295, 'buildingnumberb', 'vtiger_contactaddress', 1, '1', 'buildingnumberb', 'Building number', 1, 2, '', 100, 1, 178, 1, 'V~O~LE~100', 1, NULL, 'BAS', 1, 0, 0),
(4, 1296, 'localnumberb', 'vtiger_contactaddress', 1, '1', 'localnumberb', 'Local number', 1, 2, '', 100, 2, 178, 1, 'V~O~LE~100', 1, NULL, 'BAS', 1, 0, 0),
(20, 1297, 'buildingnumbera', 'vtiger_quotesaddress', 1, '1', 'buildingnumbera', 'Building number', 1, 2, '', 100, 1, 51, 1, 'V~O~LE~100', 3, 18, 'BAS', 1, 0, 0),
(20, 1298, 'localnumbera', 'vtiger_quotesaddress', 1, '1', 'localnumbera', 'Local number', 1, 2, '', 100, 2, 51, 1, 'V~O~LE~100', 3, 19, 'BAS', 1, 0, 0),
(20, 1299, 'buildingnumberb', 'vtiger_quotesaddress', 1, '1', 'buildingnumberb', 'Building number', 1, 2, '', 100, 1, 50, 1, 'V~O~LE~100', 3, 20, 'BAS', 1, 0, 0),
(20, 1300, 'localnumberb', 'vtiger_quotesaddress', 1, '1', 'localnumberb', 'Local number', 1, 2, '', 100, 2, 50, 1, 'V~O~LE~100', 3, 21, 'BAS', 1, 0, 0),
(21, 1301, 'buildingnumbera', 'vtiger_purchaseorderaddress', 1, '1', 'buildingnumbera', 'Building number', 1, 2, '', 100, 1, 57, 1, 'V~O~LE~100', 3, 19, 'BAS', 1, 0, 0),
(21, 1302, 'localnumbera', 'vtiger_purchaseorderaddress', 1, '1', 'localnumbera', 'Local number', 1, 2, '', 100, 2, 57, 1, 'V~O~LE~100', 3, 20, 'BAS', 1, 0, 0),
(21, 1303, 'buildingnumberb', 'vtiger_purchaseorderaddress', 1, '1', 'buildingnumberb', 'Building number', 1, 2, '', 100, 1, 56, 1, 'V~O~LE~100', 3, 21, 'BAS', 1, 0, 0),
(21, 1304, 'localnumberb', 'vtiger_purchaseorderaddress', 1, '1', 'localnumberb', 'Local number', 1, 2, '', 100, 2, 56, 1, 'V~O~LE~100', 3, 22, 'BAS', 1, 0, 0),
(22, 1305, 'buildingnumbera', 'vtiger_salesorderaddress', 1, '1', 'buildingnumbera', 'Building number', 1, 2, '', 100, 1, 63, 1, 'V~O~LE~100', 3, 18, 'BAS', 1, 0, 0),
(22, 1306, 'localnumbera', 'vtiger_salesorderaddress', 1, '1', 'localnumbera', 'Local number', 1, 2, '', 100, 2, 63, 1, 'V~O~LE~100', 3, 19, 'BAS', 1, 0, 0),
(22, 1307, 'buildingnumberb', 'vtiger_salesorderaddress', 1, '1', 'buildingnumberb', 'Building number', 1, 2, '', 100, 1, 62, 1, 'V~O~LE~100', 3, 20, 'BAS', 1, 0, 0),
(22, 1308, 'localnumberb', 'vtiger_salesorderaddress', 1, '1', 'localnumberb', 'Local number', 1, 2, '', 100, 2, 62, 1, 'V~O~LE~100', 3, 21, 'BAS', 1, 0, 0),
(23, 1309, 'buildingnumbera', 'vtiger_invoiceaddress', 1, '1', 'buildingnumbera', 'Building number', 1, 2, '', 100, 1, 69, 1, 'V~O~LE~100', 3, 19, 'BAS', 1, 0, 0),
(23, 1310, 'localnumbera', 'vtiger_invoiceaddress', 1, '1', 'localnumbera', 'Local number', 1, 2, '', 100, 2, 69, 1, 'V~O~LE~100', 3, 20, 'BAS', 1, 0, 0),
(23, 1311, 'buildingnumberb', 'vtiger_invoiceaddress', 1, '1', 'buildingnumberb', 'Building number', 1, 2, '', 100, 1, 68, 1, 'V~O~LE~100', 3, 21, 'BAS', 1, 0, 0),
(23, 1312, 'localnumberb', 'vtiger_invoiceaddress', 1, '1', 'localnumberb', 'Local number', 1, 2, '', 100, 2, 68, 1, 'V~O~LE~100', 3, 22, 'BAS', 1, 0, 0),
(37, 1314, 'parent_id', 'vtiger_assets', 2, '10', 'parent_id', 'Parent ID', 1, 2, '', 100, 1, 96, 1, 'V~M', 2, 2, 'BAS', 1, 0, 1),
(59, 1315, 'parent_id', 'vtiger_outsourcedproducts', 2, '10', 'parent_id', 'Parent ID', 1, 2, '', 100, 29, 144, 1, 'V~M', 2, 2, 'BAS', 1, 0, 0),
(57, 1316, 'parent_id', 'vtiger_ossoutsourcedservices', 2, '10', 'parent_id', 'Parent ID', 1, 2, '', 100, 14, 138, 1, 'V~M', 2, 2, 'BAS', 1, 0, 1),
(58, 1317, 'parent_id', 'vtiger_osssoldservices', 2, '10', 'parent_id', 'Parent ID', 1, 2, '', 100, 1, 142, 1, 'V~M', 2, 4, 'BAS', 1, 0, 1),
(42, 1318, 'parentid', 'vtiger_projecttask', 2, '10', 'parentid', 'Parent ID', 1, 2, '', 100, 11, 104, 1, 'V~O', 1, NULL, 'BAS', 1, 0, 0),
(42, 1319, 'projectmilestoneid', 'vtiger_projecttask', 2, '10', 'projectmilestoneid', 'ProjectMilestone', 1, 2, '', 100, 12, 104, 1, 'V~M', 2, NULL, 'BAS', 1, 0, 0),
(42, 1320, 'targetenddate', 'vtiger_projecttask', 2, '5', 'targetenddate', 'Target End Date', 1, 2, '', 100, 6, 105, 1, 'D~M', 2, NULL, 'BAS', 1, 0, 0),
(7, 1321, 'subindustry', 'vtiger_leaddetails', 2, '16', 'subindustry', 'Sub industry', 1, 2, '', 100, 5, 13, 1, 'V~O', 1, NULL, 'BAS', 1, 0, 0),
(29, 1322, 'end_hour', 'vtiger_users', 1, '16', 'end_hour', 'Day ends at', 1, 2, '', 100, 4, 118, 1, 'V~O', 1, NULL, 'BAS', 1, 0, 0),
(37, 1323, 'description', 'vtiger_crmentity', 2, '300', 'description', 'description', 1, 2, '', 100, 1, 97, 1, 'V~O', 1, NULL, 'BAS', 1, 0, 0),
(37, 1324, 'attention', 'vtiger_crmentity', 2, '300', 'attention', 'Attention', 1, 2, '', 100, 2, 97, 1, 'V~O', 1, NULL, 'BAS', 1, 0, 0),
(37, 1325, 'pot_renewal', 'vtiger_assets', 2, '10', 'pot_renewal', 'Potential renewal', 1, 2, '', 100, 4, 96, 1, 'V~O', 1, NULL, 'BAS', 1, 0, 0),
(51, 1326, 'description', 'vtiger_crmentity', 2, '300', 'description', 'Description', 1, 2, '', 100, 1, 130, 1, 'V~O', 2, 13, 'BAS', 1, 0, 0),
(51, 1327, 'attention', 'vtiger_crmentity', 2, '300', 'attention', 'Attention', 1, 2, '', 100, 2, 130, 1, 'V~O', 1, NULL, 'BAS', 1, 0, 0),
(51, 1328, 'leadid', 'vtiger_osstimecontrol', 2, '10', 'leadid', 'Leads', 1, 2, '', 100, 5, 129, 1, 'V~O', 1, NULL, 'BAS', 1, 0, 0),
(7, 1329, 'attention', 'vtiger_crmentity', 2, '300', 'attention', 'Attention', 1, 2, '', 100, 2, 16, 1, 'V~O', 1, NULL, 'BAS', 1, 0, 0),
(6, 1330, 'no_approval', 'vtiger_account', 2, '56', 'no_approval', 'Approval for phone calls', 1, 2, '', 100, 8, 195, 1, 'C~O', 1, NULL, 'BAS', 1, 0, 0),
(6, 1331, 'attention', 'vtiger_crmentity', 2, '300', 'attention', 'Attention', 1, 2, '', 100, 2, 12, 1, 'V~O', 1, NULL, 'BAS', 1, 0, 0),
(4, 1332, 'attention', 'vtiger_crmentity', 2, '300', 'attention', 'Attention', 1, 2, '', 100, 2, 8, 1, 'V~O', 1, NULL, 'BAS', 1, 0, 0),
(18, 1333, 'attention', 'vtiger_crmentity', 2, '300', 'attention', 'Attention', 1, 2, '', 100, 2, 45, 1, 'V~O', 1, NULL, 'BAS', 1, 0, 0),
(20, 1334, 'attention', 'vtiger_crmentity', 2, '300', 'attention', 'Attention', 1, 2, '', 100, 2, 54, 1, 'V~O', 3, 22, 'BAS', 1, 0, 0),
(22, 1335, 'attention', 'vtiger_crmentity', 2, '300', 'attention', 'Attention', 1, 2, '', 100, 2, 66, 1, 'V~O', 3, 22, 'BAS', 1, 0, 0),
(21, 1336, 'attention', 'vtiger_crmentity', 1, '300', 'attention', 'Attention', 1, 2, '', 100, 2, 60, 1, 'V~O', 3, 23, 'BAS', 1, 0, 0),
(23, 1337, 'attention', 'vtiger_crmentity', 2, '300', 'attention', 'Attention', 1, 2, '', 100, 2, 72, 1, 'V~O', 3, 23, 'BAS', 1, 0, 0),
(71, 1338, 'attention', 'vtiger_crmentity', 2, '300', 'attention', 'Attention', 1, 2, '', 100, 2, 189, 1, 'V~O', 1, NULL, 'BAS', 1, 0, 0),
(2, 1339, 'attention', 'vtiger_crmentity', 2, '300', 'attention', 'Attention', 1, 2, '', 100, 2, 3, 1, 'V~O', 1, NULL, 'BAS', 1, 0, 0),
(43, 1340, 'attention', 'vtiger_crmentity', 2, '300', 'attention', 'Attention', 1, 2, '', 100, 2, 109, 1, 'V~O', 1, NULL, 'BAS', 1, 0, 0),
(13, 1341, 'attention', 'vtiger_crmentity', 2, '300', 'attention', 'Attention', 1, 2, '', 100, 2, 28, 1, 'V~O', 1, NULL, 'BAS', 1, 0, 0),
(58, 1342, 'pot_renewal', 'vtiger_osssoldservices', 2, '10', 'pot_renewal', 'Potential renewal', 1, 2, '', 100, 4, 142, 1, 'V~O', 1, NULL, 'BAS', 1, 0, 0),
(58, 1344, 'serviceid', 'vtiger_osssoldservices', 2, '10', 'serviceid', 'Services', 1, 2, '', 100, 5, 142, 1, 'V~M', 2, 2, 'BAS', 1, 0, 1),
(20, 1345, 'total_purchase', 'vtiger_quotes', 1, '7', 'total_purchase', 'Total Purchase', 1, 2, '', 100, 1, 49, 3, 'NN~O', 3, 23, 'BAS', 1, 0, 0);
INSERT INTO `vtiger_field` (`tabid`, `fieldid`, `columnname`, `tablename`, `generatedtype`, `uitype`, `fieldname`, `fieldlabel`, `readonly`, `presence`, `defaultvalue`, `maximumlength`, `sequence`, `block`, `displaytype`, `typeofdata`, `quickcreate`, `quickcreatesequence`, `info_type`, `masseditable`, `helpinfo`, `summaryfield`) VALUES
(20, 1346, 'total_margin', 'vtiger_quotes', 1, '7', 'total_margin', 'Total margin', 1, 2, '', 100, 2, 49, 3, 'NN~O', 3, 24, 'BAS', 1, 0, 0),
(20, 1347, 'total_marginp', 'vtiger_quotes', 1, '7', 'total_marginp', 'Total margin Percentage', 1, 2, '', 100, 3, 49, 3, 'NN~O', 3, 25, 'BAS', 1, 0, 0),
(22, 1348, 'total_purchase', 'vtiger_salesorder', 1, '7', 'total_purchase', 'Total Purchase', 1, 2, '', 100, 1, 64, 3, 'NN~O', 3, 23, 'BAS', 1, 0, 0),
(22, 1349, 'total_margin', 'vtiger_salesorder', 1, '7', 'total_margin', 'Total margin', 1, 2, '', 100, 2, 64, 3, 'NN~O', 3, 24, 'BAS', 1, 0, 0),
(22, 1350, 'total_marginp', 'vtiger_salesorder', 1, '7', 'total_marginp', 'Total margin Percentage', 1, 2, '', 100, 3, 64, 3, 'NN~O', 3, 25, 'BAS', 1, 0, 0),
(23, 1351, 'total_purchase', 'vtiger_invoice', 1, '7', 'total_purchase', 'Total Purchase', 1, 2, '', 100, 1, 70, 3, 'NN~O', 3, 24, 'BAS', 1, 0, 0),
(23, 1352, 'total_margin', 'vtiger_invoice', 1, '7', 'total_margin', 'Total margin', 1, 2, '', 100, 2, 70, 3, 'NN~O', 3, 25, 'BAS', 1, 0, 0),
(23, 1353, 'total_marginp', 'vtiger_invoice', 1, '7', 'total_marginp', 'Total margin Percentage', 1, 2, '', 100, 3, 70, 3, 'NN~O', 3, 26, 'BAS', 1, 0, 0),
(21, 1354, 'total_purchase', 'vtiger_purchaseorder', 1, '7', 'total_purchase', 'Total Purchase', 1, 2, '', 100, 1, 58, 3, 'NN~O', 3, 24, 'BAS', 1, 0, 0),
(21, 1355, 'total_margin', 'vtiger_purchaseorder', 1, '7', 'total_margin', 'Total margin', 1, 2, '', 100, 2, 58, 3, 'NN~O', 3, 25, 'BAS', 1, 0, 0),
(21, 1356, 'total_marginp', 'vtiger_purchaseorder', 1, '7', 'total_marginp', 'Total margin Percentage', 1, 2, '', 100, 3, 58, 3, 'NN~O', 3, 26, 'BAS', 1, 0, 0),
(2, 1357, 'sum_quotes', 'vtiger_potential', 2, '71', 'sum_quotes', 'Sum quotes', 1, 2, '', 100, 4, 199, 10, 'N~O', 1, NULL, 'BAS', 1, 0, 1),
(2, 1358, 'sum_salesorders', 'vtiger_potential', 2, '71', 'sum_salesorders', 'Sum sales orders', 1, 2, '', 100, 2, 199, 10, 'N~O', 1, NULL, 'BAS', 1, 0, 1),
(2, 1359, 'sum_invoices', 'vtiger_potential', 2, '71', 'sum_invoices', 'Sum invoices', 1, 2, '', 100, 3, 199, 10, 'N~O', 1, NULL, 'BAS', 1, 0, 1),
(2, 1360, 'sum_calculations', 'vtiger_potential', 2, '71', 'sum_calculations', 'Sum calculations', 1, 2, '', 100, 5, 199, 10, 'N~O', 1, NULL, 'BAS', 1, 0, 0),
(6, 1363, 'sum_salesorders', 'vtiger_account', 2, '71', 'sum_salesorders', 'Sum sales orders', 1, 2, '', 100, 3, 198, 10, 'N~O', 1, NULL, 'BAS', 1, 0, 0),
(6, 1364, 'sum_invoices', 'vtiger_account', 2, '71', 'sum_invoices', 'Sum invoices', 1, 2, '', 100, 1, 198, 10, 'N~O', 1, NULL, 'BAS', 1, 0, 0),
(23, 1367, 'potentialid', 'vtiger_invoice', 2, '10', 'potentialid', 'Potential', 1, 2, '', 100, 27, 67, 1, 'V~M', 1, 27, 'BAS', 1, 0, 0),
(4, 1368, 'secondary_email', 'vtiger_contactdetails', 2, '13', 'secondary_email', 'Secondary Email', 1, 2, '', 100, 4, 197, 1, 'E~O', 1, NULL, 'BAS', 1, 0, 0),
(6, 1369, 'balance', 'vtiger_account', 2, '71', 'balance', 'Balance', 1, 2, '', 100, 2, 198, 1, 'N~O', 1, NULL, 'BAS', 1, 0, 0),
(6, 1370, 'average_profit_so', 'vtiger_account', 2, '9', 'average_profit_so', 'Average profit sales order', 1, 2, '', 100, 4, 198, 10, 'N~O~2~2', 1, NULL, 'BAS', 1, 0, 0),
(71, 1371, 'total_purchase', 'vtiger_osscosts', 1, '7', 'total_purchase', 'Total Purchase', 1, 2, '', 100, 4, 188, 1, 'NN~O', 1, NULL, 'BAS', 1, 0, 0),
(71, 1372, 'total_margin', 'vtiger_osscosts', 1, '7', 'total_margin', 'Total margin', 1, 2, '', 100, 5, 188, 1, 'NN~O', 1, NULL, 'BAS', 1, 0, 0),
(71, 1373, 'total_marginp', 'vtiger_osscosts', 1, '7', 'total_marginp', 'Total margin Percentage', 1, 2, '', 100, 6, 188, 1, 'NN~O', 1, NULL, 'BAS', 1, 0, 0),
(2, 1374, 'average_profit_so', 'vtiger_potential', 2, '9', 'average_profit_so', 'Average profit sales order', 1, 2, '', 100, 6, 199, 10, 'N~O~2~2', 1, NULL, 'BAS', 1, 0, 0),
(6, 1375, 'shownerid', 'vtiger_crmentity', 1, '120', 'shownerid', 'Share with users', 1, 2, '', 100, 1, 200, 1, 'V~O', 1, NULL, 'BAS', 1, 0, 0),
(6, 1376, 'inheritsharing', 'vtiger_crmentity', 1, '56', 'inheritsharing', 'Copy permissions automatically', 1, 2, '', 100, 2, 200, 1, 'C~O', 1, NULL, 'BAS', 1, 0, 0),
(26, 1377, 'inheritsharing', 'vtiger_crmentity', 1, '56', 'inheritsharing', 'Copy permissions automatically', 1, 2, '', 100, 1, 201, 1, 'C~O', 1, NULL, 'BAS', 1, 0, 0),
(26, 1378, 'shownerid', 'vtiger_crmentity', 1, '120', 'shownerid', 'Share with users', 1, 2, '', 100, 2, 201, 1, 'V~O', 1, NULL, 'BAS', 1, 0, 0),
(2, 1379, 'inheritsharing', 'vtiger_crmentity', 1, '56', 'inheritsharing', 'Copy permissions automatically', 1, 2, '', 100, 1, 202, 1, 'C~O', 1, NULL, 'BAS', 1, 0, 0),
(2, 1380, 'shownerid', 'vtiger_crmentity', 1, '120', 'shownerid', 'Share with users', 1, 2, '', 100, 2, 202, 1, 'V~O', 1, NULL, 'BAS', 1, 0, 0),
(43, 1381, 'inheritsharing', 'vtiger_crmentity', 1, '56', 'inheritsharing', 'Copy permissions automatically', 1, 2, '', 100, 1, 203, 1, 'C~O', 1, NULL, 'BAS', 1, 0, 0),
(43, 1382, 'shownerid', 'vtiger_crmentity', 1, '120', 'shownerid', 'Share with users', 1, 2, '', 100, 2, 203, 1, 'V~O', 1, NULL, 'BAS', 1, 0, 0),
(13, 1383, 'inheritsharing', 'vtiger_crmentity', 1, '56', 'inheritsharing', 'Copy permissions automatically', 1, 2, '', 100, 1, 204, 1, 'C~O', 1, NULL, 'BAS', 1, 0, 0),
(13, 1384, 'shownerid', 'vtiger_crmentity', 1, '120', 'shownerid', 'Share with users', 1, 2, '', 100, 1, 204, 1, 'V~O', 1, NULL, 'BAS', 1, 0, 0),
(4, 1385, 'inheritsharing', 'vtiger_crmentity', 1, '56', 'inheritsharing', 'Copy permissions automatically', 1, 2, '', 100, 1, 205, 1, 'C~O', 1, NULL, 'BAS', 1, 0, 0),
(4, 1386, 'shownerid', 'vtiger_crmentity', 1, '120', 'shownerid', 'Share with users', 1, 2, '', 100, 2, 205, 1, 'V~O', 1, NULL, 'BAS', 1, 0, 0),
(70, 1387, 'date', 'vtiger_calculations', 2, '5', 'date', 'LBL_DATE', 1, 2, '', 100, 9, 182, 1, 'D~O', 1, NULL, 'BAS', 1, 0, 0),
(20, 1388, 'form_payment', 'vtiger_quotes', 2, '16', 'form_payment', 'Form of payment', 1, 2, 'Transfer', 100, 25, 49, 1, 'V~O', 1, 26, 'BAS', 1, 0, 0),
(23, 1389, 'form_payment', 'vtiger_invoice', 2, '16', 'form_payment', 'Form of payment', 1, 2, 'Transfer', 100, 28, 67, 1, 'V~O', 1, 28, 'BAS', 1, 0, 0),
(22, 1390, 'form_payment', 'vtiger_salesorder', 2, '16', 'form_payment', 'Form of payment', 1, 2, 'Transfer', 100, 25, 61, 1, 'V~O', 1, 26, 'BAS', 1, 0, 0),
(4, 1391, 'notifilanguage', 'vtiger_contactdetails', 2, '32', 'notifilanguage', 'LBL_LANGUAGE_NOTIFICATIONS', 1, 2, '', 100, 4, 6, 1, 'V~O', 1, NULL, 'BAS', 1, 0, 0),
(14, 1392, 'inheritsharing', 'vtiger_crmentity', 1, '56', 'inheritsharing', 'Copy permissions automatically', 1, 2, '', 100, 24, 31, 1, 'C~O', 1, NULL, 'BAS', 1, 0, 0),
(14, 1393, 'shownerid', 'vtiger_crmentity', 1, '120', 'shownerid', 'Share with users', 1, 2, '', 100, 25, 31, 1, 'V~O', 1, NULL, 'BAS', 1, 0, 0),
(35, 1394, 'inheritsharing', 'vtiger_crmentity', 1, '56', 'inheritsharing', 'Copy permissions automatically', 1, 2, '', 100, 19, 91, 1, 'C~O', 1, NULL, 'BAS', 1, 0, 0),
(35, 1395, 'shownerid', 'vtiger_crmentity', 1, '120', 'shownerid', 'Share with users', 1, 2, '', 100, 20, 91, 1, 'V~O', 1, NULL, 'BAS', 1, 0, 0),
(7, 1396, 'inheritsharing', 'vtiger_crmentity', 1, '56', 'inheritsharing', 'Copy permissions automatically', 1, 2, '', 100, 1, 206, 1, 'C~O', 1, NULL, 'BAS', 1, 0, 0),
(7, 1397, 'shownerid', 'vtiger_crmentity', 1, '120', 'shownerid', 'Share with users', 1, 2, '', 100, 2, 206, 1, 'V~O', 1, NULL, 'BAS', 1, 0, 0),
(8, 1398, 'inheritsharing', 'vtiger_crmentity', 1, '56', 'inheritsharing', 'Copy permissions automatically', 1, 2, '', 100, 1, 207, 1, 'C~O', 1, NULL, 'BAS', 1, 0, 0),
(8, 1399, 'shownerid', 'vtiger_crmentity', 1, '120', 'shownerid', 'Share with users', 1, 2, '', 100, 2, 207, 1, 'V~O', 1, NULL, 'BAS', 1, 0, 0),
(9, 1400, 'inheritsharing', 'vtiger_crmentity', 1, '56', 'inheritsharing', 'Copy permissions automatically', 1, 2, '', 100, 1, 208, 1, 'C~O', 1, NULL, 'BAS', 1, 0, 0),
(9, 1401, 'shownerid', 'vtiger_crmentity', 1, '120', 'shownerid', 'Share with users', 1, 2, '', 100, 2, 208, 1, 'V~O', 1, NULL, 'BAS', 1, 0, 0),
(15, 1402, 'inheritsharing', 'vtiger_crmentity', 1, '56', 'inheritsharing', 'Copy permissions automatically', 1, 2, '', 100, 1, 209, 1, 'C~O', 1, NULL, 'BAS', 1, 0, 0),
(15, 1403, 'shownerid', 'vtiger_crmentity', 1, '120', 'shownerid', 'Share with users', 1, 2, '', 100, 2, 209, 1, 'V~O', 1, NULL, 'BAS', 1, 0, 0),
(16, 1404, 'inheritsharing', 'vtiger_crmentity', 1, '56', 'inheritsharing', 'Copy permissions automatically', 1, 2, '', 100, 1, 210, 1, 'C~O', 1, NULL, 'BAS', 1, 0, 0),
(16, 1405, 'shownerid', 'vtiger_crmentity', 1, '120', 'shownerid', 'Share with users', 1, 2, '', 100, 2, 210, 1, 'V~O', 1, NULL, 'BAS', 1, 0, 0),
(18, 1406, 'inheritsharing', 'vtiger_crmentity', 1, '56', 'inheritsharing', 'Copy permissions automatically', 1, 2, '', 100, 1, 211, 1, 'C~O', 1, NULL, 'BAS', 1, 0, 0),
(18, 1407, 'shownerid', 'vtiger_crmentity', 1, '120', 'shownerid', 'Share with users', 1, 2, '', 100, 2, 211, 1, 'V~O', 1, NULL, 'BAS', 1, 0, 0),
(19, 1408, 'inheritsharing', 'vtiger_crmentity', 1, '56', 'inheritsharing', 'Copy permissions automatically', 1, 2, '', 100, 1, 212, 1, 'C~O', 1, NULL, 'BAS', 1, 0, 0),
(19, 1409, 'shownerid', 'vtiger_crmentity', 1, '120', 'shownerid', 'Share with users', 1, 2, '', 100, 2, 212, 1, 'V~O', 1, NULL, 'BAS', 1, 0, 0),
(20, 1410, 'inheritsharing', 'vtiger_crmentity', 1, '56', 'inheritsharing', 'Copy permissions automatically', 1, 2, '', 100, 1, 213, 1, 'C~O', 1, NULL, 'BAS', 1, 0, 0),
(20, 1411, 'shownerid', 'vtiger_crmentity', 1, '120', 'shownerid', 'Share with users', 1, 2, '', 100, 2, 213, 1, 'V~O', 1, NULL, 'BAS', 1, 0, 0),
(21, 1412, 'inheritsharing', 'vtiger_crmentity', 1, '56', 'inheritsharing', 'Copy permissions automatically', 1, 2, '', 100, 1, 214, 1, 'C~O', 1, NULL, 'BAS', 1, 0, 0),
(21, 1413, 'shownerid', 'vtiger_crmentity', 1, '120', 'shownerid', 'Share with users', 1, 2, '', 100, 2, 214, 1, 'V~O', 1, NULL, 'BAS', 1, 0, 0),
(22, 1414, 'inheritsharing', 'vtiger_crmentity', 1, '56', 'inheritsharing', 'Copy permissions automatically', 1, 2, '', 100, 1, 215, 1, 'C~O', 1, NULL, 'BAS', 1, 0, 0),
(22, 1415, 'shownerid', 'vtiger_crmentity', 1, '120', 'shownerid', 'Share with users', 1, 2, '', 100, 2, 215, 1, 'V~O', 1, NULL, 'BAS', 1, 0, 0),
(23, 1416, 'inheritsharing', 'vtiger_crmentity', 1, '56', 'inheritsharing', 'Copy permissions automatically', 1, 2, '', 100, 1, 216, 1, 'C~O', 1, NULL, 'BAS', 1, 0, 0),
(23, 1417, 'shownerid', 'vtiger_crmentity', 1, '120', 'shownerid', 'Share with users', 1, 2, '', 100, 2, 216, 1, 'V~O', 1, NULL, 'BAS', 1, 0, 0),
(34, 1418, 'inheritsharing', 'vtiger_crmentity', 1, '56', 'inheritsharing', 'Copy permissions automatically', 1, 2, '', 100, 1, 217, 1, 'C~O', 1, NULL, 'BAS', 1, 0, 0),
(34, 1419, 'shownerid', 'vtiger_crmentity', 1, '120', 'shownerid', 'Share with users', 1, 2, '', 100, 2, 217, 1, 'V~O', 1, NULL, 'BAS', 1, 0, 0),
(37, 1420, 'inheritsharing', 'vtiger_crmentity', 1, '56', 'inheritsharing', 'Copy permissions automatically', 1, 2, '', 100, 1, 218, 1, 'C~O', 1, NULL, 'BAS', 1, 0, 0),
(37, 1421, 'shownerid', 'vtiger_crmentity', 1, '120', 'shownerid', 'Share with users', 1, 2, '', 100, 2, 218, 1, 'V~O', 1, NULL, 'BAS', 1, 0, 0),
(41, 1422, 'inheritsharing', 'vtiger_crmentity', 1, '56', 'inheritsharing', 'Copy permissions automatically', 1, 2, '', 100, 1, 219, 1, 'C~O', 1, NULL, 'BAS', 1, 0, 0),
(41, 1423, 'shownerid', 'vtiger_crmentity', 1, '120', 'shownerid', 'Share with users', 1, 2, '', 100, 2, 219, 1, 'V~O', 1, NULL, 'BAS', 1, 0, 0),
(42, 1424, 'inheritsharing', 'vtiger_crmentity', 1, '56', 'inheritsharing', 'Copy permissions automatically', 1, 2, '', 100, 1, 220, 1, 'C~O', 1, NULL, 'BAS', 1, 0, 0),
(42, 1425, 'shownerid', 'vtiger_crmentity', 1, '120', 'shownerid', 'Share with users', 1, 2, '', 100, 2, 220, 1, 'V~O', 1, NULL, 'BAS', 1, 0, 0),
(47, 1426, 'inheritsharing', 'vtiger_crmentity', 1, '56', 'inheritsharing', 'Copy permissions automatically', 1, 2, '', 100, 1, 221, 1, 'C~O', 1, NULL, 'BAS', 1, 0, 0),
(47, 1427, 'shownerid', 'vtiger_crmentity', 1, '120', 'shownerid', 'Share with users', 1, 2, '', 100, 2, 221, 1, 'V~O', 1, NULL, 'BAS', 1, 0, 0),
(49, 1428, 'inheritsharing', 'vtiger_crmentity', 1, '56', 'inheritsharing', 'Copy permissions automatically', 1, 2, '', 100, 1, 222, 1, 'C~O', 1, NULL, 'BAS', 1, 0, 0),
(49, 1429, 'shownerid', 'vtiger_crmentity', 1, '120', 'shownerid', 'Share with users', 1, 2, '', 100, 2, 222, 1, 'V~O', 1, NULL, 'BAS', 1, 0, 0),
(51, 1430, 'inheritsharing', 'vtiger_crmentity', 1, '56', 'inheritsharing', 'Copy permissions automatically', 1, 2, '', 100, 1, 223, 1, 'C~O', 1, NULL, 'BAS', 1, 0, 0),
(51, 1431, 'shownerid', 'vtiger_crmentity', 1, '120', 'shownerid', 'Share with users', 1, 2, '', 100, 2, 223, 1, 'V~O', 1, NULL, 'BAS', 1, 0, 0),
(54, 1432, 'inheritsharing', 'vtiger_crmentity', 1, '56', 'inheritsharing', 'Copy permissions automatically', 1, 2, '', 100, 1, 224, 1, 'C~O', 1, NULL, 'BAS', 1, 0, 0),
(54, 1433, 'shownerid', 'vtiger_crmentity', 1, '120', 'shownerid', 'Share with users', 1, 2, '', 100, 2, 224, 1, 'V~O', 1, NULL, 'BAS', 1, 0, 0),
(57, 1434, 'inheritsharing', 'vtiger_crmentity', 1, '56', 'inheritsharing', 'Copy permissions automatically', 1, 2, '', 100, 1, 225, 1, 'C~O', 1, NULL, 'BAS', 1, 0, 0),
(57, 1435, 'shownerid', 'vtiger_crmentity', 1, '120', 'shownerid', 'Share with users', 1, 2, '', 100, 2, 225, 1, 'V~O', 1, NULL, 'BAS', 1, 0, 0),
(58, 1436, 'inheritsharing', 'vtiger_crmentity', 1, '56', 'inheritsharing', 'Copy permissions automatically', 1, 2, '', 100, 1, 226, 1, 'C~O', 1, NULL, 'BAS', 1, 0, 0),
(58, 1437, 'shownerid', 'vtiger_crmentity', 1, '120', 'shownerid', 'Share with users', 1, 2, '', 100, 2, 226, 1, 'V~O', 1, NULL, 'BAS', 1, 0, 0),
(59, 1438, 'inheritsharing', 'vtiger_crmentity', 1, '56', 'inheritsharing', 'Copy permissions automatically', 1, 2, '', 100, 1, 227, 1, 'C~O', 1, NULL, 'BAS', 1, 0, 0),
(59, 1439, 'shownerid', 'vtiger_crmentity', 1, '120', 'shownerid', 'Share with users', 1, 2, '', 100, 2, 227, 1, 'V~O', 1, NULL, 'BAS', 1, 0, 0),
(60, 1440, 'inheritsharing', 'vtiger_crmentity', 1, '56', 'inheritsharing', 'Copy permissions automatically', 1, 2, '', 100, 1, 228, 1, 'C~O', 1, NULL, 'BAS', 1, 0, 0),
(60, 1441, 'shownerid', 'vtiger_crmentity', 1, '120', 'shownerid', 'Share with users', 1, 2, '', 100, 2, 228, 1, 'V~O', 1, NULL, 'BAS', 1, 0, 0),
(61, 1442, 'inheritsharing', 'vtiger_crmentity', 1, '56', 'inheritsharing', 'Copy permissions automatically', 1, 2, '', 100, 1, 229, 1, 'C~O', 1, NULL, 'BAS', 1, 0, 0),
(61, 1443, 'shownerid', 'vtiger_crmentity', 1, '120', 'shownerid', 'Share with users', 1, 2, '', 100, 2, 229, 1, 'V~O', 1, NULL, 'BAS', 1, 0, 0),
(70, 1444, 'inheritsharing', 'vtiger_crmentity', 1, '56', 'inheritsharing', 'Copy permissions automatically', 1, 2, '', 100, 1, 230, 1, 'C~O', 1, NULL, 'BAS', 1, 0, 0),
(70, 1445, 'shownerid', 'vtiger_crmentity', 1, '120', 'shownerid', 'Share with users', 1, 2, '', 100, 2, 230, 1, 'V~O', 1, NULL, 'BAS', 1, 0, 0),
(71, 1446, 'inheritsharing', 'vtiger_crmentity', 1, '56', 'inheritsharing', 'Copy permissions automatically', 1, 2, '', 100, 1, 231, 1, 'C~O', 1, NULL, 'BAS', 1, 0, 0),
(71, 1447, 'shownerid', 'vtiger_crmentity', 1, '120', 'shownerid', 'Share with users', 1, 2, '', 100, 2, 231, 1, 'V~O', 1, NULL, 'BAS', 1, 0, 0),
(2, 1448, 'closedtime', 'vtiger_crmentity', 1, '70', 'closedtime', 'Closed Time', 1, 2, '', 100, 7, 2, 2, 'DT~O', 1, NULL, 'BAS', 1, 0, 0),
(4, 1449, 'closedtime', 'vtiger_crmentity', 1, '70', 'closedtime', 'Closed Time', 1, 2, '', 100, 8, 5, 2, 'DT~O', 1, NULL, 'BAS', 1, 0, 0),
(6, 1450, 'closedtime', 'vtiger_crmentity', 1, '70', 'closedtime', 'Closed Time', 1, 2, '', 100, 9, 196, 2, 'DT~O', 1, NULL, 'BAS', 1, 0, 0),
(7, 1451, 'closedtime', 'vtiger_crmentity', 1, '70', 'closedtime', 'Closed Time', 1, 2, '', 100, 9, 14, 2, 'DT~O', 1, NULL, 'BAS', 1, 0, 0),
(8, 1452, 'closedtime', 'vtiger_crmentity', 1, '70', 'closedtime', 'Closed Time', 1, 2, '', 100, 14, 17, 2, 'DT~O', 1, NULL, 'BAS', 1, 0, 0),
(9, 1453, 'closedtime', 'vtiger_crmentity', 1, '70', 'closedtime', 'Closed Time', 1, 2, '', 100, 24, 19, 2, 'DT~O', 1, NULL, 'BAS', 1, 0, 0),
(13, 1454, 'closedtime', 'vtiger_crmentity', 1, '70', 'closedtime', 'Closed Time', 1, 2, '', 100, 24, 25, 2, 'DT~O', 1, NULL, 'BAS', 1, 0, 0),
(14, 1455, 'closedtime', 'vtiger_crmentity', 1, '70', 'closedtime', 'Closed Time', 1, 2, '', 100, 26, 31, 2, 'DT~O', 1, NULL, 'BAS', 1, 0, 0),
(15, 1456, 'closedtime', 'vtiger_crmentity', 1, '70', 'closedtime', 'Closed Time', 1, 2, '', 100, 9, 37, 2, 'DT~O', 1, NULL, 'BAS', 1, 0, 0),
(16, 1457, 'closedtime', 'vtiger_crmentity', 1, '70', 'closedtime', 'Closed Time', 1, 2, '', 100, 23, 39, 2, 'DT~O', 1, NULL, 'BAS', 1, 0, 0),
(18, 1458, 'closedtime', 'vtiger_crmentity', 1, '70', 'closedtime', 'Closed Time', 1, 2, '', 100, 19, 42, 2, 'DT~O', 1, NULL, 'BAS', 1, 0, 0),
(19, 1459, 'closedtime', 'vtiger_crmentity', 1, '70', 'closedtime', 'Closed Time', 1, 2, '', 100, 8, 46, 2, 'DT~O', 1, NULL, 'BAS', 1, 0, 0),
(20, 1460, 'closedtime', 'vtiger_crmentity', 1, '70', 'closedtime', 'Closed Time', 1, 2, '', 100, 26, 49, 2, 'DT~O', 1, NULL, 'BAS', 1, 0, 0),
(21, 1461, 'closedtime', 'vtiger_crmentity', 1, '70', 'closedtime', 'Closed Time', 1, 2, '', 100, 27, 55, 2, 'DT~O', 1, NULL, 'BAS', 1, 0, 0),
(22, 1462, 'closedtime', 'vtiger_crmentity', 1, '70', 'closedtime', 'Closed Time', 1, 2, '', 100, 26, 61, 2, 'DT~O', 1, NULL, 'BAS', 1, 0, 0),
(23, 1463, 'closedtime', 'vtiger_crmentity', 1, '70', 'closedtime', 'Closed Time', 1, 2, '', 100, 29, 67, 2, 'DT~O', 1, NULL, 'BAS', 1, 0, 0),
(26, 1464, 'closedtime', 'vtiger_crmentity', 1, '70', 'closedtime', 'Closed Time', 1, 2, '', 100, 17, 74, 2, 'DT~O', 1, NULL, 'BAS', 1, 0, 0),
(34, 1465, 'closedtime', 'vtiger_crmentity', 1, '70', 'closedtime', 'Closed Time', 1, 2, '', 100, 20, 89, 2, 'DT~O', 1, NULL, 'BAS', 1, 0, 0),
(35, 1466, 'closedtime', 'vtiger_crmentity', 1, '70', 'closedtime', 'Closed Time', 1, 2, '', 100, 21, 91, 2, 'DT~O', 1, NULL, 'BAS', 1, 0, 0),
(37, 1467, 'closedtime', 'vtiger_crmentity', 1, '70', 'closedtime', 'Closed Time', 1, 2, '', 100, 6, 192, 2, 'DT~O', 1, NULL, 'BAS', 1, 0, 0),
(41, 1468, 'closedtime', 'vtiger_crmentity', 1, '70', 'closedtime', 'Closed Time', 1, 2, '', 100, 4, 102, 2, 'DT~O', 1, NULL, 'BAS', 1, 0, 0),
(42, 1469, 'closedtime', 'vtiger_crmentity', 1, '70', 'closedtime', 'Closed Time', 1, 2, '', 100, 8, 105, 2, 'DT~O', 1, NULL, 'BAS', 1, 0, 0),
(43, 1470, 'closedtime', 'vtiger_crmentity', 1, '70', 'closedtime', 'Closed Time', 1, 2, '', 100, 8, 108, 2, 'DT~O', 1, NULL, 'BAS', 1, 0, 0),
(47, 1471, 'closedtime', 'vtiger_crmentity', 1, '70', 'closedtime', 'Closed Time', 1, 2, '', 100, 20, 120, 2, 'DT~O', 1, NULL, 'BAS', 1, 0, 0),
(49, 1472, 'closedtime', 'vtiger_crmentity', 1, '70', 'closedtime', 'Closed Time', 1, 2, '', 100, 6, 126, 2, 'DT~O', 1, NULL, 'BAS', 1, 0, 0),
(51, 1473, 'closedtime', 'vtiger_crmentity', 1, '70', 'closedtime', 'Closed Time', 1, 2, '', 100, 15, 128, 2, 'DT~O', 1, NULL, 'BAS', 1, 0, 0),
(54, 1474, 'closedtime', 'vtiger_crmentity', 1, '70', 'closedtime', 'Closed Time', 1, 2, '', 100, 4, 135, 2, 'DT~O', 1, NULL, 'BAS', 1, 0, 0),
(57, 1475, 'closedtime', 'vtiger_crmentity', 1, '70', 'closedtime', 'Closed Time', 1, 2, '', 100, 5, 139, 2, 'DT~O', 1, NULL, 'BAS', 1, 0, 0),
(58, 1476, 'closedtime', 'vtiger_crmentity', 1, '70', 'closedtime', 'Closed Time', 1, 2, '', 100, 10, 142, 2, 'DT~O', 1, NULL, 'BAS', 1, 0, 0),
(59, 1477, 'closedtime', 'vtiger_crmentity', 1, '70', 'closedtime', 'Closed Time', 1, 2, '', 100, 5, 145, 2, 'DT~O', 1, NULL, 'BAS', 1, 0, 0),
(60, 1478, 'closedtime', 'vtiger_crmentity', 1, '70', 'closedtime', 'Closed Time', 1, 2, '', 100, 10, 147, 2, 'DT~O', 1, NULL, 'BAS', 1, 0, 0),
(61, 1479, 'closedtime', 'vtiger_crmentity', 1, '70', 'closedtime', 'Closed Time', 1, 2, '', 100, 13, 151, 2, 'DT~O', 1, NULL, 'BAS', 1, 0, 0),
(70, 1480, 'closedtime', 'vtiger_crmentity', 1, '70', 'closedtime', 'Closed Time', 1, 2, '', 100, 5, 183, 2, 'DT~O', 1, NULL, 'BAS', 1, 0, 0),
(71, 1481, 'closedtime', 'vtiger_crmentity', 1, '70', 'closedtime', 'Closed Time', 1, 2, '', 100, 7, 188, 2, 'DT~O', 1, NULL, 'BAS', 1, 0, 0),
(13, 1482, 'pssold_id', 'vtiger_troubletickets', 2, '10', 'pssold_id', 'P&S Sold', 1, 2, '', 100, 25, 25, 1, 'V~O', 1, NULL, 'BAS', 1, 0, 0),
(13, 1483, 'ordertime', 'vtiger_troubletickets', 2, '7', 'ordertime', 'Czas realizacji', 1, 2, '', 100, 26, 25, 1, 'NN~O', 1, NULL, 'BAS', 1, 0, 0),
(37, 1484, 'ordertime', 'vtiger_assets', 2, '7', 'ordertime', 'Czas realizacji', 1, 2, '', 100, 7, 192, 1, 'NN~O', 1, NULL, 'BAS', 1, 0, 0),
(58, 1485, 'ordertime', 'vtiger_osssoldservices', 2, '7', 'ordertime', 'Czas realizacji', 1, 2, '', 100, 11, 142, 1, 'NN~O', 1, NULL, 'BAS', 1, 0, 0),
(7, 1486, 'poboxa', 'vtiger_leadaddress', 1, '1', 'poboxa', 'Po Box', 1, 2, '', 100, 11, 15, 1, 'V~O', 1, NULL, 'BAS', 1, 0, 0),
(4, 1487, 'poboxa', 'vtiger_contactaddress', 1, '1', 'poboxa', 'Po Box', 1, 2, '', 100, 11, 7, 1, 'V~O', 1, NULL, 'BAS', 1, 0, 0),
(6, 1488, 'poboxa', 'vtiger_accountaddress', 1, '1', 'poboxa', 'Po Box', 1, 2, '', 100, 11, 11, 1, 'V~O', 1, NULL, 'BAS', 1, 0, 0),
(18, 1489, 'poboxa', 'vtiger_vendoraddress', 1, '1', 'poboxa', 'Po Box', 1, 2, '', 100, 9, 44, 1, 'V~O', 1, NULL, 'BAS', 1, 0, 0),
(20, 1490, 'poboxa', 'vtiger_quotesaddress', 1, '1', 'poboxa', 'Po Box', 1, 2, '', 100, 11, 51, 1, 'V~O', 1, NULL, 'BAS', 1, 0, 0),
(21, 1491, 'poboxa', 'vtiger_purchaseorderaddress', 1, '1', 'poboxa', 'Po Box', 1, 2, '', 100, 11, 57, 1, 'V~O', 1, NULL, 'BAS', 1, 0, 0),
(22, 1492, 'poboxa', 'vtiger_salesorderaddress', 1, '1', 'poboxa', 'Po Box', 1, 2, '', 100, 11, 63, 1, 'V~O', 1, NULL, 'BAS', 1, 0, 0),
(23, 1493, 'poboxa', 'vtiger_invoiceaddress', 1, '1', 'poboxa', 'Po Box', 1, 2, '', 100, 11, 69, 1, 'V~O', 1, NULL, 'BAS', 1, 0, 0),
(4, 1494, 'poboxb', 'vtiger_contactaddress', 1, '1', 'poboxb', 'Po Box', 1, 2, '', 100, 11, 178, 1, 'V~O', 1, NULL, 'BAS', 1, 0, 0),
(6, 1495, 'poboxb', 'vtiger_accountaddress', 1, '1', 'poboxb', 'Po Box', 1, 2, '', 100, 11, 10, 1, 'V~O', 1, NULL, 'BAS', 1, 0, 0),
(18, 1496, 'poboxb', 'vtiger_vendoraddress', 1, '1', 'poboxb', 'Po Box', 1, 2, '', 100, 9, 43, 1, 'V~O', 1, NULL, 'BAS', 1, 0, 0),
(20, 1497, 'poboxb', 'vtiger_quotesaddress', 1, '1', 'poboxb', 'Po Box', 1, 2, '', 100, 11, 50, 1, 'V~O', 1, NULL, 'BAS', 1, 0, 0),
(21, 1498, 'poboxb', 'vtiger_purchaseorderaddress', 1, '1', 'poboxb', 'Po Box', 1, 2, '', 100, 11, 56, 1, 'V~O', 1, NULL, 'BAS', 1, 0, 0),
(22, 1499, 'poboxb', 'vtiger_salesorderaddress', 1, '1', 'poboxb', 'Po Box', 1, 2, '', 100, 11, 62, 1, 'V~O', 1, NULL, 'BAS', 1, 0, 0),
(23, 1500, 'poboxb', 'vtiger_invoiceaddress', 1, '1', 'poboxb', 'Po Box', 1, 2, '', 100, 11, 68, 1, 'V~O', 1, NULL, 'BAS', 1, 0, 0),
(18, 1501, 'poboxc', 'vtiger_vendoraddress', 1, '1', 'poboxc', 'Po Box', 1, 2, '', 100, 9, 179, 1, 'V~O', 1, NULL, 'BAS', 1, 0, 0),
(6, 1502, 'poboxc', 'vtiger_accountaddress', 1, '1', 'poboxc', 'Po Box', 1, 2, '', 100, 11, 181, 1, 'V~O', 1, NULL, 'BAS', 1, 0, 0),
(4, 1503, 'contactstatus', 'vtiger_contactdetails', 2, '15', 'contactstatus', 'Status', 1, 2, '', 100, 29, 4, 1, 'V~O', 1, NULL, 'BAS', 1, 0, 0);

-- --------------------------------------------------------

--
-- Table structure for table `vtiger_fieldmodulerel`
--

CREATE TABLE IF NOT EXISTS `vtiger_fieldmodulerel` (
  `fieldid` int(11) NOT NULL,
  `module` varchar(100) NOT NULL,
  `relmodule` varchar(100) NOT NULL,
  `status` varchar(10) DEFAULT NULL,
  `sequence` int(11) DEFAULT NULL
) ENGINE=InnoDB DEFAULT CHARSET=utf8;

--
-- Dumping data for table `vtiger_fieldmodulerel`
--

INSERT INTO `vtiger_fieldmodulerel` (`fieldid`, `module`, `relmodule`, `status`, `sequence`) VALUES
(113, 'Potentials', 'Accounts', NULL, 0),
(533, 'PBXManager', 'Leads', NULL, NULL),
(533, 'PBXManager', 'Contacts', NULL, NULL),
(533, 'PBXManager', 'Accounts', NULL, NULL),
(546, 'ServiceContracts', 'Contacts', NULL, NULL),
(546, 'ServiceContracts', 'Accounts', NULL, NULL),
(580, 'Assets', 'Products', NULL, NULL),
(586, 'Assets', 'Invoice', NULL, NULL),
(591, 'Assets', 'Accounts', NULL, NULL),
(592, 'Assets', 'Contacts', NULL, NULL),
(601, 'ModComments', 'Leads', NULL, NULL),
(601, 'ModComments', 'Contacts', NULL, NULL),
(601, 'ModComments', 'Accounts', NULL, NULL),
(603, 'ModComments', 'ModComments', NULL, NULL),
(601, 'ModComments', 'Potentials', NULL, NULL),
(606, 'ProjectMilestone', 'Project', NULL, NULL),
(617, 'ProjectTask', 'Project', NULL, NULL),
(601, 'ModComments', 'ProjectTask', NULL, NULL),
(635, 'Project', 'Accounts', NULL, NULL),
(635, 'Project', 'Contacts', NULL, NULL),
(601, 'ModComments', 'Project', NULL, NULL),
(653, 'Invoice', 'Products', NULL, NULL),
(653, 'Invoice', 'Services', NULL, NULL),
(662, 'SalesOrder', 'Products', NULL, NULL),
(662, 'SalesOrder', 'Services', NULL, NULL),
(671, 'PurchaseOrder', 'Products', NULL, NULL),
(671, 'PurchaseOrder', 'Services', NULL, NULL),
(680, 'Quotes', 'Products', NULL, NULL),
(680, 'Quotes', 'Services', NULL, NULL),
(601, 'ModComments', 'HelpDesk', NULL, NULL),
(601, 'ModComments', 'Faq', NULL, NULL),
(691, 'ModComments', 'Contacts', NULL, NULL),
(717, 'Potentials', 'Contacts', NULL, NULL),
(157, 'HelpDesk', 'Accounts', NULL, 1),
(718, 'HelpDesk', 'Contacts', NULL, NULL),
(793, 'OSSTimeControl', 'Accounts', NULL, NULL),
(794, 'OSSTimeControl', 'Contacts', NULL, NULL),
(795, 'OSSTimeControl', 'HelpDesk', NULL, NULL),
(796, 'OSSTimeControl', 'Project', NULL, NULL),
(797, 'OSSTimeControl', 'ProjectTask', NULL, NULL),
(798, 'OSSTimeControl', 'Potentials', NULL, NULL),
(799, 'OSSTimeControl', 'ServiceContracts', NULL, NULL),
(800, 'OSSTimeControl', 'Quotes', NULL, NULL),
(801, 'OSSTimeControl', 'Assets', NULL, NULL),
(802, 'OSSTimeControl', 'SalesOrder', NULL, NULL),
(601, 'ModComments', 'OSSTimeControl', NULL, NULL),
(906, 'OutsourcedProducts', 'Accounts', NULL, NULL),
(907, 'OSSOutsourcedServices', 'Accounts', NULL, NULL),
(908, 'OSSSoldServices', 'Accounts', NULL, NULL),
(909, 'OSSSoldServices', 'Accounts', NULL, NULL),
(912, 'OutsourcedProducts', 'Accounts', NULL, NULL),
(913, 'OSSOutsourcedServices', 'Accounts', NULL, NULL),
(914, 'OSSSoldServices', 'Accounts', NULL, NULL),
(915, 'OSSSoldServices', 'Invoice', NULL, NULL),
(916, 'OutsourcedProducts', 'Contacts', NULL, NULL),
(917, 'OSSOutsourcedServices', 'Contacts', NULL, NULL),
(918, 'OSSSoldServices', 'Contacts', NULL, NULL),
(919, 'OutsourcedProducts', 'Leads', NULL, NULL),
(920, 'OSSOutsourcedServices', 'Leads', NULL, NULL),
(923, 'OutsourcedProducts', 'Potentials', NULL, NULL),
(924, 'OSSOutsourcedServices', 'Potentials', NULL, NULL),
(925, 'OSSSoldServices', 'Potentials', NULL, NULL),
(926, 'Assets', 'Potentials', NULL, NULL),
(929, 'OSSPasswords', 'Assets', NULL, 7),
(929, 'OSSPasswords', 'Accounts', NULL, 0),
(929, 'OSSPasswords', 'Contacts', NULL, 1),
(929, 'OSSPasswords', 'Leads', NULL, 2),
(929, 'OSSPasswords', 'Products', NULL, 3),
(929, 'OSSPasswords', 'Services', NULL, 4),
(929, 'OSSPasswords', 'HelpDesk', NULL, 5),
(929, 'OSSPasswords', 'Vendors', NULL, 6),
(943, 'OSSEmployees', 'OSSEmployees', NULL, NULL),
(601, 'ModComments', 'OSSEmployees', NULL, NULL),
(72, 'Contacts', 'Accounts', NULL, NULL),
(72, 'Contacts', 'Leads', NULL, NULL),
(1043, 'HelpDesk', 'Project', NULL, NULL),
(1044, 'Project', 'ServiceContracts', NULL, NULL),
(237, 'Accounts', 'Calendar', NULL, NULL),
(237, 'Leads', 'Calendar', NULL, NULL),
(237, 'HelpDesk', 'Calendar', NULL, NULL),
(237, 'Campaigns', 'Calendar', NULL, NULL),
(237, 'Potentials', 'Calendar', NULL, NULL),
(237, 'PurchaseOrder', 'Calendar', NULL, NULL),
(237, 'SalesOrder', 'Calendar', NULL, NULL),
(237, 'Quotes', 'Calendar', NULL, NULL),
(237, 'Invoice', 'Calendar', NULL, NULL),
(238, 'Contacts', 'Calendar', NULL, NULL),
(1049, 'HelpDesk', 'ServiceContracts', NULL, NULL),
(1235, 'Calculations', 'Calculations', NULL, NULL),
(1236, 'Calculations', 'Accounts', NULL, NULL),
(1237, 'Calculations', 'Potentials', NULL, NULL),
(1238, 'Calculations', 'Quotes', NULL, NULL),
(1250, 'OSSCosts', 'OSSCosts', NULL, NULL),
(1251, 'OSSCosts', 'Potentials', NULL, NULL),
(1252, 'OSSCosts', 'Project', NULL, NULL),
(1253, 'OSSCosts', 'HelpDesk', NULL, NULL),
(1254, 'OSSCosts', 'Accounts', NULL, NULL),
(1254, 'OSSCosts', 'Contacts', NULL, NULL),
(1254, 'OSSCosts', 'Vendors', NULL, NULL),
(1280, 'OSSTimeControl', 'Calculations', NULL, NULL),
(1314, 'Assets', 'Accounts', NULL, NULL),
(1314, 'Assets', 'Contacts', NULL, NULL),
(1314, 'Assets', 'Leads', NULL, NULL),
(1315, 'OutsourcedProducts', 'Accounts', NULL, 1),
(1315, 'OutsourcedProducts', 'Leads', NULL, 2),
(1315, 'OutsourcedProducts', 'Contacts', NULL, 3),
(1316, 'OSSOutsourcedServices', 'Accounts', NULL, NULL),
(1316, 'OSSOutsourcedServices', 'Contacts', NULL, NULL),
(1316, 'OSSOutsourcedServices', 'Leads', NULL, NULL),
(1317, 'OSSSoldServices', 'Accounts', NULL, NULL),
(1317, 'OSSSoldServices', 'Leads', NULL, NULL),
(1317, 'OSSSoldServices', 'Contacts', NULL, NULL),
(1318, 'ProjectTask', 'ProjectTask', NULL, NULL),
(1319, 'ProjectTask', 'ProjectMilestone', NULL, NULL),
(1325, 'Assets', 'Potentials', NULL, NULL),
(1328, 'OSSTimeControl', 'Leads', NULL, NULL),
(1342, 'OSSSoldServices', 'Potentials', NULL, NULL),
(1344, 'OSSSoldServices', 'Services', NULL, NULL),
(1367, 'Invoice', 'Potentials', NULL, NULL),
(157, 'HelpDesk', 'Contacts', NULL, 2),
(159, 'HelpDesk', 'Products', NULL, 1),
(159, 'HelpDesk', 'Services', NULL, 2),
(1482, 'HelpDesk', 'Assets', NULL, NULL),
(1482, 'HelpDesk', 'OSSSoldServices', NULL, NULL);

-- --------------------------------------------------------

--
-- Table structure for table `vtiger_field_seq`
--

CREATE TABLE IF NOT EXISTS `vtiger_field_seq` (
  `id` int(11) NOT NULL
) ENGINE=InnoDB DEFAULT CHARSET=utf8;

--
-- Dumping data for table `vtiger_field_seq`
--

INSERT INTO `vtiger_field_seq` (`id`) VALUES
(1503);

-- --------------------------------------------------------

--
-- Table structure for table `vtiger_form_payment`
--

CREATE TABLE IF NOT EXISTS `vtiger_form_payment` (
  `form_paymentid` int(11) NOT NULL AUTO_INCREMENT,
  `form_payment` varchar(200) NOT NULL,
  `sortorderid` int(11) DEFAULT NULL,
  `presence` int(11) NOT NULL DEFAULT '1',
  PRIMARY KEY (`form_paymentid`)
) ENGINE=InnoDB  DEFAULT CHARSET=utf8 AUTO_INCREMENT=5 ;

--
-- Dumping data for table `vtiger_form_payment`
--

INSERT INTO `vtiger_form_payment` (`form_paymentid`, `form_payment`, `sortorderid`, `presence`) VALUES
(1, 'Transfer', 1, 1),
(4, 'Cash', 2, 1);

-- --------------------------------------------------------

--
-- Table structure for table `vtiger_form_payment_seq`
--

CREATE TABLE IF NOT EXISTS `vtiger_form_payment_seq` (
  `id` int(11) NOT NULL
) ENGINE=InnoDB DEFAULT CHARSET=utf8;

--
-- Dumping data for table `vtiger_form_payment_seq`
--

INSERT INTO `vtiger_form_payment_seq` (`id`) VALUES
(4);

-- --------------------------------------------------------

--
-- Table structure for table `vtiger_freetagged_objects`
--

CREATE TABLE IF NOT EXISTS `vtiger_freetagged_objects` (
  `tag_id` int(20) NOT NULL DEFAULT '0',
  `tagger_id` int(20) NOT NULL DEFAULT '0',
  `object_id` int(20) NOT NULL DEFAULT '0',
  `tagged_on` timestamp NOT NULL DEFAULT CURRENT_TIMESTAMP ON UPDATE CURRENT_TIMESTAMP,
  `module` varchar(50) NOT NULL DEFAULT '',
  PRIMARY KEY (`tag_id`,`tagger_id`,`object_id`),
  KEY `freetagged_objects_tag_id_tagger_id_object_id_idx` (`tag_id`,`tagger_id`,`object_id`),
  KEY `object_id` (`object_id`)
) ENGINE=InnoDB DEFAULT CHARSET=utf8;

-- --------------------------------------------------------

--
-- Table structure for table `vtiger_freetags`
--

CREATE TABLE IF NOT EXISTS `vtiger_freetags` (
  `id` int(19) NOT NULL,
  `tag` varchar(50) NOT NULL DEFAULT '',
  `raw_tag` varchar(50) NOT NULL DEFAULT '',
  PRIMARY KEY (`id`)
) ENGINE=InnoDB DEFAULT CHARSET=utf8;

-- --------------------------------------------------------

--
-- Table structure for table `vtiger_freetags_seq`
--

CREATE TABLE IF NOT EXISTS `vtiger_freetags_seq` (
  `id` int(11) NOT NULL
) ENGINE=InnoDB DEFAULT CHARSET=utf8;

--
-- Dumping data for table `vtiger_freetags_seq`
--

INSERT INTO `vtiger_freetags_seq` (`id`) VALUES
(1);

-- --------------------------------------------------------

--
-- Table structure for table `vtiger_glacct`
--

CREATE TABLE IF NOT EXISTS `vtiger_glacct` (
  `glacctid` int(19) NOT NULL AUTO_INCREMENT,
  `glacct` varchar(200) NOT NULL,
  `presence` int(1) NOT NULL DEFAULT '1',
  `picklist_valueid` int(19) NOT NULL DEFAULT '0',
  `sortorderid` int(11) DEFAULT NULL,
  PRIMARY KEY (`glacctid`),
  UNIQUE KEY `glacct_glacct_idx` (`glacct`)
) ENGINE=InnoDB  DEFAULT CHARSET=utf8 AUTO_INCREMENT=10 ;

--
-- Dumping data for table `vtiger_glacct`
--

INSERT INTO `vtiger_glacct` (`glacctid`, `glacct`, `presence`, `picklist_valueid`, `sortorderid`) VALUES
(1, '300-Sales-Software', 1, 51, 0),
(2, '301-Sales-Hardware', 1, 52, 1),
(3, '302-Rental-Income', 1, 53, 2),
(4, '303-Interest-Income', 1, 54, 3),
(5, '304-Sales-Software-Support', 1, 55, 4),
(6, '305-Sales Other', 1, 56, 5),
(7, '306-Internet Sales', 1, 57, 6),
(8, '307-Service-Hardware Labor', 1, 58, 7),
(9, '308-Sales-Books', 1, 59, 8);

-- --------------------------------------------------------

--
-- Table structure for table `vtiger_glacct_seq`
--

CREATE TABLE IF NOT EXISTS `vtiger_glacct_seq` (
  `id` int(11) NOT NULL
) ENGINE=InnoDB DEFAULT CHARSET=utf8;

--
-- Dumping data for table `vtiger_glacct_seq`
--

INSERT INTO `vtiger_glacct_seq` (`id`) VALUES
(9);

-- --------------------------------------------------------

--
-- Table structure for table `vtiger_group2grouprel`
--

CREATE TABLE IF NOT EXISTS `vtiger_group2grouprel` (
  `groupid` int(19) NOT NULL,
  `containsgroupid` int(19) NOT NULL,
  PRIMARY KEY (`groupid`,`containsgroupid`)
) ENGINE=InnoDB DEFAULT CHARSET=utf8;

-- --------------------------------------------------------

--
-- Table structure for table `vtiger_group2role`
--

CREATE TABLE IF NOT EXISTS `vtiger_group2role` (
  `groupid` int(19) NOT NULL,
  `roleid` varchar(255) NOT NULL,
  PRIMARY KEY (`groupid`,`roleid`),
  KEY `fk_2_vtiger_group2role` (`roleid`)
) ENGINE=InnoDB DEFAULT CHARSET=utf8;

--
-- Dumping data for table `vtiger_group2role`
--

INSERT INTO `vtiger_group2role` (`groupid`, `roleid`) VALUES
(3, 'H2'),
(4, 'H3');

-- --------------------------------------------------------

--
-- Table structure for table `vtiger_group2rs`
--

CREATE TABLE IF NOT EXISTS `vtiger_group2rs` (
  `groupid` int(19) NOT NULL,
  `roleandsubid` varchar(255) NOT NULL,
  PRIMARY KEY (`groupid`,`roleandsubid`),
  KEY `fk_2_vtiger_group2rs` (`roleandsubid`)
) ENGINE=InnoDB DEFAULT CHARSET=utf8;

--
-- Dumping data for table `vtiger_group2rs`
--

INSERT INTO `vtiger_group2rs` (`groupid`, `roleandsubid`) VALUES
(3, 'H3'),
(4, 'H3');

-- --------------------------------------------------------

--
-- Table structure for table `vtiger_groups`
--

CREATE TABLE IF NOT EXISTS `vtiger_groups` (
  `groupid` int(19) NOT NULL,
  `groupname` varchar(100) DEFAULT NULL,
  `description` text,
  PRIMARY KEY (`groupid`),
  UNIQUE KEY `groups_groupname_idx` (`groupname`)
) ENGINE=InnoDB DEFAULT CHARSET=utf8;

--
-- Dumping data for table `vtiger_groups`
--

INSERT INTO `vtiger_groups` (`groupid`, `groupname`, `description`) VALUES
(2, 'Team Selling', 'Group Related to Sales'),
(3, 'Marketing Group', 'Group Related to Marketing Activities'),
(4, 'Support Group', 'Group Related to providing Support to Customers');

-- --------------------------------------------------------

--
-- Table structure for table `vtiger_homedashbd`
--

CREATE TABLE IF NOT EXISTS `vtiger_homedashbd` (
  `stuffid` int(19) NOT NULL DEFAULT '0',
  `dashbdname` varchar(100) DEFAULT NULL,
  `dashbdtype` varchar(100) DEFAULT NULL,
  PRIMARY KEY (`stuffid`),
  KEY `stuff_stuffid_idx` (`stuffid`)
) ENGINE=InnoDB DEFAULT CHARSET=utf8;

-- --------------------------------------------------------

--
-- Table structure for table `vtiger_homedefault`
--

CREATE TABLE IF NOT EXISTS `vtiger_homedefault` (
  `stuffid` int(19) NOT NULL DEFAULT '0',
  `hometype` varchar(30) NOT NULL,
  `maxentries` int(19) DEFAULT NULL,
  `setype` varchar(30) DEFAULT NULL,
  PRIMARY KEY (`stuffid`),
  KEY `stuff_stuffid_idx` (`stuffid`)
) ENGINE=InnoDB DEFAULT CHARSET=utf8;

--
-- Dumping data for table `vtiger_homedefault`
--

INSERT INTO `vtiger_homedefault` (`stuffid`, `hometype`, `maxentries`, `setype`) VALUES
(1, 'ALVT', 5, 'Accounts'),
(2, 'HDB', 5, 'Dashboard'),
(3, 'PLVT', 5, 'Potentials'),
(4, 'QLTQ', 5, 'Quotes'),
(5, 'CVLVT', 5, 'NULL'),
(6, 'HLT', 5, 'HelpDesk'),
(7, 'UA', 5, 'Calendar'),
(8, 'GRT', 5, 'NULL'),
(9, 'OLTSO', 5, 'SalesOrder'),
(10, 'ILTI', 5, 'Invoice'),
(11, 'MNL', 5, 'Leads'),
(12, 'OLTPO', 5, 'PurchaseOrder'),
(13, 'PA', 5, 'Calendar'),
(14, 'LTFAQ', 5, 'Faq');

-- --------------------------------------------------------

--
-- Table structure for table `vtiger_homemodule`
--

CREATE TABLE IF NOT EXISTS `vtiger_homemodule` (
  `stuffid` int(19) NOT NULL,
  `modulename` varchar(100) DEFAULT NULL,
  `maxentries` int(19) NOT NULL,
  `customviewid` int(19) NOT NULL,
  `setype` varchar(30) NOT NULL,
  PRIMARY KEY (`stuffid`),
  KEY `stuff_stuffid_idx` (`stuffid`)
) ENGINE=InnoDB DEFAULT CHARSET=utf8;

-- --------------------------------------------------------

--
-- Table structure for table `vtiger_homemoduleflds`
--

CREATE TABLE IF NOT EXISTS `vtiger_homemoduleflds` (
  `stuffid` int(19) DEFAULT NULL,
  `fieldname` varchar(100) DEFAULT NULL,
  KEY `stuff_stuffid_idx` (`stuffid`)
) ENGINE=InnoDB DEFAULT CHARSET=utf8;

-- --------------------------------------------------------

--
-- Table structure for table `vtiger_homereportchart`
--

CREATE TABLE IF NOT EXISTS `vtiger_homereportchart` (
  `stuffid` int(11) NOT NULL,
  `reportid` int(19) DEFAULT NULL,
  `reportcharttype` varchar(100) DEFAULT NULL,
  PRIMARY KEY (`stuffid`)
) ENGINE=InnoDB DEFAULT CHARSET=utf8;

-- --------------------------------------------------------

--
-- Table structure for table `vtiger_homerss`
--

CREATE TABLE IF NOT EXISTS `vtiger_homerss` (
  `stuffid` int(19) NOT NULL DEFAULT '0',
  `url` varchar(100) DEFAULT NULL,
  `maxentries` int(19) NOT NULL,
  PRIMARY KEY (`stuffid`),
  KEY `stuff_stuffid_idx` (`stuffid`)
) ENGINE=InnoDB DEFAULT CHARSET=utf8;

-- --------------------------------------------------------

--
-- Table structure for table `vtiger_homestuff`
--

CREATE TABLE IF NOT EXISTS `vtiger_homestuff` (
  `stuffid` int(19) NOT NULL DEFAULT '0',
  `stuffsequence` int(19) NOT NULL DEFAULT '0',
  `stufftype` varchar(100) DEFAULT NULL,
  `userid` int(19) NOT NULL,
  `visible` int(10) NOT NULL DEFAULT '0',
  `stufftitle` varchar(100) DEFAULT NULL,
  PRIMARY KEY (`stuffid`),
  KEY `stuff_stuffid_idx` (`stuffid`),
  KEY `fk_1_vtiger_homestuff` (`userid`)
) ENGINE=InnoDB DEFAULT CHARSET=utf8;

--
-- Dumping data for table `vtiger_homestuff`
--

INSERT INTO `vtiger_homestuff` (`stuffid`, `stuffsequence`, `stufftype`, `userid`, `visible`, `stufftitle`) VALUES
(1, 1, 'Default', 1, 1, 'Top Accounts'),
(2, 2, 'Default', 1, 1, 'Home Page Dashboard'),
(3, 3, 'Default', 1, 1, 'Top Potentials'),
(4, 4, 'Default', 1, 1, 'Top Quotes'),
(5, 5, 'Default', 1, 1, 'Key Metrics'),
(6, 6, 'Default', 1, 1, 'Top Trouble Tickets'),
(7, 7, 'Default', 1, 1, 'Upcoming Activities'),
(8, 8, 'Default', 1, 1, 'My Group Allocation'),
(9, 9, 'Default', 1, 1, 'Top Sales Orders'),
(10, 10, 'Default', 1, 1, 'Top Invoices'),
(11, 11, 'Default', 1, 1, 'My New Leads'),
(12, 12, 'Default', 1, 1, 'Top Purchase Orders'),
(13, 13, 'Default', 1, 1, 'Pending Activities'),
(14, 14, 'Default', 1, 1, 'My Recent FAQs'),
(15, 15, 'Tag Cloud', 1, 0, 'Tag Cloud');

-- --------------------------------------------------------

--
-- Table structure for table `vtiger_homestuff_seq`
--

CREATE TABLE IF NOT EXISTS `vtiger_homestuff_seq` (
  `id` int(11) NOT NULL
) ENGINE=InnoDB DEFAULT CHARSET=utf8;

--
-- Dumping data for table `vtiger_homestuff_seq`
--

INSERT INTO `vtiger_homestuff_seq` (`id`) VALUES
(15);

-- --------------------------------------------------------

--
-- Table structure for table `vtiger_home_layout`
--

CREATE TABLE IF NOT EXISTS `vtiger_home_layout` (
  `userid` int(19) NOT NULL,
  `layout` int(19) NOT NULL DEFAULT '4',
  PRIMARY KEY (`userid`)
) ENGINE=InnoDB DEFAULT CHARSET=utf8;

-- --------------------------------------------------------

--
-- Table structure for table `vtiger_hour_format`
--

CREATE TABLE IF NOT EXISTS `vtiger_hour_format` (
  `hour_formatid` int(11) NOT NULL AUTO_INCREMENT,
  `hour_format` varchar(200) NOT NULL,
  `presence` int(1) NOT NULL DEFAULT '1',
  `picklist_valueid` int(11) NOT NULL DEFAULT '0',
  `sortorderid` int(11) DEFAULT '0',
  PRIMARY KEY (`hour_formatid`)
) ENGINE=InnoDB  DEFAULT CHARSET=utf8 AUTO_INCREMENT=3 ;

--
-- Dumping data for table `vtiger_hour_format`
--

INSERT INTO `vtiger_hour_format` (`hour_formatid`, `hour_format`, `presence`, `picklist_valueid`, `sortorderid`) VALUES
(1, '12', 1, 295, 1),
(2, '24', 1, 296, 2);

-- --------------------------------------------------------

--
-- Table structure for table `vtiger_hour_format_seq`
--

CREATE TABLE IF NOT EXISTS `vtiger_hour_format_seq` (
  `id` int(11) NOT NULL
) ENGINE=InnoDB DEFAULT CHARSET=utf8;

--
-- Dumping data for table `vtiger_hour_format_seq`
--

INSERT INTO `vtiger_hour_format_seq` (`id`) VALUES
(2);

-- --------------------------------------------------------

--
-- Table structure for table `vtiger_import_locks`
--

CREATE TABLE IF NOT EXISTS `vtiger_import_locks` (
  `vtiger_import_lock_id` int(11) NOT NULL,
  `userid` int(11) NOT NULL,
  `tabid` int(11) NOT NULL,
  `importid` int(11) NOT NULL,
  `locked_since` datetime DEFAULT NULL,
  PRIMARY KEY (`vtiger_import_lock_id`)
) ENGINE=InnoDB DEFAULT CHARSET=utf8;

-- --------------------------------------------------------

--
-- Table structure for table `vtiger_import_maps`
--

CREATE TABLE IF NOT EXISTS `vtiger_import_maps` (
  `id` int(19) NOT NULL AUTO_INCREMENT,
  `name` varchar(36) NOT NULL,
  `module` varchar(36) NOT NULL,
  `content` longblob,
  `has_header` int(1) NOT NULL DEFAULT '1',
  `deleted` int(1) NOT NULL DEFAULT '0',
  `date_entered` timestamp NOT NULL DEFAULT CURRENT_TIMESTAMP ON UPDATE CURRENT_TIMESTAMP,
  `date_modified` timestamp NOT NULL DEFAULT '0000-00-00 00:00:00',
  `assigned_user_id` varchar(36) DEFAULT NULL,
  `is_published` varchar(3) NOT NULL DEFAULT 'no',
  PRIMARY KEY (`id`),
  KEY `import_maps_assigned_user_id_module_name_deleted_idx` (`assigned_user_id`,`module`,`name`,`deleted`)
) ENGINE=InnoDB DEFAULT CHARSET=utf8 AUTO_INCREMENT=1 ;

-- --------------------------------------------------------

--
-- Table structure for table `vtiger_import_queue`
--

CREATE TABLE IF NOT EXISTS `vtiger_import_queue` (
  `importid` int(11) NOT NULL,
  `userid` int(11) NOT NULL,
  `tabid` int(11) NOT NULL,
  `field_mapping` text,
  `default_values` text,
  `merge_type` int(11) DEFAULT NULL,
  `merge_fields` text,
  `temp_status` int(11) DEFAULT '0',
  PRIMARY KEY (`importid`)
) ENGINE=InnoDB DEFAULT CHARSET=utf8;

-- --------------------------------------------------------

--
-- Table structure for table `vtiger_industry`
--

CREATE TABLE IF NOT EXISTS `vtiger_industry` (
  `industryid` int(19) NOT NULL AUTO_INCREMENT,
  `industry` varchar(200) NOT NULL,
  `presence` int(1) NOT NULL DEFAULT '1',
  `picklist_valueid` int(19) NOT NULL DEFAULT '0',
  `sortorderid` int(11) DEFAULT NULL,
  PRIMARY KEY (`industryid`),
  UNIQUE KEY `industry_industry_idx` (`industry`)
) ENGINE=InnoDB  DEFAULT CHARSET=utf8 AUTO_INCREMENT=44 ;

--
-- Dumping data for table `vtiger_industry`
--

INSERT INTO `vtiger_industry` (`industryid`, `industry`, `presence`, `picklist_valueid`, `sortorderid`) VALUES
(2, 'Administration', 1, 61, 1),
(33, 'Construction Industry', 1, 455, 2),
(34, 'Education', 1, 456, 3),
(35, 'Power Industry', 1, 457, 4),
(36, 'Finance', 1, 458, 5),
(37, 'Trade', 1, 459, 6),
(38, 'Hotels and Restaurants', 1, 460, 7),
(39, 'Health Care', 1, 461, 8),
(40, 'Industry / Manufacturing', 1, 462, 9),
(41, 'Uniformed Services', 1, 463, 10),
(42, 'Transport & Logistics', 1, 464, 11),
(43, 'Technologies', 1, 465, 12);

-- --------------------------------------------------------

--
-- Table structure for table `vtiger_industry_seq`
--

CREATE TABLE IF NOT EXISTS `vtiger_industry_seq` (
  `id` int(11) NOT NULL
) ENGINE=InnoDB DEFAULT CHARSET=utf8;

--
-- Dumping data for table `vtiger_industry_seq`
--

INSERT INTO `vtiger_industry_seq` (`id`) VALUES
(43);

-- --------------------------------------------------------

--
-- Table structure for table `vtiger_inventorynotification`
--

CREATE TABLE IF NOT EXISTS `vtiger_inventorynotification` (
  `notificationid` int(19) NOT NULL AUTO_INCREMENT,
  `notificationname` varchar(200) DEFAULT NULL,
  `notificationsubject` varchar(200) DEFAULT NULL,
  `notificationbody` text,
  `label` varchar(50) DEFAULT NULL,
  `status` varchar(30) DEFAULT NULL,
  PRIMARY KEY (`notificationid`)
) ENGINE=InnoDB  DEFAULT CHARSET=utf8 AUTO_INCREMENT=4 ;

--
-- Dumping data for table `vtiger_inventorynotification`
--

INSERT INTO `vtiger_inventorynotification` (`notificationid`, `notificationname`, `notificationsubject`, `notificationbody`, `label`, `status`) VALUES
(1, 'InvoiceNotification', '{PRODUCTNAME} Stock Level is Low', 'Dear {HANDLER},\n\nThe current stock of {PRODUCTNAME} in our warehouse is {CURRENTSTOCK}. Kindly procure required number of units as the stock level is below reorder level {REORDERLEVELVALUE}.\n\nPlease treat this information as Urgent as the invoice is already sent  to the customer.\n\nSeverity: Critical\n\nThanks,\n{CURRENTUSER} ', 'InvoiceNotificationDescription', NULL),
(2, 'QuoteNotification', 'Quote given for {PRODUCTNAME}', 'Dear {HANDLER},\n\nQuote is generated for {QUOTEQUANTITY} units of {PRODUCTNAME}. The current stock of {PRODUCTNAME} in our warehouse is {CURRENTSTOCK}.\n\nSeverity: Minor\n\nThanks,\n{CURRENTUSER} ', 'QuoteNotificationDescription', NULL),
(3, 'SalesOrderNotification', 'Sales Order generated for {PRODUCTNAME}', 'Dear {HANDLER},\n\nSalesOrder is generated for {SOQUANTITY} units of {PRODUCTNAME}. The current stock of {PRODUCTNAME} in our warehouse is {CURRENTSTOCK}.\n\nPlease treat this information  with priority as the sales order is already generated.\n\nSeverity: Major\n\nThanks,\n{CURRENTUSER} ', 'SalesOrderNotificationDescription', NULL);

-- --------------------------------------------------------

--
-- Table structure for table `vtiger_inventorynotification_seq`
--

CREATE TABLE IF NOT EXISTS `vtiger_inventorynotification_seq` (
  `id` int(11) NOT NULL
) ENGINE=InnoDB DEFAULT CHARSET=utf8;

--
-- Dumping data for table `vtiger_inventorynotification_seq`
--

INSERT INTO `vtiger_inventorynotification_seq` (`id`) VALUES
(3);

-- --------------------------------------------------------

--
-- Table structure for table `vtiger_inventoryproductrel`
--

CREATE TABLE IF NOT EXISTS `vtiger_inventoryproductrel` (
  `id` int(19) DEFAULT NULL,
  `productid` int(19) DEFAULT NULL,
  `sequence_no` int(4) DEFAULT NULL,
  `quantity` decimal(25,3) DEFAULT NULL,
  `listprice` decimal(27,8) DEFAULT NULL,
  `discount_percent` decimal(7,3) DEFAULT NULL,
  `discount_amount` decimal(27,8) DEFAULT NULL,
  `comment` varchar(500) DEFAULT NULL,
  `description` text,
  `incrementondel` int(11) NOT NULL DEFAULT '0',
  `lineitem_id` int(11) NOT NULL AUTO_INCREMENT,
  `tax` varchar(10) DEFAULT NULL,
  `tax1` decimal(7,3) DEFAULT NULL,
  `tax2` decimal(7,3) DEFAULT NULL,
  `tax3` decimal(7,3) DEFAULT NULL,
  `calculationsid` int(19) DEFAULT NULL,
  `purchase` decimal(10,2) DEFAULT NULL,
  `margin` decimal(10,2) DEFAULT NULL,
  `marginp` decimal(10,2) DEFAULT NULL,
  PRIMARY KEY (`lineitem_id`),
  KEY `inventoryproductrel_id_idx` (`id`),
  KEY `inventoryproductrel_productid_idx` (`productid`)
) ENGINE=InnoDB DEFAULT CHARSET=utf8 AUTO_INCREMENT=1 ;

-- --------------------------------------------------------

--
-- Table structure for table `vtiger_inventoryproductrel_seq`
--

CREATE TABLE IF NOT EXISTS `vtiger_inventoryproductrel_seq` (
  `id` int(11) NOT NULL
) ENGINE=InnoDB DEFAULT CHARSET=utf8;

--
-- Dumping data for table `vtiger_inventoryproductrel_seq`
--

INSERT INTO `vtiger_inventoryproductrel_seq` (`id`) VALUES
(0);

-- --------------------------------------------------------

--
-- Table structure for table `vtiger_inventorysubproductrel`
--

CREATE TABLE IF NOT EXISTS `vtiger_inventorysubproductrel` (
  `id` int(19) NOT NULL,
  `sequence_no` int(10) NOT NULL,
  `productid` int(19) NOT NULL
) ENGINE=InnoDB DEFAULT CHARSET=utf8;

-- --------------------------------------------------------

--
-- Table structure for table `vtiger_inventorytaxinfo`
--

CREATE TABLE IF NOT EXISTS `vtiger_inventorytaxinfo` (
  `taxid` int(3) NOT NULL,
  `taxname` varchar(50) DEFAULT NULL,
  `taxlabel` varchar(50) DEFAULT NULL,
  `percentage` decimal(7,3) DEFAULT NULL,
  `deleted` int(1) DEFAULT NULL,
  PRIMARY KEY (`taxid`),
  KEY `inventorytaxinfo_taxname_idx` (`taxname`)
) ENGINE=InnoDB DEFAULT CHARSET=utf8;

--
-- Dumping data for table `vtiger_inventorytaxinfo`
--

INSERT INTO `vtiger_inventorytaxinfo` (`taxid`, `taxname`, `taxlabel`, `percentage`, `deleted`) VALUES
(1, 'tax1', 'VAT', 23.000, 0),
(2, 'tax2', 'Sales', 8.000, 0),
(3, 'tax3', 'Service', 5.000, 0);

-- --------------------------------------------------------

--
-- Table structure for table `vtiger_inventorytaxinfo_seq`
--

CREATE TABLE IF NOT EXISTS `vtiger_inventorytaxinfo_seq` (
  `id` int(11) NOT NULL
) ENGINE=InnoDB DEFAULT CHARSET=utf8;

--
-- Dumping data for table `vtiger_inventorytaxinfo_seq`
--

INSERT INTO `vtiger_inventorytaxinfo_seq` (`id`) VALUES
(3);

-- --------------------------------------------------------

--
-- Table structure for table `vtiger_inventory_tandc`
--

CREATE TABLE IF NOT EXISTS `vtiger_inventory_tandc` (
  `id` int(19) NOT NULL,
  `type` varchar(30) NOT NULL,
  `tandc` text,
  PRIMARY KEY (`id`)
) ENGINE=InnoDB DEFAULT CHARSET=utf8;

--
-- Dumping data for table `vtiger_inventory_tandc`
--

INSERT INTO `vtiger_inventory_tandc` (`id`, `type`, `tandc`) VALUES
(1, 'Inventory', '');

-- --------------------------------------------------------

--
-- Table structure for table `vtiger_inventory_tandc_seq`
--

CREATE TABLE IF NOT EXISTS `vtiger_inventory_tandc_seq` (
  `id` int(11) NOT NULL
) ENGINE=InnoDB DEFAULT CHARSET=utf8;

--
-- Dumping data for table `vtiger_inventory_tandc_seq`
--

INSERT INTO `vtiger_inventory_tandc_seq` (`id`) VALUES
(1);

-- --------------------------------------------------------

--
-- Table structure for table `vtiger_invitees`
--

CREATE TABLE IF NOT EXISTS `vtiger_invitees` (
  `activityid` int(19) NOT NULL,
  `inviteeid` int(19) NOT NULL,
  PRIMARY KEY (`activityid`,`inviteeid`)
) ENGINE=InnoDB DEFAULT CHARSET=utf8;

-- --------------------------------------------------------

--
-- Table structure for table `vtiger_invoice`
--

CREATE TABLE IF NOT EXISTS `vtiger_invoice` (
  `invoiceid` int(19) NOT NULL DEFAULT '0',
  `subject` varchar(100) DEFAULT NULL,
  `salesorderid` int(19) DEFAULT NULL,
  `customerno` varchar(100) DEFAULT NULL,
  `contactid` int(19) DEFAULT NULL,
  `notes` varchar(100) DEFAULT NULL,
  `invoicedate` date DEFAULT NULL,
  `duedate` date DEFAULT NULL,
  `invoiceterms` varchar(100) DEFAULT NULL,
  `type` varchar(100) DEFAULT NULL,
  `salescommission` decimal(25,3) DEFAULT NULL,
  `exciseduty` decimal(25,3) DEFAULT NULL,
  `subtotal` decimal(25,8) DEFAULT NULL,
  `total` decimal(25,8) DEFAULT NULL,
  `taxtype` varchar(25) DEFAULT NULL,
  `discount_percent` decimal(25,3) DEFAULT NULL,
  `discount_amount` decimal(25,8) DEFAULT NULL,
  `shipping` varchar(100) DEFAULT NULL,
  `accountid` int(19) DEFAULT NULL,
  `terms_conditions` text,
  `purchaseorder` varchar(200) DEFAULT NULL,
  `invoicestatus` varchar(200) DEFAULT NULL,
  `invoice_no` varchar(100) DEFAULT NULL,
  `currency_id` int(19) NOT NULL DEFAULT '1',
  `conversion_rate` decimal(10,3) NOT NULL DEFAULT '1.000',
  `pre_tax_total` decimal(25,8) DEFAULT NULL,
  `received` decimal(25,8) DEFAULT NULL,
  `balance` decimal(25,8) DEFAULT NULL,
  `total_purchase` decimal(13,2) DEFAULT NULL,
  `total_margin` decimal(13,2) DEFAULT NULL,
  `total_marginp` decimal(13,2) DEFAULT NULL,
  `potentialid` int(19) DEFAULT NULL,
  `form_payment` varchar(255) DEFAULT '',
  PRIMARY KEY (`invoiceid`),
  KEY `invoice_purchaseorderid_idx` (`invoiceid`),
  KEY `fk_2_vtiger_invoice` (`salesorderid`),
  KEY `potentialid` (`potentialid`),
  KEY `contactid` (`contactid`),
  KEY `accountid` (`accountid`)
) ENGINE=InnoDB DEFAULT CHARSET=utf8;

-- --------------------------------------------------------

--
-- Table structure for table `vtiger_invoiceaddress`
--

CREATE TABLE IF NOT EXISTS `vtiger_invoiceaddress` (
  `invoiceaddressid` int(19) NOT NULL,
  `addresslevel1a` varchar(255) DEFAULT NULL,
  `addresslevel1b` varchar(255) DEFAULT NULL,
  `addresslevel2a` varchar(255) DEFAULT NULL,
  `addresslevel2b` varchar(255) DEFAULT NULL,
  `addresslevel3a` varchar(255) DEFAULT NULL,
  `addresslevel3b` varchar(255) DEFAULT NULL,
  `addresslevel4a` varchar(255) DEFAULT NULL,
  `addresslevel4b` varchar(255) DEFAULT NULL,
  `addresslevel5a` varchar(255) DEFAULT NULL,
  `addresslevel5b` varchar(255) DEFAULT NULL,
  `addresslevel6a` varchar(255) DEFAULT NULL,
  `addresslevel6b` varchar(255) DEFAULT NULL,
  `addresslevel7a` varchar(255) DEFAULT NULL,
  `addresslevel7b` varchar(255) DEFAULT NULL,
  `addresslevel8a` varchar(255) DEFAULT NULL,
  `addresslevel8b` varchar(255) DEFAULT NULL,
  `buildingnumbera` varchar(100) DEFAULT NULL,
  `localnumbera` varchar(100) DEFAULT NULL,
  `buildingnumberb` varchar(100) DEFAULT NULL,
  `localnumberb` varchar(100) DEFAULT NULL,
  `poboxa` varchar(50) DEFAULT NULL,
  `poboxb` varchar(50) DEFAULT NULL,
  PRIMARY KEY (`invoiceaddressid`)
) ENGINE=InnoDB DEFAULT CHARSET=utf8;

-- --------------------------------------------------------

--
-- Table structure for table `vtiger_invoicecf`
--

CREATE TABLE IF NOT EXISTS `vtiger_invoicecf` (
  `invoiceid` int(19) NOT NULL DEFAULT '0',
  PRIMARY KEY (`invoiceid`)
) ENGINE=InnoDB DEFAULT CHARSET=utf8;

-- --------------------------------------------------------

--
-- Table structure for table `vtiger_invoicestatus`
--

CREATE TABLE IF NOT EXISTS `vtiger_invoicestatus` (
  `invoicestatusid` int(19) NOT NULL AUTO_INCREMENT,
  `invoicestatus` varchar(200) NOT NULL,
  `presence` int(1) NOT NULL DEFAULT '1',
  `picklist_valueid` int(19) NOT NULL DEFAULT '0',
  `sortorderid` int(11) DEFAULT NULL,
  PRIMARY KEY (`invoicestatusid`),
  UNIQUE KEY `invoicestatus_invoiestatus_idx` (`invoicestatus`)
) ENGINE=InnoDB  DEFAULT CHARSET=utf8 AUTO_INCREMENT=10 ;

--
-- Dumping data for table `vtiger_invoicestatus`
--

INSERT INTO `vtiger_invoicestatus` (`invoicestatusid`, `invoicestatus`, `presence`, `picklist_valueid`, `sortorderid`) VALUES
(1, 'AutoCreated', 0, 92, 2),
(2, 'Created', 0, 93, 1),
(3, 'Approved', 0, 94, 3),
(7, 'Cancel', 0, 288, 6),
(8, 'Derecognized', 0, 544, 4),
(9, 'Invoice entered', 0, 545, 5);

-- --------------------------------------------------------

--
-- Table structure for table `vtiger_invoicestatushistory`
--

CREATE TABLE IF NOT EXISTS `vtiger_invoicestatushistory` (
  `historyid` int(19) NOT NULL AUTO_INCREMENT,
  `invoiceid` int(19) NOT NULL,
  `accountname` varchar(100) DEFAULT NULL,
  `total` decimal(10,0) DEFAULT NULL,
  `invoicestatus` varchar(200) DEFAULT NULL,
  `lastmodified` datetime DEFAULT NULL,
  PRIMARY KEY (`historyid`),
  KEY `invoicestatushistory_invoiceid_idx` (`invoiceid`)
) ENGINE=InnoDB DEFAULT CHARSET=utf8 AUTO_INCREMENT=1 ;

-- --------------------------------------------------------

--
-- Table structure for table `vtiger_invoicestatushistory_seq`
--

CREATE TABLE IF NOT EXISTS `vtiger_invoicestatushistory_seq` (
  `id` int(11) NOT NULL
) ENGINE=InnoDB DEFAULT CHARSET=utf8;

--
-- Dumping data for table `vtiger_invoicestatushistory_seq`
--

INSERT INTO `vtiger_invoicestatushistory_seq` (`id`) VALUES
(1);

-- --------------------------------------------------------

--
-- Table structure for table `vtiger_invoicestatus_seq`
--

CREATE TABLE IF NOT EXISTS `vtiger_invoicestatus_seq` (
  `id` int(11) NOT NULL
) ENGINE=InnoDB DEFAULT CHARSET=utf8;

--
-- Dumping data for table `vtiger_invoicestatus_seq`
--

INSERT INTO `vtiger_invoicestatus_seq` (`id`) VALUES
(9);

-- --------------------------------------------------------

--
-- Table structure for table `vtiger_invoice_recurring_info`
--

CREATE TABLE IF NOT EXISTS `vtiger_invoice_recurring_info` (
  `salesorderid` int(11) NOT NULL DEFAULT '0',
  `recurring_frequency` varchar(200) DEFAULT NULL,
  `start_period` date DEFAULT NULL,
  `end_period` date DEFAULT NULL,
  `last_recurring_date` date DEFAULT NULL,
  `payment_duration` varchar(200) DEFAULT NULL,
  `invoice_status` varchar(200) DEFAULT NULL,
  PRIMARY KEY (`salesorderid`)
) ENGINE=InnoDB DEFAULT CHARSET=utf8;

-- --------------------------------------------------------

--
-- Table structure for table `vtiger_language`
--

CREATE TABLE IF NOT EXISTS `vtiger_language` (
  `id` int(11) NOT NULL AUTO_INCREMENT,
  `name` varchar(50) DEFAULT NULL,
  `prefix` varchar(10) DEFAULT NULL,
  `label` varchar(30) DEFAULT NULL,
  `lastupdated` datetime DEFAULT NULL,
  `sequence` int(11) DEFAULT NULL,
  `isdefault` int(1) DEFAULT '0',
  `active` int(1) DEFAULT '1',
  PRIMARY KEY (`id`)
) ENGINE=InnoDB  DEFAULT CHARSET=utf8 AUTO_INCREMENT=5 ;

--
-- Dumping data for table `vtiger_language`
--

INSERT INTO `vtiger_language` (`id`, `name`, `prefix`, `label`, `lastupdated`, `sequence`, `isdefault`, `active`) VALUES
(1, 'English', 'en_us', 'US English', '2014-07-16 11:20:12', NULL, 1, 1),
(2, 'Język Polski', 'pl_pl', 'Język Polski', '2014-07-16 11:20:40', NULL, 0, 1),
(3, 'Deutsch', 'de_de', 'DE Deutsch', '2014-11-21 11:20:40', NULL, 0, 1),
(4, 'Portuguese', 'pt_br', 'Brazilian Portuguese', '2014-12-11 11:12:39', NULL, 0, 1);

-- --------------------------------------------------------

--
-- Table structure for table `vtiger_language_seq`
--

CREATE TABLE IF NOT EXISTS `vtiger_language_seq` (
  `id` int(11) NOT NULL
) ENGINE=InnoDB DEFAULT CHARSET=utf8;

--
-- Dumping data for table `vtiger_language_seq`
--

INSERT INTO `vtiger_language_seq` (`id`) VALUES
(4);

-- --------------------------------------------------------

--
-- Table structure for table `vtiger_leadaddress`
--

CREATE TABLE IF NOT EXISTS `vtiger_leadaddress` (
  `leadaddressid` int(19) NOT NULL DEFAULT '0',
  `phone` varchar(50) DEFAULT NULL,
  `mobile` varchar(50) DEFAULT NULL,
  `fax` varchar(50) DEFAULT NULL,
  `addresslevel1a` varchar(255) DEFAULT NULL,
  `addresslevel2a` varchar(255) DEFAULT NULL,
  `addresslevel3a` varchar(255) DEFAULT NULL,
  `addresslevel4a` varchar(255) DEFAULT NULL,
  `addresslevel5a` varchar(255) DEFAULT NULL,
  `addresslevel6a` varchar(255) DEFAULT NULL,
  `addresslevel7a` varchar(255) DEFAULT NULL,
  `addresslevel8a` varchar(255) DEFAULT NULL,
  `buildingnumbera` varchar(100) DEFAULT NULL,
  `localnumbera` varchar(100) DEFAULT NULL,
  `poboxa` varchar(50) DEFAULT NULL,
  PRIMARY KEY (`leadaddressid`)
) ENGINE=InnoDB DEFAULT CHARSET=utf8;

-- --------------------------------------------------------

--
-- Table structure for table `vtiger_leaddetails`
--

CREATE TABLE IF NOT EXISTS `vtiger_leaddetails` (
  `leadid` int(19) NOT NULL,
  `lead_no` varchar(100) NOT NULL,
  `email` varchar(100) DEFAULT NULL,
  `interest` varchar(50) DEFAULT NULL,
  `firstname` varchar(40) DEFAULT NULL,
  `salutation` varchar(200) DEFAULT NULL,
  `lastname` varchar(80) NOT NULL,
  `company` varchar(100) NOT NULL,
  `annualrevenue` decimal(25,8) DEFAULT NULL,
  `industry` varchar(200) DEFAULT NULL,
  `campaign` varchar(30) DEFAULT NULL,
  `leadstatus` varchar(50) DEFAULT NULL,
  `leadsource` varchar(200) DEFAULT NULL,
  `converted` int(1) DEFAULT '0',
  `licencekeystatus` varchar(50) DEFAULT NULL,
  `space` varchar(250) DEFAULT NULL,
  `comments` text,
  `priority` varchar(50) DEFAULT NULL,
  `demorequest` varchar(50) DEFAULT NULL,
  `partnercontact` varchar(50) DEFAULT NULL,
  `productversion` varchar(20) DEFAULT NULL,
  `product` varchar(50) DEFAULT NULL,
  `maildate` date DEFAULT NULL,
  `nextstepdate` date DEFAULT NULL,
  `fundingsituation` varchar(50) DEFAULT NULL,
  `purpose` varchar(50) DEFAULT NULL,
  `evaluationstatus` varchar(50) DEFAULT NULL,
  `transferdate` date DEFAULT NULL,
  `revenuetype` varchar(50) DEFAULT NULL,
  `noofemployees` int(50) DEFAULT NULL,
  `secondaryemail` varchar(100) DEFAULT NULL,
  `assignleadchk` int(1) DEFAULT '0',
  `emailoptout` varchar(3) DEFAULT NULL,
  `noapprovalcalls` varchar(3) DEFAULT NULL,
  `noapprovalemails` varchar(3) DEFAULT NULL,
  `vat_id` varchar(30) DEFAULT NULL,
  `registration_number_1` varchar(30) DEFAULT NULL,
  `registration_number_2` varchar(30) DEFAULT NULL,
  `verification` text,
  `subindustry` varchar(255) DEFAULT '',
  `atenttion` text,
  PRIMARY KEY (`leadid`),
  KEY `leaddetails_converted_leadstatus_idx` (`converted`,`leadstatus`),
  KEY `email_idx` (`email`)
) ENGINE=InnoDB DEFAULT CHARSET=utf8;

-- --------------------------------------------------------

--
-- Table structure for table `vtiger_leadscf`
--

CREATE TABLE IF NOT EXISTS `vtiger_leadscf` (
  `leadid` int(19) NOT NULL DEFAULT '0',
  PRIMARY KEY (`leadid`)
) ENGINE=InnoDB DEFAULT CHARSET=utf8;

-- --------------------------------------------------------

--
-- Table structure for table `vtiger_leadsource`
--

CREATE TABLE IF NOT EXISTS `vtiger_leadsource` (
  `leadsourceid` int(19) NOT NULL AUTO_INCREMENT,
  `leadsource` varchar(200) NOT NULL,
  `presence` int(1) NOT NULL DEFAULT '1',
  `picklist_valueid` int(19) NOT NULL DEFAULT '0',
  `sortorderid` int(11) DEFAULT NULL,
  PRIMARY KEY (`leadsourceid`)
) ENGINE=InnoDB  DEFAULT CHARSET=utf8 AUTO_INCREMENT=14 ;

--
-- Dumping data for table `vtiger_leadsource`
--

INSERT INTO `vtiger_leadsource` (`leadsourceid`, `leadsource`, `presence`, `picklist_valueid`, `sortorderid`) VALUES
(2, 'Cold Call', 1, 99, 1),
(4, 'Self Generated', 1, 101, 3),
(9, 'Conference', 1, 106, 8),
(10, 'Trade Show', 1, 107, 9),
(11, 'Web Site', 1, 108, 10),
(12, 'Word of mouth', 1, 109, 11),
(13, 'Other', 1, 110, 12);

-- --------------------------------------------------------

--
-- Table structure for table `vtiger_leadsource_seq`
--

CREATE TABLE IF NOT EXISTS `vtiger_leadsource_seq` (
  `id` int(11) NOT NULL
) ENGINE=InnoDB DEFAULT CHARSET=utf8;

--
-- Dumping data for table `vtiger_leadsource_seq`
--

INSERT INTO `vtiger_leadsource_seq` (`id`) VALUES
(13);

-- --------------------------------------------------------

--
-- Table structure for table `vtiger_leadstage`
--

CREATE TABLE IF NOT EXISTS `vtiger_leadstage` (
  `leadstageid` int(19) NOT NULL AUTO_INCREMENT,
  `stage` varchar(200) NOT NULL,
  `sortorderid` int(19) NOT NULL DEFAULT '0',
  `presence` int(1) NOT NULL DEFAULT '1',
  PRIMARY KEY (`leadstageid`),
  UNIQUE KEY `leadstage_stage_idx` (`stage`)
) ENGINE=InnoDB DEFAULT CHARSET=utf8 AUTO_INCREMENT=1 ;

-- --------------------------------------------------------

--
-- Table structure for table `vtiger_leadstatus`
--

CREATE TABLE IF NOT EXISTS `vtiger_leadstatus` (
  `leadstatusid` int(19) NOT NULL AUTO_INCREMENT,
  `leadstatus` varchar(200) NOT NULL,
  `presence` int(1) NOT NULL DEFAULT '1',
  `picklist_valueid` int(19) NOT NULL DEFAULT '0',
  `sortorderid` int(11) DEFAULT NULL,
  PRIMARY KEY (`leadstatusid`)
) ENGINE=InnoDB  DEFAULT CHARSET=utf8 AUTO_INCREMENT=21 ;

--
-- Dumping data for table `vtiger_leadstatus`
--

INSERT INTO `vtiger_leadstatus` (`leadstatusid`, `leadstatus`, `presence`, `picklist_valueid`, `sortorderid`) VALUES
(13, 'LBL_TO_REALIZE', 1, 446, 12),
(14, 'LBL_REQUIRES_VERIFICATION', 1, 447, 13),
(15, 'LBL_PRELIMINARY_ANALYSIS_OF', 1, 448, 14),
(16, 'LBL_ADVANCED_ANALYSIS', 1, 449, 15),
(17, 'LBL_INITIAL_ACQUISITION', 1, 450, 16),
(18, 'LBL_CONTACTS_IN_THE_FUTURE', 1, 451, 17),
(19, 'LBL_LEAD_UNTAPPED', 1, 452, 18),
(20, 'LBL_LEAD_ACQUIRED', 1, 453, 19);

-- --------------------------------------------------------

--
-- Table structure for table `vtiger_leadstatus_seq`
--

CREATE TABLE IF NOT EXISTS `vtiger_leadstatus_seq` (
  `id` int(11) NOT NULL
) ENGINE=InnoDB DEFAULT CHARSET=utf8;

--
-- Dumping data for table `vtiger_leadstatus_seq`
--

INSERT INTO `vtiger_leadstatus_seq` (`id`) VALUES
(20);

-- --------------------------------------------------------

--
-- Table structure for table `vtiger_leadsubdetails`
--

CREATE TABLE IF NOT EXISTS `vtiger_leadsubdetails` (
  `leadsubscriptionid` int(19) NOT NULL DEFAULT '0',
  `website` varchar(255) DEFAULT NULL,
  `callornot` int(1) DEFAULT '0',
  `readornot` int(1) DEFAULT '0',
  `empct` int(10) DEFAULT '0',
  PRIMARY KEY (`leadsubscriptionid`)
) ENGINE=InnoDB DEFAULT CHARSET=utf8;

-- --------------------------------------------------------

--
-- Table structure for table `vtiger_lead_view`
--

CREATE TABLE IF NOT EXISTS `vtiger_lead_view` (
  `lead_viewid` int(19) NOT NULL AUTO_INCREMENT,
  `lead_view` varchar(200) NOT NULL,
  `sortorderid` int(19) NOT NULL DEFAULT '0',
  `presence` int(1) NOT NULL DEFAULT '1',
  PRIMARY KEY (`lead_viewid`)
) ENGINE=InnoDB  DEFAULT CHARSET=utf8 AUTO_INCREMENT=4 ;

--
-- Dumping data for table `vtiger_lead_view`
--

INSERT INTO `vtiger_lead_view` (`lead_viewid`, `lead_view`, `sortorderid`, `presence`) VALUES
(1, 'Today', 0, 1),
(2, 'Last 2 Days', 1, 1),
(3, 'Last Week', 2, 1);

-- --------------------------------------------------------

--
-- Table structure for table `vtiger_lead_view_seq`
--

CREATE TABLE IF NOT EXISTS `vtiger_lead_view_seq` (
  `id` int(11) NOT NULL
) ENGINE=InnoDB DEFAULT CHARSET=utf8;

--
-- Dumping data for table `vtiger_lead_view_seq`
--

INSERT INTO `vtiger_lead_view_seq` (`id`) VALUES
(3);

-- --------------------------------------------------------

--
-- Table structure for table `vtiger_links`
--

CREATE TABLE IF NOT EXISTS `vtiger_links` (
  `linkid` int(11) NOT NULL,
  `tabid` int(11) DEFAULT NULL,
  `linktype` varchar(50) DEFAULT NULL,
  `linklabel` varchar(50) DEFAULT NULL,
  `linkurl` varchar(255) DEFAULT NULL,
  `linkicon` varchar(100) DEFAULT NULL,
  `sequence` int(11) DEFAULT NULL,
  `handler_path` varchar(128) DEFAULT NULL,
  `handler_class` varchar(50) DEFAULT NULL,
  `handler` varchar(50) DEFAULT NULL,
  `linkdata` text,
  PRIMARY KEY (`linkid`),
  KEY `link_tabidtype_idx` (`tabid`,`linktype`),
  KEY `linklabel` (`linklabel`),
  KEY `linkid` (`linkid`,`tabid`,`linktype`,`linklabel`)
) ENGINE=InnoDB DEFAULT CHARSET=utf8;

--
-- Dumping data for table `vtiger_links`
--

INSERT INTO `vtiger_links` (`linkid`, `tabid`, `linktype`, `linklabel`, `linkurl`, `linkicon`, `sequence`, `handler_path`, `handler_class`, `handler`, `linkdata`) VALUES
(1, 6, 'DETAILVIEWBASIC', 'LBL_ADD_NOTE', 'index.php?module=Documents&action=EditView&return_module=$MODULE$&return_action=DetailView&return_id=$RECORD$&parent_id=$RECORD$', 'themes/images/bookMark.gif', 0, 'modules/Documents/Documents.php', 'Documents', 'isLinkPermitted', NULL),
(2, 6, 'DETAILVIEWBASIC', 'LBL_SHOW_ACCOUNT_HIERARCHY', 'index.php?module=Accounts&action=AccountHierarchy&accountid=$RECORD$', '', 0, NULL, NULL, NULL, NULL),
(3, 7, 'DETAILVIEWBASIC', 'LBL_ADD_NOTE', 'index.php?module=Documents&action=EditView&return_module=$MODULE$&return_action=DetailView&return_id=$RECORD$&parent_id=$RECORD$', 'themes/images/bookMark.gif', 0, 'modules/Documents/Documents.php', 'Documents', 'isLinkPermitted', NULL),
(4, 4, 'DETAILVIEWBASIC', 'LBL_ADD_NOTE', 'index.php?module=Documents&action=EditView&return_module=$MODULE$&return_action=DetailView&return_id=$RECORD$&parent_id=$RECORD$', 'themes/images/bookMark.gif', 0, 'modules/Documents/Documents.php', 'Documents', 'isLinkPermitted', NULL),
(5, 0, 'HEADERSCRIPT', 'Incoming Calls', 'modules/PBXManager/resources/PBXManagerJS.js', '', 0, 'modules/PBXManager/PBXManager.php', 'PBXManager', 'checkLinkPermission', NULL),
(11, 7, 'DETAILVIEWWIDGET', 'DetailViewBlockCommentWidget', 'block://ModComments:modules/ModComments/ModComments.php', '', 0, NULL, NULL, NULL, NULL),
(12, 4, 'DETAILVIEWWIDGET', 'DetailViewBlockCommentWidget', 'block://ModComments:modules/ModComments/ModComments.php', '', 0, NULL, NULL, NULL, NULL),
(13, 6, 'DETAILVIEWWIDGET', 'DetailViewBlockCommentWidget', 'block://ModComments:modules/ModComments/ModComments.php', '', 0, NULL, NULL, NULL, NULL),
(14, 2, 'DETAILVIEWWIDGET', 'DetailViewBlockCommentWidget', 'block://ModComments:modules/ModComments/ModComments.php', '', 0, NULL, NULL, NULL, NULL),
(23, 7, 'LISTVIEWBASIC', 'Send SMS', 'SMSNotifierCommon.displaySelectWizard(this, ''$MODULE$'');', '', 0, NULL, NULL, NULL, NULL),
(24, 7, 'DETAILVIEWBASIC', 'Send SMS', 'javascript:SMSNotifierCommon.displaySelectWizard_DetailView(''$MODULE$'', ''$RECORD$'');', '', 0, NULL, NULL, NULL, NULL),
(25, 4, 'LISTVIEWBASIC', 'Send SMS', 'SMSNotifierCommon.displaySelectWizard(this, ''$MODULE$'');', '', 0, NULL, NULL, NULL, NULL),
(26, 4, 'DETAILVIEWBASIC', 'Send SMS', 'javascript:SMSNotifierCommon.displaySelectWizard_DetailView(''$MODULE$'', ''$RECORD$'');', '', 0, NULL, NULL, NULL, NULL),
(27, 6, 'LISTVIEWBASIC', 'Send SMS', 'SMSNotifierCommon.displaySelectWizard(this, ''$MODULE$'');', '', 0, NULL, NULL, NULL, NULL),
(28, 6, 'DETAILVIEWBASIC', 'Send SMS', 'javascript:SMSNotifierCommon.displaySelectWizard_DetailView(''$MODULE$'', ''$RECORD$'');', '', 0, NULL, NULL, NULL, NULL),
(37, 2, 'DASHBOARDWIDGET', 'History', 'index.php?module=Potentials&view=ShowWidget&name=History', '', 1, NULL, NULL, NULL, NULL),
(38, 2, 'DASHBOARDWIDGET', 'Upcoming Activities', 'index.php?module=Potentials&view=ShowWidget&name=CalendarActivities', '', 2, NULL, NULL, NULL, NULL),
(39, 2, 'DASHBOARDWIDGET', 'Funnel', 'index.php?module=Potentials&view=ShowWidget&name=GroupedBySalesStage', '', 3, NULL, NULL, NULL, NULL),
(40, 2, 'DASHBOARDWIDGET', 'Potentials by Stage', 'index.php?module=Potentials&view=ShowWidget&name=GroupedBySalesPerson', '', 4, NULL, NULL, NULL, NULL),
(41, 2, 'DASHBOARDWIDGET', 'Pipelined Amount', 'index.php?module=Potentials&view=ShowWidget&name=PipelinedAmountPerSalesPerson', '', 5, NULL, NULL, NULL, NULL),
(42, 2, 'DASHBOARDWIDGET', 'Total Revenue', 'index.php?module=Potentials&view=ShowWidget&name=TotalRevenuePerSalesPerson', '', 6, NULL, NULL, NULL, NULL),
(43, 2, 'DASHBOARDWIDGET', 'Top Potentials', 'index.php?module=Potentials&view=ShowWidget&name=TopPotentials', '', 7, NULL, NULL, NULL, NULL),
(44, 2, 'DASHBOARDWIDGET', 'Overdue Activities', 'index.php?module=Potentials&view=ShowWidget&name=OverdueActivities', '', 9, NULL, NULL, NULL, NULL),
(45, 6, 'DASHBOARDWIDGET', 'History', 'index.php?module=Accounts&view=ShowWidget&name=History', '', 1, NULL, NULL, NULL, NULL),
(46, 6, 'DASHBOARDWIDGET', 'Upcoming Activities', 'index.php?module=Accounts&view=ShowWidget&name=CalendarActivities', '', 2, NULL, NULL, NULL, NULL),
(47, 6, 'DASHBOARDWIDGET', 'Overdue Activities', 'index.php?module=Accounts&view=ShowWidget&name=OverdueActivities', '', 3, NULL, NULL, NULL, NULL),
(48, 4, 'DASHBOARDWIDGET', 'History', 'index.php?module=Contacts&view=ShowWidget&name=History', '', 1, NULL, NULL, NULL, NULL),
(49, 4, 'DASHBOARDWIDGET', 'Upcoming Activities', 'index.php?module=Contacts&view=ShowWidget&name=CalendarActivities', '', 2, NULL, NULL, NULL, NULL),
(50, 4, 'DASHBOARDWIDGET', 'Overdue Activities', 'index.php?module=Contacts&view=ShowWidget&name=OverdueActivities', '', 3, NULL, NULL, NULL, NULL),
(51, 7, 'DASHBOARDWIDGET', 'History', 'index.php?module=Leads&view=ShowWidget&name=History', '', 1, NULL, NULL, NULL, NULL),
(52, 7, 'DASHBOARDWIDGET', 'Upcoming Activities', 'index.php?module=Leads&view=ShowWidget&name=CalendarActivities', '', 2, NULL, NULL, NULL, NULL),
(53, 7, 'DASHBOARDWIDGET', 'Leads by Status', 'index.php?module=Leads&view=ShowWidget&name=LeadsByStatus', '', 4, NULL, NULL, NULL, NULL),
(54, 7, 'DASHBOARDWIDGET', 'Leads by Source', 'index.php?module=Leads&view=ShowWidget&name=LeadsBySource', '', 5, NULL, NULL, NULL, NULL),
(55, 7, 'DASHBOARDWIDGET', 'Leads by Industry', 'index.php?module=Leads&view=ShowWidget&name=LeadsByIndustry', '', 6, NULL, NULL, NULL, NULL),
(56, 7, 'DASHBOARDWIDGET', 'Overdue Activities', 'index.php?module=Leads&view=ShowWidget&name=OverdueActivities', '', 7, NULL, NULL, NULL, NULL),
(57, 13, 'DASHBOARDWIDGET', 'Tickets by Status', 'index.php?module=HelpDesk&view=ShowWidget&name=TicketsByStatus', '', 1, NULL, NULL, NULL, NULL),
(58, 13, 'DASHBOARDWIDGET', 'Open Tickets', 'index.php?module=HelpDesk&view=ShowWidget&name=OpenTickets', '', 2, NULL, NULL, NULL, NULL),
(59, 3, 'DASHBOARDWIDGET', 'History', 'index.php?module=Home&view=ShowWidget&name=History', '', 1, NULL, NULL, NULL, NULL),
(60, 3, 'DASHBOARDWIDGET', 'Upcoming Activities', 'index.php?module=Home&view=ShowWidget&name=CalendarActivities', '', 2, NULL, NULL, NULL, NULL),
(61, 3, 'DASHBOARDWIDGET', 'Funnel', 'index.php?module=Potentials&view=ShowWidget&name=GroupedBySalesStage', '', 3, NULL, NULL, NULL, NULL),
(62, 3, 'DASHBOARDWIDGET', 'Potentials by Stage', 'index.php?module=Potentials&view=ShowWidget&name=GroupedBySalesPerson', '', 4, NULL, NULL, NULL, NULL),
(63, 3, 'DASHBOARDWIDGET', 'Pipelined Amount', 'index.php?module=Potentials&view=ShowWidget&name=PipelinedAmountPerSalesPerson', '', 5, NULL, NULL, NULL, NULL),
(64, 3, 'DASHBOARDWIDGET', 'Total Revenue', 'index.php?module=Potentials&view=ShowWidget&name=TotalRevenuePerSalesPerson', '', 6, NULL, NULL, NULL, '{"mandatory":{"roles":[]}}'),
(65, 3, 'DASHBOARDWIDGET', 'Top Potentials', 'index.php?module=Potentials&view=ShowWidget&name=TopPotentials', '', 7, NULL, NULL, NULL, NULL),
(66, 3, 'DASHBOARDWIDGET', 'Leads by Status', 'index.php?module=Leads&view=ShowWidget&name=LeadsByStatus', '', 10, NULL, NULL, NULL, '{"mandatory":{"roles":[]}}'),
(67, 3, 'DASHBOARDWIDGET', 'Leads by Source', 'index.php?module=Leads&view=ShowWidget&name=LeadsBySource', '', 11, NULL, NULL, NULL, NULL),
(68, 3, 'DASHBOARDWIDGET', 'Leads by Industry', 'index.php?module=Leads&view=ShowWidget&name=LeadsByIndustry', '', 12, NULL, NULL, NULL, NULL),
(69, 3, 'DASHBOARDWIDGET', 'Overdue Activities', 'index.php?module=Home&view=ShowWidget&name=OverdueActivities', '', 13, NULL, NULL, NULL, NULL),
(70, 3, 'DASHBOARDWIDGET', 'Tickets by Status', 'index.php?module=HelpDesk&view=ShowWidget&name=TicketsByStatus', '', 13, NULL, NULL, NULL, NULL),
(71, 3, 'DASHBOARDWIDGET', 'Open Tickets', 'index.php?module=HelpDesk&view=ShowWidget&name=OpenTickets', '', 14, NULL, NULL, NULL, NULL),
(72, 13, 'DETAILVIEWWIDGET', 'DetailViewBlockCommentWidget', 'block://ModComments:modules/ModComments/ModComments.php', '', 0, NULL, NULL, NULL, NULL),
(73, 15, 'DETAILVIEWWIDGET', 'DetailViewBlockCommentWidget', 'block://ModComments:modules/ModComments/ModComments.php', '', 0, NULL, NULL, NULL, NULL),
(102, 3, 'DASHBOARDWIDGET', 'Key Metrics', 'index.php?module=Home&view=ShowWidget&name=KeyMetrics', '', 15, NULL, NULL, NULL, NULL),
(103, 3, 'DASHBOARDWIDGET', 'Mini List', 'index.php?module=Home&view=ShowWidget&name=MiniList', '', 16, NULL, NULL, NULL, NULL),
(104, 3, 'DASHBOARDWIDGET', 'Tag Cloud', 'index.php?module=Home&view=ShowWidget&name=TagCloud', '', 17, NULL, NULL, NULL, '{"mandatory":{"roles":[]},"roles":["H2"],"inactive":1}'),
(105, 2, 'DASHBOARDWIDGET', 'Funnel Amount', 'index.php?module=Potentials&view=ShowWidget&name=FunnelAmount', '', 10, NULL, NULL, NULL, NULL),
(106, 3, 'DASHBOARDWIDGET', 'Funnel Amount', 'index.php?module=Potentials&view=ShowWidget&name=FunnelAmount', '', 10, NULL, NULL, NULL, NULL),
(107, 3, 'DASHBOARDWIDGET', 'Notebook', 'index.php?module=Home&view=ShowWidget&name=Notebook', '', 18, NULL, NULL, NULL, NULL),
(110, 42, 'DETAILVIEWBASIC', 'Add Note', 'index.php?module=Documents&action=EditView&return_module=ProjectTask&return_action=DetailView&return_id=$RECORD$&parent_id=$RECORD$', '', 0, NULL, NULL, NULL, NULL),
(111, 42, 'DETAILVIEWWIDGET', 'DetailViewBlockCommentWidget', 'block://ModComments:modules/ModComments/ModComments.php', '', 0, NULL, NULL, NULL, NULL),
(112, 43, 'DETAILVIEWBASIC', 'Add Project Task', 'index.php?module=ProjectTask&action=EditView&projectid=$RECORD$&return_module=Project&return_action=DetailView&return_id=$RECORD$', '', 0, NULL, NULL, NULL, NULL),
(113, 43, 'DETAILVIEWBASIC', 'Add Note', 'index.php?module=Documents&action=EditView&return_module=Project&return_action=DetailView&return_id=$RECORD$&parent_id=$RECORD$', '', 1, NULL, NULL, NULL, NULL),
(114, 43, 'DETAILVIEWWIDGET', 'DetailViewBlockCommentWidget', 'block://ModComments:modules/ModComments/ModComments.php', '', 0, NULL, NULL, NULL, NULL),
(115, 45, 'DETAILVIEWBASIC', 'LBL_CHECK_STATUS', 'javascript:SMSNotifier.checkstatus($RECORD$)', 'themes/images/reload.gif', 0, NULL, NULL, NULL, NULL),
(116, 45, 'HEADERSCRIPT', 'SMSNotifierCommonJS', 'modules/SMSNotifier/SMSNotifierCommon.js', '', 0, NULL, NULL, NULL, NULL),
(117, 47, 'DETAILVIEWWIDGET', 'WidgetConstraints', 'module=OSSPdf&view=WidgetConstraints', '', 0, NULL, NULL, NULL, NULL),
(119, 2, 'DETAILVIEWSIDEBARWIDGET', 'Pdf', 'module=OSSPdf&view=ExportPDFRecords&fromdetailview=true', '', 0, NULL, NULL, NULL, NULL),
(120, 2, 'LISTVIEWSIDEBARWIDGET', 'Pdf', 'module=OSSPdf&view=ListViewExportPDFRecords&usingmodule=Potentials', '', 0, NULL, NULL, NULL, NULL),
(122, 4, 'DETAILVIEWSIDEBARWIDGET', 'Pdf', 'module=OSSPdf&view=ExportPDFRecords&fromdetailview=true', '', 0, NULL, NULL, NULL, NULL),
(123, 4, 'LISTVIEWSIDEBARWIDGET', 'Pdf', 'module=OSSPdf&view=ListViewExportPDFRecords&usingmodule=Contacts', '', 0, NULL, NULL, NULL, NULL),
(125, 6, 'DETAILVIEWSIDEBARWIDGET', 'Pdf', 'module=OSSPdf&view=ExportPDFRecords&fromdetailview=true', '', 0, NULL, NULL, NULL, NULL),
(126, 6, 'LISTVIEWSIDEBARWIDGET', 'Pdf', 'module=OSSPdf&view=ListViewExportPDFRecords&usingmodule=Accounts', '', 0, NULL, NULL, NULL, NULL),
(128, 7, 'DETAILVIEWSIDEBARWIDGET', 'Pdf', 'module=OSSPdf&view=ExportPDFRecords&fromdetailview=true', '', 0, NULL, NULL, NULL, NULL),
(129, 7, 'LISTVIEWSIDEBARWIDGET', 'Pdf', 'module=OSSPdf&view=ListViewExportPDFRecords&usingmodule=Leads', '', 0, NULL, NULL, NULL, NULL),
(131, 8, 'DETAILVIEWSIDEBARWIDGET', 'Pdf', 'module=OSSPdf&view=ExportPDFRecords&fromdetailview=true', '', 0, NULL, NULL, NULL, NULL),
(132, 8, 'LISTVIEWSIDEBARWIDGET', 'Pdf', 'module=OSSPdf&view=ListViewExportPDFRecords&usingmodule=Documents', '', 0, NULL, NULL, NULL, NULL),
(134, 9, 'DETAILVIEWSIDEBARWIDGET', 'Pdf', 'module=OSSPdf&view=ExportPDFRecords&fromdetailview=true', '', 0, NULL, NULL, NULL, NULL),
(135, 9, 'LISTVIEWSIDEBARWIDGET', 'Pdf', 'module=OSSPdf&view=ListViewExportPDFRecords&usingmodule=Calendar', '', 0, NULL, NULL, NULL, NULL),
(137, 13, 'DETAILVIEWSIDEBARWIDGET', 'Pdf', 'module=OSSPdf&view=ExportPDFRecords&fromdetailview=true', '', 0, NULL, NULL, NULL, NULL),
(138, 13, 'LISTVIEWSIDEBARWIDGET', 'Pdf', 'module=OSSPdf&view=ListViewExportPDFRecords&usingmodule=HelpDesk', '', 0, NULL, NULL, NULL, NULL),
(140, 14, 'DETAILVIEWSIDEBARWIDGET', 'Pdf', 'module=OSSPdf&view=ExportPDFRecords&fromdetailview=true', '', 0, NULL, NULL, NULL, NULL),
(141, 14, 'LISTVIEWSIDEBARWIDGET', 'Pdf', 'module=OSSPdf&view=ListViewExportPDFRecords&usingmodule=Products', '', 0, NULL, NULL, NULL, NULL),
(143, 15, 'DETAILVIEWSIDEBARWIDGET', 'Pdf', 'module=OSSPdf&view=ExportPDFRecords&fromdetailview=true', '', 0, NULL, NULL, NULL, NULL),
(144, 15, 'LISTVIEWSIDEBARWIDGET', 'Pdf', 'module=OSSPdf&view=ListViewExportPDFRecords&usingmodule=Faq', '', 0, NULL, NULL, NULL, NULL),
(146, 18, 'DETAILVIEWSIDEBARWIDGET', 'Pdf', 'module=OSSPdf&view=ExportPDFRecords&fromdetailview=true', '', 0, NULL, NULL, NULL, NULL),
(147, 18, 'LISTVIEWSIDEBARWIDGET', 'Pdf', 'module=OSSPdf&view=ListViewExportPDFRecords&usingmodule=Vendors', '', 0, NULL, NULL, NULL, NULL),
(149, 19, 'DETAILVIEWSIDEBARWIDGET', 'Pdf', 'module=OSSPdf&view=ExportPDFRecords&fromdetailview=true', '', 0, NULL, NULL, NULL, NULL),
(150, 19, 'LISTVIEWSIDEBARWIDGET', 'Pdf', 'module=OSSPdf&view=ListViewExportPDFRecords&usingmodule=PriceBooks', '', 0, NULL, NULL, NULL, NULL),
(152, 20, 'DETAILVIEWSIDEBARWIDGET', 'Pdf', 'module=OSSPdf&view=ExportPDFRecords&fromdetailview=true', '', 0, NULL, NULL, NULL, NULL),
(153, 20, 'LISTVIEWSIDEBARWIDGET', 'Pdf', 'module=OSSPdf&view=ListViewExportPDFRecords&usingmodule=Quotes', '', 0, NULL, NULL, NULL, NULL),
(155, 21, 'DETAILVIEWSIDEBARWIDGET', 'Pdf', 'module=OSSPdf&view=ExportPDFRecords&fromdetailview=true', '', 0, NULL, NULL, NULL, NULL),
(156, 21, 'LISTVIEWSIDEBARWIDGET', 'Pdf', 'module=OSSPdf&view=ListViewExportPDFRecords&usingmodule=PurchaseOrder', '', 0, NULL, NULL, NULL, NULL),
(158, 22, 'DETAILVIEWSIDEBARWIDGET', 'Pdf', 'module=OSSPdf&view=ExportPDFRecords&fromdetailview=true', '', 0, NULL, NULL, NULL, NULL),
(159, 22, 'LISTVIEWSIDEBARWIDGET', 'Pdf', 'module=OSSPdf&view=ListViewExportPDFRecords&usingmodule=SalesOrder', '', 0, NULL, NULL, NULL, NULL),
(161, 23, 'DETAILVIEWSIDEBARWIDGET', 'Pdf', 'module=OSSPdf&view=ExportPDFRecords&fromdetailview=true', '', 0, NULL, NULL, NULL, NULL),
(162, 23, 'LISTVIEWSIDEBARWIDGET', 'Pdf', 'module=OSSPdf&view=ListViewExportPDFRecords&usingmodule=Invoice', '', 0, NULL, NULL, NULL, NULL),
(164, 26, 'DETAILVIEWSIDEBARWIDGET', 'Pdf', 'module=OSSPdf&view=ExportPDFRecords&fromdetailview=true', '', 0, NULL, NULL, NULL, NULL),
(165, 26, 'LISTVIEWSIDEBARWIDGET', 'Pdf', 'module=OSSPdf&view=ListViewExportPDFRecords&usingmodule=Campaigns', '', 0, NULL, NULL, NULL, NULL),
(167, 34, 'DETAILVIEWSIDEBARWIDGET', 'Pdf', 'module=OSSPdf&view=ExportPDFRecords&fromdetailview=true', '', 0, NULL, NULL, NULL, NULL),
(168, 34, 'LISTVIEWSIDEBARWIDGET', 'Pdf', 'module=OSSPdf&view=ListViewExportPDFRecords&usingmodule=ServiceContracts', '', 0, NULL, NULL, NULL, NULL),
(170, 35, 'DETAILVIEWSIDEBARWIDGET', 'Pdf', 'module=OSSPdf&view=ExportPDFRecords&fromdetailview=true', '', 0, NULL, NULL, NULL, NULL),
(171, 35, 'LISTVIEWSIDEBARWIDGET', 'Pdf', 'module=OSSPdf&view=ListViewExportPDFRecords&usingmodule=Services', '', 0, NULL, NULL, NULL, NULL),
(173, 37, 'DETAILVIEWSIDEBARWIDGET', 'Pdf', 'module=OSSPdf&view=ExportPDFRecords&fromdetailview=true', '', 0, NULL, NULL, NULL, NULL),
(174, 37, 'LISTVIEWSIDEBARWIDGET', 'Pdf', 'module=OSSPdf&view=ListViewExportPDFRecords&usingmodule=Assets', '', 0, NULL, NULL, NULL, NULL),
(176, 41, 'DETAILVIEWSIDEBARWIDGET', 'Pdf', 'module=OSSPdf&view=ExportPDFRecords&fromdetailview=true', '', 0, NULL, NULL, NULL, NULL),
(177, 41, 'LISTVIEWSIDEBARWIDGET', 'Pdf', 'module=OSSPdf&view=ListViewExportPDFRecords&usingmodule=ProjectMilestone', '', 0, NULL, NULL, NULL, NULL),
(179, 42, 'DETAILVIEWSIDEBARWIDGET', 'Pdf', 'module=OSSPdf&view=ExportPDFRecords&fromdetailview=true', '', 0, NULL, NULL, NULL, NULL),
(180, 42, 'LISTVIEWSIDEBARWIDGET', 'Pdf', 'module=OSSPdf&view=ListViewExportPDFRecords&usingmodule=ProjectTask', '', 0, NULL, NULL, NULL, NULL),
(182, 43, 'DETAILVIEWSIDEBARWIDGET', 'Pdf', 'module=OSSPdf&view=ExportPDFRecords&fromdetailview=true', '', 0, NULL, NULL, NULL, NULL),
(183, 43, 'LISTVIEWSIDEBARWIDGET', 'Pdf', 'module=OSSPdf&view=ListViewExportPDFRecords&usingmodule=Project', '', 0, NULL, NULL, NULL, NULL),
(184, 47, 'HEADERSCRIPT', 'PDFUtils', 'layouts/vlayout/modules/OSSPdf/resources/PDFUtils.js', '', 0, NULL, NULL, NULL, NULL),
(185, 48, 'HEADERSCRIPT', 'OSSMailJS', 'layouts/vlayout/modules/OSSMail/resources/Global.js', '', 0, NULL, NULL, NULL, NULL),
(186, 51, 'DETAILVIEWWIDGET', 'DetailViewBlockCommentWidget', 'block://ModComments:modules/ModComments/ModComments.php', '', 0, NULL, NULL, NULL, NULL),
(188, 54, 'DASHBOARDWIDGET', 'Graf', 'index.php?module=OSSMailView&view=ShowWidget&name=Graf', '', 1, NULL, NULL, NULL, NULL),
(189, 54, 'DETAILVIEWBASIC', 'View History', 'javascript:ModTrackerCommon.showhistory(''$RECORD$'')', '', 0, 'modules/ModTracker/ModTracker.php', 'ModTracker', 'isViewPermitted', NULL),
(191, 43, 'LISTVIEWSIDEBARWIDGET', 'LBL_GENERATE_FROM_TEMPLATE', 'module=OSSProjectTemplates&view=GenerateProject', '', 0, NULL, NULL, NULL, NULL),
(192, 59, 'DETAILVIEWBASIC', 'View History', 'javascript:ModTrackerCommon.showhistory(''$RECORD$'')', '', 1, NULL, NULL, NULL, NULL),
(193, 60, 'DETAILVIEWBASIC', 'View History', 'javascript:ModTrackerCommon.showhistory(''$RECORD$'')', '', 0, 'modules/ModTracker/ModTracker.php', 'ModTracker', 'isViewPermitted', NULL),
(194, 61, 'DETAILVIEWBASIC', 'LBL_SHOW_EMPLOYEES_HIERARCHY', 'index.php?module=OSSEmployees&action=EmployeeHierarchy&ossemployeesid=$RECORD$', '', 0, NULL, NULL, NULL, NULL),
(195, 61, 'DETAILVIEWWIDGET', 'DetailViewBlockCommentWidget', 'block://ModComments:modules/ModComments/ModComments.php', '', 0, NULL, NULL, NULL, NULL),
(196, 70, 'DETAILVIEWBASIC', 'View History', 'javascript:ModTrackerCommon.showhistory(''$RECORD$'')', '', 0, NULL, NULL, NULL, NULL),
(197, 71, 'DETAILVIEWBASIC', 'View History', 'javascript:ModTrackerCommon.showhistory(''$RECORD$'')', '', 0, NULL, NULL, NULL, NULL),
(198, 48, 'HEADERSCRIPT', 'OSSMailJScheckmails', 'layouts/vlayout/modules/OSSMail/resources/checkmails.js', NULL, 0, NULL, NULL, NULL, NULL),
(199, 3, 'DASHBOARDWIDGET', 'Mails List', 'index.php?module=Home&view=ShowWidget&name=MailsList', '', NULL, NULL, NULL, NULL, NULL),
(200, 72, 'HEADERSCRIPT', 'Chat', 'layouts/vlayout/modules/AJAXChat/Chat.js', NULL, 0, NULL, NULL, NULL, NULL),
(201, 3, 'DASHBOARDWIDGET', 'Delagated Events/To Dos', 'index.php?module=Home&view=ShowWidget&name=AssignedUpcomingCalendarTasks', '', NULL, NULL, NULL, NULL, NULL),
(202, 3, 'DASHBOARDWIDGET', 'Delegated (overdue) Events/ToDos', 'index.php?module=Home&view=ShowWidget&name=AssignedOverdueCalendarTasks', '', NULL, NULL, NULL, NULL, NULL),
(203, 3, 'DASHBOARDWIDGET', 'Delegated project tasks', 'index.php?module=Home&view=ShowWidget&name=AssignedUpcomingProjectsTasks', NULL, NULL, NULL, NULL, NULL, NULL),
(204, 3, 'DASHBOARDWIDGET', 'Delegated (overdue) project tasks', 'index.php?module=Home&view=ShowWidget&name=AssignedOverdueProjectsTasks', NULL, NULL, NULL, NULL, NULL, NULL),
(205, 7, 'DASHBOARDWIDGET', 'Leads by Status Converted', 'index.php?module=Leads&view=ShowWidget&name=LeadsByStatusConverted', NULL, 8, NULL, NULL, NULL, NULL),
(206, 3, 'DASHBOARDWIDGET', 'Leads by Status Converted', 'index.php?module=Leads&view=ShowWidget&name=LeadsByStatusConverted', NULL, 24, NULL, NULL, NULL, NULL),
(207, 2, 'DASHBOARDWIDGET', 'KPI', 'index.php?module=Potentials&view=ShowWidget&name=Kpi', NULL, 11, NULL, NULL, NULL, NULL);

-- --------------------------------------------------------

--
-- Table structure for table `vtiger_links_seq`
--

CREATE TABLE IF NOT EXISTS `vtiger_links_seq` (
  `id` int(11) NOT NULL
) ENGINE=InnoDB DEFAULT CHARSET=utf8;

--
-- Dumping data for table `vtiger_links_seq`
--

INSERT INTO `vtiger_links_seq` (`id`) VALUES
(207);

-- --------------------------------------------------------

--
-- Table structure for table `vtiger_loginhistory`
--

CREATE TABLE IF NOT EXISTS `vtiger_loginhistory` (
  `login_id` int(11) NOT NULL AUTO_INCREMENT,
  `user_name` varchar(255) DEFAULT NULL,
  `user_ip` varchar(25) NOT NULL,
  `logout_time` timestamp NOT NULL DEFAULT CURRENT_TIMESTAMP ON UPDATE CURRENT_TIMESTAMP,
  `login_time` timestamp NOT NULL DEFAULT '0000-00-00 00:00:00',
  `status` varchar(25) DEFAULT NULL,
  `browser` varchar(25) DEFAULT NULL,
  `unblock` tinyint(1) DEFAULT '0',
  PRIMARY KEY (`login_id`),
  KEY `user_name` (`user_name`)
) ENGINE=InnoDB  DEFAULT CHARSET=utf8 AUTO_INCREMENT=3 ;

--
-- Dumping data for table `vtiger_loginhistory`
--

INSERT INTO `vtiger_loginhistory` (`login_id`, `user_name`, `user_ip`, `logout_time`, `login_time`, `status`, `browser`, `unblock`) VALUES
(2, 'admin', '10.1.10.131', '0000-00-00 00:00:00', '2015-01-12 04:44:31', 'Signed in', '-', 0);

-- --------------------------------------------------------

--
-- Table structure for table `vtiger_mail_accounts`
--

CREATE TABLE IF NOT EXISTS `vtiger_mail_accounts` (
  `account_id` int(11) NOT NULL,
  `user_id` int(11) NOT NULL,
  `display_name` varchar(50) DEFAULT NULL,
  `mail_id` varchar(50) DEFAULT NULL,
  `account_name` varchar(50) DEFAULT NULL,
  `mail_protocol` varchar(20) DEFAULT NULL,
  `mail_username` varchar(50) NOT NULL,
  `mail_password` varchar(250) NOT NULL,
  `mail_servername` varchar(50) DEFAULT NULL,
  `box_refresh` int(10) DEFAULT NULL,
  `mails_per_page` int(10) DEFAULT NULL,
  `ssltype` varchar(50) DEFAULT NULL,
  `sslmeth` varchar(50) DEFAULT NULL,
  `int_mailer` int(1) DEFAULT '0',
  `status` varchar(10) DEFAULT NULL,
  `set_default` int(2) DEFAULT NULL,
  `sent_folder` varchar(50) DEFAULT NULL,
  PRIMARY KEY (`account_id`)
) ENGINE=InnoDB DEFAULT CHARSET=utf8;

-- --------------------------------------------------------

--
-- Table structure for table `vtiger_manufacturer`
--

CREATE TABLE IF NOT EXISTS `vtiger_manufacturer` (
  `manufacturerid` int(19) NOT NULL AUTO_INCREMENT,
  `manufacturer` varchar(200) NOT NULL,
  `presence` int(1) NOT NULL DEFAULT '1',
  `picklist_valueid` int(19) NOT NULL DEFAULT '0',
  `sortorderid` int(11) DEFAULT NULL,
  PRIMARY KEY (`manufacturerid`),
  UNIQUE KEY `manufacturer_manufacturer_idx` (`manufacturer`)
) ENGINE=InnoDB  DEFAULT CHARSET=utf8 AUTO_INCREMENT=5 ;

--
-- Dumping data for table `vtiger_manufacturer`
--

INSERT INTO `vtiger_manufacturer` (`manufacturerid`, `manufacturer`, `presence`, `picklist_valueid`, `sortorderid`) VALUES
(2, 'AltvetPet Inc.', 1, 124, 1),
(3, 'LexPon Inc.', 1, 125, 2),
(4, 'MetBeat Corp', 1, 126, 3);

-- --------------------------------------------------------

--
-- Table structure for table `vtiger_manufacturer_seq`
--

CREATE TABLE IF NOT EXISTS `vtiger_manufacturer_seq` (
  `id` int(11) NOT NULL
) ENGINE=InnoDB DEFAULT CHARSET=utf8;

--
-- Dumping data for table `vtiger_manufacturer_seq`
--

INSERT INTO `vtiger_manufacturer_seq` (`id`) VALUES
(4);

-- --------------------------------------------------------

--
-- Table structure for table `vtiger_max_search_result`
--

CREATE TABLE IF NOT EXISTS `vtiger_max_search_result` (
  `value` int(19) DEFAULT NULL
) ENGINE=InnoDB DEFAULT CHARSET=utf8;

--
-- Dumping data for table `vtiger_max_search_result`
--

INSERT INTO `vtiger_max_search_result` (`value`) VALUES
(100);

-- --------------------------------------------------------

--
-- Table structure for table `vtiger_mobile_alerts`
--

CREATE TABLE IF NOT EXISTS `vtiger_mobile_alerts` (
  `id` int(11) NOT NULL AUTO_INCREMENT,
  `handler_path` varchar(500) DEFAULT NULL,
  `handler_class` varchar(50) DEFAULT NULL,
  `sequence` int(11) DEFAULT NULL,
  `deleted` int(11) NOT NULL DEFAULT '0',
  PRIMARY KEY (`id`)
) ENGINE=InnoDB  DEFAULT CHARSET=utf8 AUTO_INCREMENT=8 ;

--
-- Dumping data for table `vtiger_mobile_alerts`
--

INSERT INTO `vtiger_mobile_alerts` (`id`, `handler_path`, `handler_class`, `sequence`, `deleted`) VALUES
(1, 'modules/Mobile/api/ws/models/alerts/IdleTicketsOfMine.php', 'Mobile_WS_AlertModel_IdleTicketsOfMine', NULL, 0),
(2, 'modules/Mobile/api/ws/models/alerts/NewTicketOfMine.php', 'Mobile_WS_AlertModel_NewTicketOfMine', NULL, 0),
(3, 'modules/Mobile/api/ws/models/alerts/PendingTicketsOfMine.php', 'Mobile_WS_AlertModel_PendingTicketsOfMine', NULL, 0),
(4, 'modules/Mobile/api/ws/models/alerts/PotentialsDueIn5Days.php', 'Mobile_WS_AlertModel_PotentialsDueIn5Days', NULL, 0),
(5, 'modules/Mobile/api/ws/models/alerts/EventsOfMineToday.php', 'Mobile_WS_AlertModel_EventsOfMineToday', NULL, 0),
(6, 'modules/Mobile/api/ws/models/alerts/ProjectTasksOfMine.php', 'Mobile_WS_AlertModel_ProjectTasksOfMine', NULL, 0),
(7, 'modules/Mobile/api/ws/models/alerts/Projects.php', 'Mobile_WS_AlertModel_Projects', NULL, 0);

-- --------------------------------------------------------

--
-- Table structure for table `vtiger_modcomments`
--

CREATE TABLE IF NOT EXISTS `vtiger_modcomments` (
  `modcommentsid` int(19) NOT NULL,
  `commentcontent` text,
  `related_to` int(19) DEFAULT NULL,
  `parent_comments` int(19) DEFAULT NULL,
  `customer` varchar(100) DEFAULT NULL,
  `userid` int(19) DEFAULT NULL,
  `reasontoedit` varchar(100) DEFAULT NULL,
  PRIMARY KEY (`modcommentsid`),
  KEY `relatedto_idx` (`related_to`),
  KEY `modcommentsid` (`modcommentsid`),
  KEY `parent_comments` (`parent_comments`),
  KEY `userid` (`userid`),
  KEY `related_to` (`related_to`,`parent_comments`)
) ENGINE=InnoDB DEFAULT CHARSET=utf8;

-- --------------------------------------------------------

--
-- Table structure for table `vtiger_modcommentscf`
--

CREATE TABLE IF NOT EXISTS `vtiger_modcommentscf` (
  `modcommentsid` int(11) NOT NULL,
  PRIMARY KEY (`modcommentsid`)
) ENGINE=InnoDB DEFAULT CHARSET=utf8;

-- --------------------------------------------------------

--
-- Table structure for table `vtiger_modentity_num`
--

CREATE TABLE IF NOT EXISTS `vtiger_modentity_num` (
  `num_id` int(19) NOT NULL,
  `semodule` varchar(50) NOT NULL,
  `prefix` varchar(50) NOT NULL DEFAULT '',
  `start_id` varchar(50) NOT NULL,
  `cur_id` varchar(50) NOT NULL,
  `active` varchar(2) NOT NULL,
  PRIMARY KEY (`num_id`),
  UNIQUE KEY `num_idx` (`num_id`),
  KEY `semodule_active_idx` (`semodule`,`active`)
) ENGINE=InnoDB DEFAULT CHARSET=utf8;

--
-- Dumping data for table `vtiger_modentity_num`
--

INSERT INTO `vtiger_modentity_num` (`num_id`, `semodule`, `prefix`, `start_id`, `cur_id`, `active`) VALUES
(1, 'Leads', 'L', '1', '1', '1'),
(2, 'Accounts', 'O', '1', '1', '1'),
(3, 'Campaigns', 'CAM', '1', '1', '1'),
(4, 'Contacts', 'C', '1', '1', '1'),
(5, 'Potentials', 'SS', '1', '1', '1'),
(6, 'HelpDesk', 'H', '1', '1', '1'),
(7, 'Quotes', 'Q', '1', '1', '1'),
(8, 'SalesOrder', 'SO', '1', '1', '1'),
(9, 'PurchaseOrder', 'PO', '1', '1', '1'),
(10, 'Invoice', 'FV', '1', '1', '1'),
(11, 'Products', 'PRO', '1', '1', '1'),
(12, 'Vendors', 'V', '1', '1', '1'),
(13, 'PriceBooks', 'PB', '1', '1', '1'),
(14, 'Faq', 'FAQ', '1', '1', '1'),
(15, 'Documents', 'DOC', '1', '1', '1'),
(16, 'ServiceContracts', 'U', '1', '1', '1'),
(17, 'Services', 'SER', '1', '1', '1'),
(18, 'Assets', 'A', '1', '1', '1'),
(19, 'ProjectMilestone', 'PM', '1', '1', '1'),
(20, 'ProjectTask', 'PT', '1', '1', '1'),
(21, 'Project', 'PROJ', '1', '1', '1'),
(22, 'OSSPdf', '', '1', '6', '1'),
(23, 'OSSTimeControl', 'TC', '1', '1', '1'),
(24, 'OSSMailView', 'M_', '1', '1', '1'),
(25, 'OSSOutsourcedServices', 'UO', '1', '1', '1'),
(26, 'OSSSoldServices', 'US', '1', '1', '1'),
(27, 'OutsourcedProducts', 'UP', '1', '1', '1'),
(28, 'OSSPasswords', 'PASS', '1', '1', '1'),
(29, 'OSSEmployees', 'P', '1', '1', '1'),
(38, 'Calculations', '', '1', '1', '1'),
(39, 'OSSCosts', 'K', '1', '1', '1');

-- --------------------------------------------------------

--
-- Table structure for table `vtiger_modentity_num_seq`
--

CREATE TABLE IF NOT EXISTS `vtiger_modentity_num_seq` (
  `id` int(11) NOT NULL
) ENGINE=InnoDB DEFAULT CHARSET=utf8;

--
-- Dumping data for table `vtiger_modentity_num_seq`
--

INSERT INTO `vtiger_modentity_num_seq` (`id`) VALUES
(39);

-- --------------------------------------------------------

--
-- Table structure for table `vtiger_modtracker_basic`
--

CREATE TABLE IF NOT EXISTS `vtiger_modtracker_basic` (
  `id` int(20) NOT NULL,
  `crmid` int(20) DEFAULT NULL,
  `module` varchar(50) DEFAULT NULL,
  `whodid` int(20) DEFAULT NULL,
  `changedon` datetime DEFAULT NULL,
  `status` int(1) DEFAULT '0',
  PRIMARY KEY (`id`),
  KEY `crmidx` (`crmid`),
  KEY `idx` (`id`),
  KEY `id` (`id`,`module`,`changedon`),
  KEY `crmid` (`crmid`,`changedon`)
) ENGINE=InnoDB DEFAULT CHARSET=utf8;

-- --------------------------------------------------------

--
-- Table structure for table `vtiger_modtracker_basic_seq`
--

CREATE TABLE IF NOT EXISTS `vtiger_modtracker_basic_seq` (
  `id` int(11) NOT NULL
) ENGINE=InnoDB DEFAULT CHARSET=utf8;

--
-- Dumping data for table `vtiger_modtracker_basic_seq`
--

INSERT INTO `vtiger_modtracker_basic_seq` (`id`) VALUES
(0);

-- --------------------------------------------------------

--
-- Table structure for table `vtiger_modtracker_detail`
--

CREATE TABLE IF NOT EXISTS `vtiger_modtracker_detail` (
  `id` int(11) DEFAULT NULL,
  `fieldname` varchar(100) DEFAULT NULL,
  `prevalue` text,
  `postvalue` text,
  KEY `idx` (`id`)
) ENGINE=InnoDB DEFAULT CHARSET=utf8;

-- --------------------------------------------------------

--
-- Table structure for table `vtiger_modtracker_relations`
--

CREATE TABLE IF NOT EXISTS `vtiger_modtracker_relations` (
  `id` int(19) NOT NULL,
  `targetmodule` varchar(100) NOT NULL,
  `targetid` int(19) NOT NULL,
  `changedon` datetime DEFAULT NULL,
  PRIMARY KEY (`id`)
) ENGINE=InnoDB DEFAULT CHARSET=utf8;

-- --------------------------------------------------------

--
-- Table structure for table `vtiger_modtracker_tabs`
--

CREATE TABLE IF NOT EXISTS `vtiger_modtracker_tabs` (
  `tabid` int(11) NOT NULL,
  `visible` int(11) DEFAULT '0',
  PRIMARY KEY (`tabid`)
) ENGINE=InnoDB DEFAULT CHARSET=utf8;

--
-- Dumping data for table `vtiger_modtracker_tabs`
--

INSERT INTO `vtiger_modtracker_tabs` (`tabid`, `visible`) VALUES
(2, 1),
(4, 1),
(6, 1),
(7, 1),
(8, 1),
(9, 1),
(10, 1),
(13, 1),
(14, 1),
(15, 1),
(16, 1),
(18, 1),
(19, 1),
(20, 1),
(21, 1),
(22, 1),
(23, 1),
(26, 1),
(28, 1),
(33, 1),
(34, 1),
(35, 1),
(37, 1),
(40, 1),
(41, 1),
(42, 1),
(43, 1),
(45, 1),
(54, 1),
(60, 1);

-- --------------------------------------------------------

--
-- Table structure for table `vtiger_module_dashboard_widgets`
--

CREATE TABLE IF NOT EXISTS `vtiger_module_dashboard_widgets` (
  `id` int(19) NOT NULL AUTO_INCREMENT,
  `linkid` int(19) DEFAULT NULL,
  `userid` int(19) DEFAULT NULL,
  `filterid` int(19) DEFAULT NULL,
  `title` varchar(100) DEFAULT NULL,
  `data` text,
  `position` varchar(50) DEFAULT NULL,
  `isdefault` int(1) DEFAULT '0',
  PRIMARY KEY (`id`)
) ENGINE=InnoDB  DEFAULT CHARSET=utf8 AUTO_INCREMENT=20 ;

--
-- Dumping data for table `vtiger_module_dashboard_widgets`
--

INSERT INTO `vtiger_module_dashboard_widgets` (`id`, `linkid`, `userid`, `filterid`, `title`, `data`, `position`, `isdefault`) VALUES
(1, 59, 1, NULL, NULL, 'null', '{"row":"1","col":"1"}', 0),
(6, 51, 1, NULL, NULL, 'null', NULL, 0),
(9, 55, 1, NULL, NULL, 'null', NULL, 0),
(10, 54, 1, NULL, NULL, 'null', NULL, 0),
(12, 52, 1, NULL, NULL, 'null', NULL, 0),
(13, 53, 1, NULL, NULL, 'null', NULL, 0),
(14, 60, 1, NULL, NULL, 'null', NULL, 0),
(15, 69, 1, NULL, NULL, 'null', NULL, 0),
(16, 64, 1, NULL, NULL, NULL, NULL, 0),
(17, 66, 1, NULL, NULL, NULL, NULL, 0);

-- --------------------------------------------------------

--
-- Table structure for table `vtiger_name`
--

CREATE TABLE IF NOT EXISTS `vtiger_name` (
  `nameid` int(11) NOT NULL AUTO_INCREMENT,
  `name` varchar(200) NOT NULL,
  `sortorderid` int(11) DEFAULT NULL,
  `presence` int(11) NOT NULL DEFAULT '1',
  PRIMARY KEY (`nameid`)
) ENGINE=InnoDB  DEFAULT CHARSET=utf8 AUTO_INCREMENT=20 ;

--
-- Dumping data for table `vtiger_name`
--

INSERT INTO `vtiger_name` (`nameid`, `name`, `sortorderid`, `presence`) VALUES
(1, 'Telephone contact', 1, 1),
(2, 'Email contact', 2, 1),
(3, 'Data verification', 3, 1),
(4, 'Information completing', 4, 1),
(5, 'Company presentation', 5, 1),
(6, 'Product/service presentation', 6, 1),
(7, 'Calculations preparation', 7, 1),
(8, 'Quote preparation', 8, 1),
(9, 'Order/Service preparation', 9, 1),
(10, 'Project preparation', 10, 1),
(11, 'Task realization', 11, 1),
(12, 'Event realization', 12, 1),
(13, 'Support', 13, 1),
(14, 'Document Verification', 14, 1),
(15, 'Visits at Organizations', 15, 1),
(16, 'Trips to Organizations', 16, 1),
(17, 'Office work', 17, 1),
(18, 'Administrative work', 18, 1),
(19, 'Accounting work', 19, 1);

-- --------------------------------------------------------

--
-- Table structure for table `vtiger_name_seq`
--

CREATE TABLE IF NOT EXISTS `vtiger_name_seq` (
  `id` int(11) NOT NULL
) ENGINE=InnoDB DEFAULT CHARSET=utf8;

--
-- Dumping data for table `vtiger_name_seq`
--

INSERT INTO `vtiger_name_seq` (`id`) VALUES
(19);

-- --------------------------------------------------------

--
-- Table structure for table `vtiger_notebook_contents`
--

CREATE TABLE IF NOT EXISTS `vtiger_notebook_contents` (
  `userid` int(19) NOT NULL,
  `notebookid` int(19) NOT NULL,
  `contents` text
) ENGINE=InnoDB DEFAULT CHARSET=utf8;

-- --------------------------------------------------------

--
-- Table structure for table `vtiger_notes`
--

CREATE TABLE IF NOT EXISTS `vtiger_notes` (
  `notesid` int(19) NOT NULL DEFAULT '0',
  `note_no` varchar(100) NOT NULL,
  `title` varchar(50) NOT NULL,
  `filename` varchar(200) DEFAULT NULL,
  `notecontent` text,
  `folderid` int(19) NOT NULL DEFAULT '1',
  `filetype` varchar(50) DEFAULT NULL,
  `filelocationtype` varchar(5) DEFAULT NULL,
  `filedownloadcount` int(19) DEFAULT NULL,
  `filestatus` int(19) DEFAULT NULL,
  `filesize` int(19) NOT NULL DEFAULT '0',
  `fileversion` varchar(50) DEFAULT NULL,
  `ossdc_status` varchar(255) DEFAULT NULL,
  PRIMARY KEY (`notesid`),
  KEY `notes_title_idx` (`title`),
  KEY `notes_notesid_idx` (`notesid`)
) ENGINE=InnoDB DEFAULT CHARSET=utf8;

-- --------------------------------------------------------

--
-- Table structure for table `vtiger_notescf`
--

CREATE TABLE IF NOT EXISTS `vtiger_notescf` (
  `notesid` int(19) NOT NULL DEFAULT '0',
  PRIMARY KEY (`notesid`)
) ENGINE=InnoDB DEFAULT CHARSET=utf8;

-- --------------------------------------------------------

--
-- Table structure for table `vtiger_no_of_currency_decimals`
--

CREATE TABLE IF NOT EXISTS `vtiger_no_of_currency_decimals` (
  `no_of_currency_decimalsid` int(11) NOT NULL AUTO_INCREMENT,
  `no_of_currency_decimals` varchar(200) NOT NULL,
  `sortorderid` int(11) DEFAULT NULL,
  `presence` int(11) NOT NULL DEFAULT '1',
  PRIMARY KEY (`no_of_currency_decimalsid`)
) ENGINE=InnoDB  DEFAULT CHARSET=utf8 AUTO_INCREMENT=6 ;

--
-- Dumping data for table `vtiger_no_of_currency_decimals`
--

INSERT INTO `vtiger_no_of_currency_decimals` (`no_of_currency_decimalsid`, `no_of_currency_decimals`, `sortorderid`, `presence`) VALUES
(2, '2', 2, 1),
(3, '3', 3, 1),
(4, '4', 4, 1),
(5, '5', 5, 1);

-- --------------------------------------------------------

--
-- Table structure for table `vtiger_no_of_currency_decimals_seq`
--

CREATE TABLE IF NOT EXISTS `vtiger_no_of_currency_decimals_seq` (
  `id` int(11) NOT NULL
) ENGINE=InnoDB DEFAULT CHARSET=utf8;

--
-- Dumping data for table `vtiger_no_of_currency_decimals_seq`
--

INSERT INTO `vtiger_no_of_currency_decimals_seq` (`id`) VALUES
(5);

-- --------------------------------------------------------

--
-- Table structure for table `vtiger_opportunitystage`
--

CREATE TABLE IF NOT EXISTS `vtiger_opportunitystage` (
  `potstageid` int(19) NOT NULL AUTO_INCREMENT,
  `stage` varchar(200) NOT NULL,
  `sortorderid` int(19) NOT NULL DEFAULT '0',
  `presence` int(1) NOT NULL DEFAULT '1',
  `probability` decimal(3,2) DEFAULT '0.00',
  PRIMARY KEY (`potstageid`),
  UNIQUE KEY `opportunitystage_stage_idx` (`stage`)
) ENGINE=InnoDB DEFAULT CHARSET=utf8 AUTO_INCREMENT=1 ;

-- --------------------------------------------------------

--
-- Table structure for table `vtiger_opportunity_type`
--

CREATE TABLE IF NOT EXISTS `vtiger_opportunity_type` (
  `opptypeid` int(19) NOT NULL AUTO_INCREMENT,
  `opportunity_type` varchar(200) NOT NULL,
  `presence` int(1) NOT NULL DEFAULT '1',
  `picklist_valueid` int(19) NOT NULL DEFAULT '0',
  `sortorderid` int(11) DEFAULT NULL,
  PRIMARY KEY (`opptypeid`),
  UNIQUE KEY `opportunity_type_opportunity_type_idx` (`opportunity_type`)
) ENGINE=InnoDB  DEFAULT CHARSET=utf8 AUTO_INCREMENT=4 ;

--
-- Dumping data for table `vtiger_opportunity_type`
--

INSERT INTO `vtiger_opportunity_type` (`opptypeid`, `opportunity_type`, `presence`, `picklist_valueid`, `sortorderid`) VALUES
(2, 'Existing Business', 1, 128, 1),
(3, 'New Business', 1, 129, 2);

-- --------------------------------------------------------

--
-- Table structure for table `vtiger_opportunity_type_seq`
--

CREATE TABLE IF NOT EXISTS `vtiger_opportunity_type_seq` (
  `id` int(11) NOT NULL
) ENGINE=InnoDB DEFAULT CHARSET=utf8;

--
-- Dumping data for table `vtiger_opportunity_type_seq`
--

INSERT INTO `vtiger_opportunity_type_seq` (`id`) VALUES
(3);

-- --------------------------------------------------------

--
-- Table structure for table `vtiger_oproductstatus`
--

CREATE TABLE IF NOT EXISTS `vtiger_oproductstatus` (
  `oproductstatusid` int(11) NOT NULL AUTO_INCREMENT,
  `oproductstatus` varchar(200) NOT NULL,
  `presence` int(1) NOT NULL DEFAULT '1',
  `picklist_valueid` int(11) NOT NULL DEFAULT '0',
  `sortorderid` int(11) DEFAULT '0',
  PRIMARY KEY (`oproductstatusid`)
) ENGINE=InnoDB  DEFAULT CHARSET=utf8 AUTO_INCREMENT=4 ;

--
-- Dumping data for table `vtiger_oproductstatus`
--

INSERT INTO `vtiger_oproductstatus` (`oproductstatusid`, `oproductstatus`, `presence`, `picklist_valueid`, `sortorderid`) VALUES
(1, 'Active', 1, 419, 1),
(2, 'Inactive', 1, 420, 2);

-- --------------------------------------------------------

--
-- Table structure for table `vtiger_oproductstatus_seq`
--

CREATE TABLE IF NOT EXISTS `vtiger_oproductstatus_seq` (
  `id` int(11) NOT NULL
) ENGINE=InnoDB DEFAULT CHARSET=utf8;

--
-- Dumping data for table `vtiger_oproductstatus_seq`
--

INSERT INTO `vtiger_oproductstatus_seq` (`id`) VALUES
(3);

-- --------------------------------------------------------

--
-- Table structure for table `vtiger_organizationdetails`
--

CREATE TABLE IF NOT EXISTS `vtiger_organizationdetails` (
  `organization_id` int(11) NOT NULL,
  `organizationname` varchar(60) DEFAULT NULL,
  `address` varchar(150) DEFAULT NULL,
  `city` varchar(100) DEFAULT NULL,
  `state` varchar(100) DEFAULT NULL,
  `country` varchar(100) DEFAULT NULL,
  `code` varchar(30) DEFAULT NULL,
  `phone` varchar(30) DEFAULT NULL,
  `fax` varchar(30) DEFAULT NULL,
  `website` varchar(100) DEFAULT NULL,
  `logoname` varchar(50) DEFAULT NULL,
  `logo` text,
  `vatid` varchar(100) DEFAULT NULL,
  PRIMARY KEY (`organization_id`)
) ENGINE=InnoDB DEFAULT CHARSET=utf8;

--
-- Dumping data for table `vtiger_organizationdetails`
--

INSERT INTO `vtiger_organizationdetails` (`organization_id`, `organizationname`, `address`, `city`, `state`, `country`, `code`, `phone`, `fax`, `website`, `logoname`, `logo`, `vatid`) VALUES
(1, 'YetiForce', 'ul. Marszałkowska 111', 'Warszawa', 'Mazowieckie', 'Poland', '00-102', '+48 22 415 49 34', '', 'yetiforce.com', 'logo_yetiforce.png', NULL, 'PL5272638357');

-- --------------------------------------------------------

--
-- Table structure for table `vtiger_organizationdetails_seq`
--

CREATE TABLE IF NOT EXISTS `vtiger_organizationdetails_seq` (
  `id` int(11) NOT NULL
) ENGINE=InnoDB DEFAULT CHARSET=utf8;

--
-- Dumping data for table `vtiger_organizationdetails_seq`
--

INSERT INTO `vtiger_organizationdetails_seq` (`id`) VALUES
(1);

-- --------------------------------------------------------

--
-- Table structure for table `vtiger_org_share_action2tab`
--

CREATE TABLE IF NOT EXISTS `vtiger_org_share_action2tab` (
  `share_action_id` int(19) NOT NULL,
  `tabid` int(19) NOT NULL,
  PRIMARY KEY (`share_action_id`,`tabid`),
  KEY `fk_2_vtiger_org_share_action2tab` (`tabid`)
) ENGINE=InnoDB DEFAULT CHARSET=utf8;

--
-- Dumping data for table `vtiger_org_share_action2tab`
--

INSERT INTO `vtiger_org_share_action2tab` (`share_action_id`, `tabid`) VALUES
(0, 2),
(1, 2),
(2, 2),
(3, 2),
(0, 4),
(1, 4),
(2, 4),
(3, 4),
(0, 6),
(1, 6),
(2, 6),
(3, 6),
(0, 7),
(1, 7),
(2, 7),
(3, 7),
(0, 8),
(1, 8),
(2, 8),
(3, 8),
(0, 9),
(1, 9),
(2, 9),
(3, 9),
(0, 10),
(1, 10),
(2, 10),
(3, 10),
(0, 13),
(1, 13),
(2, 13),
(3, 13),
(0, 14),
(1, 14),
(2, 14),
(3, 14),
(0, 16),
(1, 16),
(2, 16),
(3, 16),
(0, 18),
(1, 18),
(2, 18),
(3, 18),
(0, 20),
(1, 20),
(2, 20),
(3, 20),
(0, 21),
(1, 21),
(2, 21),
(3, 21),
(0, 22),
(1, 22),
(2, 22),
(3, 22),
(0, 23),
(1, 23),
(2, 23),
(3, 23),
(0, 26),
(1, 26),
(2, 26),
(3, 26),
(0, 33),
(1, 33),
(2, 33),
(3, 33),
(0, 34),
(1, 34),
(2, 34),
(3, 34),
(0, 35),
(1, 35),
(2, 35),
(3, 35),
(0, 37),
(1, 37),
(2, 37),
(3, 37),
(0, 40),
(1, 40),
(2, 40),
(3, 40),
(0, 41),
(1, 41),
(2, 41),
(3, 41),
(0, 42),
(1, 42),
(2, 42),
(3, 42),
(0, 43),
(1, 43),
(2, 43),
(3, 43),
(0, 45),
(1, 45),
(2, 45),
(3, 45),
(0, 47),
(1, 47),
(2, 47),
(3, 47),
(0, 49),
(1, 49),
(2, 49),
(3, 49),
(0, 51),
(1, 51),
(2, 51),
(3, 51),
(0, 54),
(1, 54),
(2, 54),
(3, 54),
(0, 55),
(1, 55),
(2, 55),
(3, 55),
(0, 57),
(1, 57),
(2, 57),
(3, 57),
(0, 58),
(1, 58),
(2, 58),
(3, 58),
(0, 59),
(1, 59),
(2, 59),
(3, 59),
(0, 60),
(1, 60),
(2, 60),
(3, 60),
(0, 61),
(1, 61),
(2, 61),
(3, 61),
(0, 70),
(1, 70),
(2, 70),
(3, 70),
(0, 71),
(1, 71),
(2, 71),
(3, 71);

-- --------------------------------------------------------

--
-- Table structure for table `vtiger_org_share_action_mapping`
--

CREATE TABLE IF NOT EXISTS `vtiger_org_share_action_mapping` (
  `share_action_id` int(19) NOT NULL,
  `share_action_name` varchar(200) DEFAULT NULL,
  PRIMARY KEY (`share_action_id`)
) ENGINE=InnoDB DEFAULT CHARSET=utf8;

--
-- Dumping data for table `vtiger_org_share_action_mapping`
--

INSERT INTO `vtiger_org_share_action_mapping` (`share_action_id`, `share_action_name`) VALUES
(0, 'Public: Read Only'),
(1, 'Public: Read, Create/Edit'),
(2, 'Public: Read, Create/Edit, Delete'),
(3, 'Private'),
(4, 'Hide Details'),
(5, 'Hide Details and Add Events'),
(6, 'Show Details'),
(7, 'Show Details and Add Events');

-- --------------------------------------------------------

--
-- Table structure for table `vtiger_osscosts`
--

CREATE TABLE IF NOT EXISTS `vtiger_osscosts` (
  `osscostsid` int(19) NOT NULL,
  `osscosts_no` varchar(30) NOT NULL,
  `name` varchar(200) DEFAULT NULL,
  `parentid` int(19) DEFAULT NULL,
  `potentialid` int(19) DEFAULT NULL,
  `projectid` int(19) DEFAULT NULL,
  `ticketid` int(19) DEFAULT NULL,
  `relategid` int(19) DEFAULT NULL,
  `street` varchar(250) DEFAULT NULL,
  `code` varchar(40) DEFAULT NULL,
  `city` varchar(40) DEFAULT NULL,
  `country` varchar(40) DEFAULT NULL,
  `state` varchar(40) DEFAULT NULL,
  `total` decimal(25,8) DEFAULT NULL,
  `subtotal` decimal(25,8) DEFAULT NULL,
  `taxtype` varchar(25) DEFAULT NULL,
  `discount_percent` decimal(25,3) DEFAULT NULL,
  `discount_amount` decimal(25,8) DEFAULT NULL,
  `currency_id` int(19) NOT NULL DEFAULT '1',
  `conversion_rate` decimal(10,3) NOT NULL DEFAULT '1.000',
  `pre_tax_total` decimal(25,8) DEFAULT NULL,
  `total_purchase` decimal(13,2) DEFAULT NULL,
  `total_margin` decimal(13,2) DEFAULT NULL,
  `total_marginp` decimal(13,2) DEFAULT NULL,
  PRIMARY KEY (`osscostsid`),
  KEY `osscosts_parentid_idx` (`parentid`),
  KEY `osscosts_potentialid_idx` (`potentialid`),
  KEY `osscosts_projectid_idx` (`projectid`),
  KEY `osscosts_ticketid_idx` (`ticketid`),
  KEY `osscosts_relategid_idx` (`relategid`)
) ENGINE=InnoDB DEFAULT CHARSET=utf8;

-- --------------------------------------------------------

--
-- Table structure for table `vtiger_osscostscf`
--

CREATE TABLE IF NOT EXISTS `vtiger_osscostscf` (
  `osscostsid` int(19) NOT NULL,
  PRIMARY KEY (`osscostsid`)
) ENGINE=InnoDB DEFAULT CHARSET=utf8;

-- --------------------------------------------------------

--
-- Table structure for table `vtiger_osscosts_config`
--

CREATE TABLE IF NOT EXISTS `vtiger_osscosts_config` (
  `param` varchar(100) DEFAULT NULL,
  `value` varchar(100) NOT NULL DEFAULT '0'
) ENGINE=InnoDB DEFAULT CHARSET=utf8;

--
-- Dumping data for table `vtiger_osscosts_config`
--

INSERT INTO `vtiger_osscosts_config` (`param`, `value`) VALUES
('show_widgets_opportunities', '0'),
('show_widgets_helpdesk', '0'),
('show_widgets_project', '0'),
('restrict_opportunities', '0'),
('restrict_helpdesk', '0');

-- --------------------------------------------------------

--
-- Table structure for table `vtiger_ossdc_status`
--

CREATE TABLE IF NOT EXISTS `vtiger_ossdc_status` (
  `ossdc_statusid` int(11) NOT NULL AUTO_INCREMENT,
  `ossdc_status` varchar(200) NOT NULL,
  `presence` int(1) NOT NULL DEFAULT '1',
  `picklist_valueid` int(11) NOT NULL DEFAULT '0',
  `sortorderid` int(11) DEFAULT '0',
  PRIMARY KEY (`ossdc_statusid`)
) ENGINE=InnoDB  DEFAULT CHARSET=utf8 AUTO_INCREMENT=3 ;

--
-- Dumping data for table `vtiger_ossdc_status`
--

INSERT INTO `vtiger_ossdc_status` (`ossdc_statusid`, `ossdc_status`, `presence`, `picklist_valueid`, `sortorderid`) VALUES
(1, 'None', 1, 401, 1),
(2, 'Checked', 1, 402, 2);

-- --------------------------------------------------------

--
-- Table structure for table `vtiger_ossdc_status_seq`
--

CREATE TABLE IF NOT EXISTS `vtiger_ossdc_status_seq` (
  `id` int(11) NOT NULL
) ENGINE=InnoDB DEFAULT CHARSET=utf8;

--
-- Dumping data for table `vtiger_ossdc_status_seq`
--

INSERT INTO `vtiger_ossdc_status_seq` (`id`) VALUES
(2);

-- --------------------------------------------------------

--
-- Table structure for table `vtiger_ossdocumentcontrol`
--

CREATE TABLE IF NOT EXISTS `vtiger_ossdocumentcontrol` (
  `ossdocumentcontrolid` int(19) NOT NULL AUTO_INCREMENT,
  `module_name` varchar(255) DEFAULT NULL,
  `summary` varchar(255) NOT NULL,
  `doc_folder` int(19) NOT NULL,
  `doc_name` varchar(255) NOT NULL,
  `doc_request` tinyint(1) NOT NULL,
  `doc_order` int(19) NOT NULL,
  PRIMARY KEY (`ossdocumentcontrolid`),
  KEY `ossdocumentcontrolid` (`ossdocumentcontrolid`)
) ENGINE=InnoDB DEFAULT CHARSET=utf8 AUTO_INCREMENT=1 ;

-- --------------------------------------------------------

--
-- Table structure for table `vtiger_ossdocumentcontrol_cnd`
--

CREATE TABLE IF NOT EXISTS `vtiger_ossdocumentcontrol_cnd` (
  `ossdocumentcontrol_cndid` int(19) NOT NULL AUTO_INCREMENT,
  `ossdocumentcontrolid` int(19) NOT NULL,
  `fieldname` varchar(255) NOT NULL,
  `comparator` varchar(255) NOT NULL,
  `val` varchar(255) DEFAULT NULL,
  `required` tinyint(19) NOT NULL,
  `field_type` varchar(100) NOT NULL,
  PRIMARY KEY (`ossdocumentcontrol_cndid`)
) ENGINE=InnoDB DEFAULT CHARSET=utf8 AUTO_INCREMENT=1 ;

-- --------------------------------------------------------

--
-- Table structure for table `vtiger_ossemployees`
--

CREATE TABLE IF NOT EXISTS `vtiger_ossemployees` (
  `ossemployeesid` int(19) NOT NULL DEFAULT '0',
  `ossemployees_no` varchar(255) DEFAULT NULL,
  `parentid` int(19) DEFAULT '0',
  `employee_status` varchar(200) DEFAULT NULL,
  `name` varchar(200) DEFAULT NULL,
  `last_name` varchar(200) DEFAULT NULL,
  `pesel` varchar(20) DEFAULT NULL,
  `id_card` varchar(200) DEFAULT NULL,
  `employee_education` varchar(200) DEFAULT NULL,
  `birth_date` date DEFAULT NULL,
  `business_phone` varchar(20) DEFAULT NULL,
  `private_phone` varchar(25) DEFAULT NULL,
  `business_mail` varchar(200) DEFAULT NULL,
  `private_mail` varchar(200) DEFAULT NULL,
  `street` varchar(200) DEFAULT NULL,
  `code` varchar(200) DEFAULT NULL,
  `city` varchar(200) DEFAULT NULL,
  `state` varchar(200) DEFAULT NULL,
  `country` varchar(200) DEFAULT NULL,
  `ship_street` varchar(200) DEFAULT NULL,
  `ship_code` varchar(200) DEFAULT NULL,
  `ship_city` varchar(200) DEFAULT NULL,
  `ship_state` varchar(200) DEFAULT NULL,
  `ship_country` varchar(200) DEFAULT NULL,
  PRIMARY KEY (`ossemployeesid`)
) ENGINE=InnoDB DEFAULT CHARSET=utf8;

-- --------------------------------------------------------

--
-- Table structure for table `vtiger_ossemployeescf`
--

CREATE TABLE IF NOT EXISTS `vtiger_ossemployeescf` (
  `ossemployeesid` int(19) NOT NULL,
  PRIMARY KEY (`ossemployeesid`)
) ENGINE=InnoDB DEFAULT CHARSET=utf8;

-- --------------------------------------------------------

--
-- Table structure for table `vtiger_osservicesstatus`
--

CREATE TABLE IF NOT EXISTS `vtiger_osservicesstatus` (
  `osservicesstatusid` int(11) NOT NULL AUTO_INCREMENT,
  `osservicesstatus` varchar(200) NOT NULL,
  `presence` int(1) NOT NULL DEFAULT '1',
  `picklist_valueid` int(11) NOT NULL DEFAULT '0',
  `sortorderid` int(11) DEFAULT '0',
  PRIMARY KEY (`osservicesstatusid`)
) ENGINE=InnoDB  DEFAULT CHARSET=utf8 AUTO_INCREMENT=4 ;

--
-- Dumping data for table `vtiger_osservicesstatus`
--

INSERT INTO `vtiger_osservicesstatus` (`osservicesstatusid`, `osservicesstatus`, `presence`, `picklist_valueid`, `sortorderid`) VALUES
(1, 'Active', 1, 403, 1),
(2, 'Inactive', 1, 404, 2);

-- --------------------------------------------------------

--
-- Table structure for table `vtiger_osservicesstatus_seq`
--

CREATE TABLE IF NOT EXISTS `vtiger_osservicesstatus_seq` (
  `id` int(11) NOT NULL
) ENGINE=InnoDB DEFAULT CHARSET=utf8;

--
-- Dumping data for table `vtiger_osservicesstatus_seq`
--

INSERT INTO `vtiger_osservicesstatus_seq` (`id`) VALUES
(3);

-- --------------------------------------------------------

--
-- Table structure for table `vtiger_ossmailscanner_config`
--

CREATE TABLE IF NOT EXISTS `vtiger_ossmailscanner_config` (
  `conf_type` varchar(100) NOT NULL,
  `parameter` varchar(100) DEFAULT NULL,
  `value` text
) ENGINE=InnoDB DEFAULT CHARSET=utf8;

--
-- Dumping data for table `vtiger_ossmailscanner_config`
--

INSERT INTO `vtiger_ossmailscanner_config` (`conf_type`, `parameter`, `value`) VALUES
('email_list', 'autologon', 'true'),
('email_list', 'time_checking_mail', '30'),
('folders', 'Received', NULL),
('folders', 'Sent', NULL),
('folders', 'Spam', NULL),
('folders', 'Trash', NULL),
('folders', 'All', NULL),
('emailsearch', 'fields', NULL),
('cron', 'email', ''),
('cron', 'time', ''),
('emailsearch', 'change_ticket_status', 'false'),
('email_list', 'widget_limit', '10'),
('email_list', 'target', '_blank'),
('email_list', 'permissions', 'vtiger');

-- --------------------------------------------------------

--
-- Table structure for table `vtiger_ossmailscanner_folders_uid`
--

CREATE TABLE IF NOT EXISTS `vtiger_ossmailscanner_folders_uid` (
  `user_id` int(10) DEFAULT NULL,
  `type` varchar(50) DEFAULT NULL,
  `folder` varchar(100) DEFAULT NULL,
  `uid` int(19) DEFAULT '1'
) ENGINE=InnoDB DEFAULT CHARSET=utf8;

-- --------------------------------------------------------

--
-- Table structure for table `vtiger_ossmailscanner_log_cron`
--

CREATE TABLE IF NOT EXISTS `vtiger_ossmailscanner_log_cron` (
  `id` int(19) NOT NULL AUTO_INCREMENT,
  `created_time` timestamp NULL DEFAULT CURRENT_TIMESTAMP,
  `laststart` int(11) unsigned DEFAULT NULL,
  `status` varchar(50) DEFAULT NULL,
  PRIMARY KEY (`id`)
) ENGINE=InnoDB DEFAULT CHARSET=utf8 AUTO_INCREMENT=1 ;

-- --------------------------------------------------------

--
-- Table structure for table `vtiger_ossmails_logs`
--

CREATE TABLE IF NOT EXISTS `vtiger_ossmails_logs` (
  `id` int(19) NOT NULL AUTO_INCREMENT,
  `start_time` timestamp NOT NULL DEFAULT CURRENT_TIMESTAMP,
  `end_time` timestamp NULL DEFAULT NULL,
  `action` varchar(100) DEFAULT NULL,
  `status` tinyint(3) DEFAULT NULL,
  `user` varchar(100) DEFAULT NULL,
  `count` int(10) DEFAULT NULL,
  `stop_user` varchar(100) DEFAULT NULL,
  `info` varchar(100) DEFAULT NULL,
  PRIMARY KEY (`id`)
) ENGINE=InnoDB DEFAULT CHARSET=utf8 AUTO_INCREMENT=1 ;

-- --------------------------------------------------------

--
-- Table structure for table `vtiger_ossmailtemplates`
--

CREATE TABLE IF NOT EXISTS `vtiger_ossmailtemplates` (
  `ossmailtemplatesid` int(11) DEFAULT NULL,
  `name` varchar(255) DEFAULT NULL,
  `oss_module_list` varchar(255) DEFAULT '',
  `subject` varchar(255) DEFAULT '',
  `content` text,
  KEY `ossmailtemplatesid` (`ossmailtemplatesid`),
  KEY `oss_module_list` (`oss_module_list`)
) ENGINE=InnoDB DEFAULT CHARSET=utf8;

--
-- Dumping data for table `vtiger_ossmailtemplates`
--

INSERT INTO `vtiger_ossmailtemplates` (`ossmailtemplatesid`, `name`, `oss_module_list`, `subject`, `content`) VALUES
(35, 'Notify Owner On Ticket Change', 'HelpDesk', '#t#LBL_NOTICE_MODIFICATION#tEnd# #a#155#aEnd#: #a#169#aEnd#', '<div>\r\n<h3>#t#LBL_NOTICE_WELCOME#tEnd# <strong>YetiForce Sp. z o.o.</strong></h3>\r\n#t#SINGLE_HelpDesk#tEnd# #a#155#aEnd# #t#LBL_NOTICE_UPDATED#tEnd# #a#168#aEnd#). #s#ChangesList#sEnd#\r\n\r\n<hr /><h1><a href="%23s%23LinkToCRMRecord%23sEnd%23">#t#LBL_NOTICE_MODIFICATION#tEnd# #a#155#aEnd#: #a#169#aEnd#</a></h1>\r\n\r\n<ul><li>#b#161#bEnd#: #a#161#aEnd#</li>\r\n	<li>#b#158#bEnd#: #a#158#aEnd#</li>\r\n	<li>#b#156#bEnd#: #a#156#aEnd#</li>\r\n	<li>#b#157#bEnd#: #a#157#aEnd#</li>\r\n	<li>#b#718#bEnd#: #a#718#aEnd#</li>\r\n</ul><hr /> #b#170#bEnd#: #a#170#aEnd#\r\n<hr /> #b#171#bEnd#: #a#171#aEnd#\r\n<hr /><span><em>#t#LBL_NOTICE_FOOTER#tEnd#</em></span></div>'),
(36, 'Notify Account On Ticket Change', 'HelpDesk', '#t#LBL_NOTICE_MODIFICATION#tEnd# #a#155#aEnd#: #a#169#aEnd#', '<div>\r\n<h3><span>#t#LBL_NOTICE_WELCOME#tEnd# <strong>YetiForce Sp. z o.o.</strong></span></h3>\r\n#t#SINGLE_HelpDesk#tEnd# #a#155#aEnd# #t#LBL_NOTICE_UPDATED#tEnd# #a#168#aEnd#). #s#ChangesList#sEnd#\r\n\r\n<hr /><h1><a href="%23s%23LinkToPortalRecord%23sEnd%23">#t#LBL_NOTICE_MODIFICATION#tEnd# #a#155#aEnd#: #a#169#aEnd#</a></h1>\r\n\r\n<ul><li>#b#161#bEnd#: #a#161#aEnd#</li>\r\n	<li>#b#158#bEnd#: #a#158#aEnd#</li>\r\n	<li>#b#156#bEnd#: #a#156#aEnd#</li>\r\n	<li>#b#157#bEnd#: #a#157#aEnd#</li>\r\n	<li>#b#718#bEnd#: #a#718#aEnd#</li>\r\n</ul><hr /> #b#170#bEnd#: #a#170#aEnd#\r\n<hr /> #b#171#bEnd#: #a#171#aEnd#\r\n<hr /><span><em>#t#LBL_NOTICE_FOOTER#tEnd#</em></span></div>'),
(37, 'Notify Contact On Ticket Closed', 'HelpDesk', '#t#LBL_NOTICE_CLOSE#tEnd# #a#155#aEnd#: #a#169#aEnd#', '<div>\r\n<h3>#t#LBL_NOTICE_WELCOME#tEnd# <strong>YetiForce Sp. z o.o.</strong></h3>\r\n#t#SINGLE_HelpDesk#tEnd# #a#155#aEnd# #t#LBL_NOTICE_CLOSED#tEnd# #a#168#aEnd#). #s#ChangesList#sEnd#\r\n\r\n<hr /><h1><a href="%23s%23LinkToPortalRecord%23sEnd%23">#t#LBL_NOTICE_CLOSE#tEnd# #a#155#aEnd#: #a#169#aEnd#</a></h1>\r\n\r\n<ul><li>#b#161#bEnd#: #a#161#aEnd#</li>\r\n	<li>#b#158#bEnd#: #a#158#aEnd#</li>\r\n	<li>#b#156#bEnd#: #a#156#aEnd#</li>\r\n	<li>#b#157#bEnd#: #a#157#aEnd#</li>\r\n	<li>#b#718#bEnd#: #a#718#aEnd#</li>\r\n</ul><hr /> #b#170#bEnd#: #a#170#aEnd#\r\n<hr /> #b#171#bEnd#: #a#171#aEnd#\r\n<hr /><span><em>#t#LBL_NOTICE_FOOTER#tEnd#</em></span></div>'),
(38, 'Notify Account On Ticket Closed', 'HelpDesk', '#t#LBL_NOTICE_CLOSE#tEnd# #a#155#aEnd#: #a#169#aEnd#', '<div>\r\n<h3>#t#LBL_NOTICE_WELCOME#tEnd# <strong>YetiForce Sp. z o.o.</strong></h3>\r\n#t#SINGLE_HelpDesk#tEnd# #a#155#aEnd# #t#LBL_NOTICE_CLOSED#tEnd# #a#168#aEnd#). #s#ChangesList#sEnd#\r\n\r\n<hr /><h1><a href="%23s%23LinkToPortalRecord%23sEnd%23">#t#LBL_NOTICE_CLOSE#tEnd# #a#155#aEnd#: #a#169#aEnd#</a></h1>\r\n\r\n<ul><li>#b#161#bEnd#: #a#161#aEnd#</li>\r\n	<li>#b#158#bEnd#: #a#158#aEnd#</li>\r\n	<li>#b#156#bEnd#: #a#156#aEnd#</li>\r\n	<li>#b#157#bEnd#: #a#157#aEnd#</li>\r\n	<li>#b#718#bEnd#: #a#718#aEnd#</li>\r\n</ul><hr /> #b#170#bEnd#: #a#170#aEnd#\r\n<hr /> #b#171#bEnd#: #a#171#aEnd#\r\n<hr /><span><em>#t#LBL_NOTICE_FOOTER#tEnd#</em></span></div>'),
(39, 'Notify Contact On Ticket Create', 'HelpDesk', '#t#LBL_NOTICE_CREATE#tEnd# #a#155#aEnd#: #a#169#aEnd#', '<div>\r\n<h3>#t#LBL_NOTICE_WELCOME#tEnd# <strong>YetiForce Sp. z o.o.</strong></h3>\r\n#t#SINGLE_HelpDesk#tEnd# #a#155#aEnd# #t#LBL_NOTICE_CREATED#tEnd# #a#168#aEnd#).\r\n\r\n<hr /><h1><a href="%23s%23LinkToPortalRecord%23sEnd%23">#t#LBL_NOTICE_CREATE#tEnd# #a#155#aEnd#: #a#169#aEnd#</a></h1>\r\n\r\n<ul><li>#b#161#bEnd#: #a#161#aEnd#</li>\r\n	<li>#b#158#bEnd#: #a#158#aEnd#</li>\r\n	<li>#b#156#bEnd#: #a#156#aEnd#</li>\r\n	<li>#b#157#bEnd#: #a#157#aEnd#</li>\r\n	<li>#b#718#bEnd#: #a#718#aEnd#</li>\r\n</ul><hr /> #b#170#bEnd#: #a#170#aEnd#\r\n<hr /><span><em>#t#LBL_NOTICE_FOOTER#tEnd#</em></span></div>'),
(40, 'Notify Account On Ticket Create', 'HelpDesk', '#t#LBL_NOTICE_CREATE#tEnd# #a#155#aEnd#: #a#169#aEnd#', '<div>\r\n<h3>#t#LBL_NOTICE_WELCOME#tEnd# <strong>YetiForce Sp. z o.o.</strong></h3>\r\n#t#SINGLE_HelpDesk#tEnd# #a#155#aEnd# #t#LBL_NOTICE_CREATED#tEnd# #a#168#aEnd#).\r\n\r\n<hr /><h1><a href="%23s%23LinkToPortalRecord%23sEnd%23">#t#LBL_NOTICE_CREATE#tEnd# #a#155#aEnd#: #a#169#aEnd#</a></h1>\r\n\r\n<ul><li>#b#161#bEnd#: #a#161#aEnd#</li>\r\n	<li>#b#158#bEnd#: #a#158#aEnd#</li>\r\n	<li>#b#156#bEnd#: #a#156#aEnd#</li>\r\n	<li>#b#157#bEnd#: #a#157#aEnd#</li>\r\n	<li>#b#718#bEnd#: #a#718#aEnd#</li>\r\n</ul><hr /> #b#170#bEnd#: #a#170#aEnd#\r\n<hr /><span><em>#t#LBL_NOTICE_FOOTER#tEnd#</em></span></div>'),
(41, 'Notify Contact On Ticket Change', 'HelpDesk', '#t#LBL_NOTICE_MODIFICATION#tEnd# #a#155#aEnd#: #a#169#aEnd#', '<div>\r\n<h3><span>#t#LBL_NOTICE_WELCOME#tEnd# <strong>YetiForce Sp. z o.o.</strong></span></h3>\r\n#t#SINGLE_HelpDesk#tEnd# #a#155#aEnd# #t#LBL_NOTICE_UPDATED#tEnd# #a#168#aEnd#). #s#ChangesList#sEnd#\r\n\r\n<hr /><h1><a href="%23s%23LinkToPortalRecord%23sEnd%23">#t#LBL_NOTICE_MODIFICATION#tEnd# #a#155#aEnd#: #a#169#aEnd#</a></h1>\r\n\r\n<ul><li>#b#161#bEnd#: #a#161#aEnd#</li>\r\n	<li>#b#158#bEnd#: #a#158#aEnd#</li>\r\n	<li>#b#156#bEnd#: #a#156#aEnd#</li>\r\n	<li>#b#157#bEnd#: #a#157#aEnd#</li>\r\n	<li>#b#718#bEnd#: #a#718#aEnd#</li>\r\n</ul><hr /> #b#170#bEnd#: #a#170#aEnd#\r\n<hr /> #b#171#bEnd#: #a#171#aEnd#\r\n<hr /><span><em>#t#LBL_NOTICE_FOOTER#tEnd#</em></span></div>'),
(42, 'Notify Owner On Ticket Closed', 'HelpDesk', '#t#LBL_NOTICE_CLOSE#tEnd# #a#155#aEnd#: #a#169#aEnd#', '<div>\r\n<h3><span>#t#LBL_NOTICE_WELCOME#tEnd# <strong>YetiForce Sp. z o.o.</strong></span></h3>\r\n#t#SINGLE_HelpDesk#tEnd# #a#155#aEnd# #t#LBL_NOTICE_CLOSED#tEnd# #a#168#aEnd#). #s#ChangesList#sEnd#\r\n\r\n<hr /><h1><a href="%23s%23LinkToCRMRecord%23sEnd%23">#t#LBL_NOTICE_CLOSE#tEnd# #a#155#aEnd#: #a#169#aEnd#</a></h1>\r\n\r\n<ul><li>#b#161#bEnd#: #a#161#aEnd#</li>\r\n	<li>#b#158#bEnd#: #a#158#aEnd#</li>\r\n	<li>#b#156#bEnd#: #a#156#aEnd#</li>\r\n	<li>#b#157#bEnd#: #a#157#aEnd#</li>\r\n	<li>#b#718#bEnd#: #a#718#aEnd#</li>\r\n</ul><hr /> #b#170#bEnd#: #a#170#aEnd#\r\n<hr /> #b#171#bEnd#: #a#171#aEnd#\r\n<hr /><span><em>#t#LBL_NOTICE_FOOTER#tEnd#</em></span></div>'),
(43, 'Notify Owner On Ticket Create', 'HelpDesk', '#t#LBL_NOTICE_CREATE#tEnd# #a#155#aEnd#: #a#169#aEnd#', '<div>\r\n<h3>#t#LBL_NOTICE_WELCOME#tEnd# <strong>YetiForce Sp. z o.o.</strong></h3>\r\n#t#SINGLE_HelpDesk#tEnd# #a#155#aEnd# #t#LBL_NOTICE_CREATED#tEnd# #a#168#aEnd#).\r\n\r\n<hr /><h1><a href="%23s%23LinkToCRMRecord%23sEnd%23">#t#LBL_NOTICE_CREATE#tEnd# #a#155#aEnd#: #a#169#aEnd#</a></h1>\r\n\r\n<ul><li>#b#161#bEnd#: #a#161#aEnd#</li>\r\n	<li>#b#158#bEnd#: #a#158#aEnd#</li>\r\n	<li>#b#156#bEnd#: #a#156#aEnd#</li>\r\n	<li>#b#157#bEnd#: #a#157#aEnd#</li>\r\n	<li>#b#718#bEnd#: #a#718#aEnd#</li>\r\n</ul><hr /> #b#170#bEnd#: #a#170#aEnd#\r\n<hr /><span><em>#t#LBL_NOTICE_FOOTER#tEnd#</em></span></div>'),
(44, 'Customer Portal Login Details', 'Contacts', 'Customer Portal Login Details', '<p>#s#LogoImage#sEnd# </p><p>Dear #a#67#aEnd#  #a#68#aEnd#</p><p>Created for your account in the customer portal, below sending data access.</p><p>Login: #a#80#aEnd#<br />Password: #s#ContactsPortalPass#sEnd#</p><p>Regards</p>'),
(45, 'Send invitations', 'Events', '#a#267#aEnd#:  #a#255#aEnd#', '<table border="0" cellpadding="8" cellspacing="0" style="width:100%;font-family:Arial, ''Sans-serif'';border:1px solid #ccc;border-width:1px 2px 2px 1px;background-color:#fff;" summary=""><tbody><tr><td style="background-color:#f6f6f6;color:#888;border-bottom:1px solid #ccc;font-family:Arial, ''Sans-serif'';font-size:11px;">\r\n			<h3 style="padding:0 0 6px 0;margin:0;font-family:Arial, ''Sans-serif'';font-size:16px;font-weight:bold;color:#222;"><span>#a#255#aEnd#</span></h3>\r\n			</td>\r\n		</tr><tr><td>\r\n			<div style="padding:2px;">\r\n			<table border="0" cellpadding="0" cellspacing="0"><tbody><tr><td style="padding:0 1em 10px 0;font-family:Arial, ''Sans-serif'';font-size:13px;color:#888;white-space:nowrap;" valign="top">\r\n						<div><i style="font-style:normal;">#b#257#bEnd#</i></div>\r\n						</td>\r\n						<td style="padding-bottom:10px;font-family:Arial, ''Sans-serif'';font-size:13px;color:#222;" valign="top">#a#257#aEnd# #a#258#aEnd#</td>\r\n					</tr><tr><td style="padding:0 1em 10px 0;font-family:Arial, ''Sans-serif'';font-size:13px;color:#888;white-space:nowrap;" valign="top">\r\n						<div><i style="font-style:normal;">#b#259#bEnd#</i></div>\r\n						</td>\r\n						<td style="padding-bottom:10px;font-family:Arial, ''Sans-serif'';font-size:13px;color:#222;" valign="top">#a#259#aEnd# #a#260#aEnd#</td>\r\n					</tr><tr><td style="padding:0 1em 10px 0;font-family:Arial, ''Sans-serif'';font-size:13px;color:#888;white-space:nowrap;" valign="top">\r\n						<div><i style="font-style:normal;">#b#264#bEnd#</i></div>\r\n						</td>\r\n						<td style="padding-bottom:10px;font-family:Arial, ''Sans-serif'';font-size:13px;color:#222;" valign="top">#a#264#aEnd#</td>\r\n					</tr><tr><td style="padding:0 1em 10px 0;font-family:Arial, ''Sans-serif'';font-size:13px;color:#888;white-space:nowrap;" valign="top">\r\n						<div><i style="font-style:normal;">#b#277#bEnd#</i></div>\r\n						</td>\r\n						<td style="padding-bottom:10px;font-family:Arial, ''Sans-serif'';font-size:13px;color:#222;" valign="top">#a#277#aEnd#</td>\r\n					</tr><tr><td style="padding:0 1em 10px 0;font-family:Arial, ''Sans-serif'';font-size:13px;color:#888;white-space:nowrap;" valign="top">\r\n						<div><i style="font-style:normal;">#b#267#bEnd#</i></div>\r\n						</td>\r\n						<td style="padding-bottom:10px;font-family:Arial, ''Sans-serif'';font-size:13px;color:#222;" valign="top">#a#267#aEnd#</td>\r\n					</tr><tr><td style="padding:0 1em 10px 0;font-family:Arial, ''Sans-serif'';font-size:13px;color:#888;white-space:nowrap;" valign="top">\r\n						<div><i style="font-style:normal;">#b#271#bEnd#</i></div>\r\n						</td>\r\n						<td style="padding-bottom:10px;font-family:Arial, ''Sans-serif'';font-size:13px;color:#222;" valign="top">#a#271#aEnd#</td>\r\n					</tr><tr><td style="padding:0 1em 10px 0;font-family:Arial, ''Sans-serif'';font-size:13px;color:#888;white-space:nowrap;" valign="top">\r\n						<div><i style="font-style:normal;">#b#268#bEnd#</i></div>\r\n						</td>\r\n						<td style="padding-bottom:10px;font-family:Arial, ''Sans-serif'';font-size:13px;color:#222;" valign="top"><span><span>#a#268#aEnd#</span><span dir="ltr"> (<a href="https://maps.google.pl/maps?q=%23a%23268%23aEnd%23" style="color:#20c;white-space:nowrap;">mapa</a>)</span></span></td>\r\n					</tr><tr><td style="padding:0 1em 10px 0;font-family:Arial, ''Sans-serif'';font-size:13px;color:#888;white-space:nowrap;" valign="top">\r\n						<div><i style="font-style:normal;">#b#265#bEnd#</i></div>\r\n						</td>\r\n						<td style="padding-bottom:10px;font-family:Arial, ''Sans-serif'';font-size:13px;color:#222;" valign="top">#a#265#aEnd#</td>\r\n					</tr><tr><td style="padding:0 1em 10px 0;font-family:Arial, ''Sans-serif'';font-size:13px;color:#888;white-space:nowrap;" valign="top">\r\n						<div><i style="font-style:normal;">#b#275#bEnd#</i></div>\r\n						</td>\r\n						<td style="padding-bottom:10px;font-family:Arial, ''Sans-serif'';font-size:13px;color:#222;" valign="top">#a#275#aEnd#</td>\r\n					</tr><tr><td style="padding:0 1em 10px 0;font-family:Arial, ''Sans-serif'';font-size:13px;color:#888;white-space:nowrap;" valign="top">\r\n						<div><i style="font-style:normal;">#b#256#bEnd#</i></div>\r\n						</td>\r\n						<td style="padding-bottom:10px;font-family:Arial, ''Sans-serif'';font-size:13px;color:#222;" valign="top">#a#256#aEnd#</td>\r\n					</tr></tbody></table></div>\r\n			</td>\r\n		</tr><tr><td style="background-color:#f6f6f6;color:#888;border-top:1px solid #ccc;font-family:Arial, ''Sans-serif'';font-size:11px;">\r\n			<p>YetiForce CRM - Notification activities on the calendar</p>\r\n			</td>\r\n		</tr></tbody></table>'),
(46, 'Send Notification Email to Record Owner', 'Calendar', 'Task :  #a#231#aEnd#', '#a#232#aEnd#<br /><br />Activity Notification Details:<br />Subject : #a#231#aEnd#<br />Start date and time : #a#233#aEnd# #a#234#aEnd#<br />End date and time : #a#235#aEnd# #a#236#aEnd#<br />Status : #a#239#aEnd#<br />Priority : #a#241#aEnd#<br />Related To : #a#237#aEnd#<br />Contacts List : #a#238#aEnd#<br />Location : #a#250#aEnd#<br />Description : #a#247#aEnd#'),
(93, 'Activity Reminder Notification', 'Calendar', 'Reminder:  #a#231#aEnd#', 'This is a reminder notification for the Activity:<br />Subject: #a#231#aEnd#<br />Date & Time: #a#233#aEnd# #a#234#aEnd#<br /><span style="color:rgb(43,43,43);font-family:''Helvetica Neue'', Helvetica, Arial, sans-serif;line-height:20.7999992370605px;">Contact Name: </span>#a#238#aEnd#<br style="color:rgb(43,43,43);font-family:''Helvetica Neue'', Helvetica, Arial, sans-serif;line-height:20.7999992370605px;" /><span style="color:rgb(43,43,43);font-family:''Helvetica Neue'', Helvetica, Arial, sans-serif;line-height:20.7999992370605px;">Related To: </span>#a#237#aEnd#<br style="color:rgb(43,43,43);font-family:''Helvetica Neue'', Helvetica, Arial, sans-serif;line-height:20.7999992370605px;" /><span style="color:rgb(43,43,43);font-family:''Helvetica Neue'', Helvetica, Arial, sans-serif;line-height:20.7999992370605px;">Description: </span>#a#247#aEnd#'),
(94, 'Activity Reminder Notification', 'Events', 'Reminder: #a#255#aEnd#', '<span style="line-height:20.7999992370605px;">This is a reminder notification for the Activity:</span><br style="line-height:20.7999992370605px;" /><span style="line-height:20.7999992370605px;">Subject:</span>#a#255#aEnd#<br style="line-height:20.7999992370605px;" /><span style="line-height:20.7999992370605px;">Date & Time: </span>#a#257#aEnd# #a#258#aEnd#<br style="line-height:20.7999992370605px;" /><span style="line-height:20.7999992370605px;color:rgb(43,43,43);font-family:''Helvetica Neue'', Helvetica, Arial, sans-serif;">Contact Name: </span>#a#277#aEnd#<br style="line-height:20.7999992370605px;color:rgb(43,43,43);font-family:''Helvetica Neue'', Helvetica, Arial, sans-serif;" /><span style="line-height:20.7999992370605px;color:rgb(43,43,43);font-family:''Helvetica Neue'', Helvetica, Arial, sans-serif;">Related To: </span>#a#264#aEnd#<br style="line-height:20.7999992370605px;color:rgb(43,43,43);font-family:''Helvetica Neue'', Helvetica, Arial, sans-serif;" /><span style="line-height:20.7999992370605px;color:rgb(43,43,43);font-family:''Helvetica Neue'', Helvetica, Arial, sans-serif;">Description: </span>#a#275#aEnd#'),
(95, 'Test mail about the mail server configuration.', 'Users', 'Test mail about the mail server configuration.', '<span style="color:rgb(0,0,0);font-family:arial, sans-serif;line-height:normal;">Dear </span>#a#478#aEnd# #a#479#aEnd#<span style="color:rgb(0,0,0);font-family:arial, sans-serif;line-height:normal;">, </span><br style="color:rgb(0,0,0);font-family:arial, sans-serif;line-height:normal;" /><br style="color:rgb(0,0,0);font-family:arial, sans-serif;line-height:normal;" /><b style="color:rgb(0,0,0);font-family:arial, sans-serif;line-height:normal;">This is a test mail sent to confirm if a mail is actually being sent through the smtp server that you have configured. </b><br style="color:rgb(0,0,0);font-family:arial, sans-serif;line-height:normal;" /><span style="color:rgb(0,0,0);font-family:arial, sans-serif;line-height:normal;">Feel free to delete this mail. </span><br style="color:rgb(0,0,0);font-family:arial, sans-serif;line-height:normal;" /><br style="color:rgb(0,0,0);font-family:arial, sans-serif;line-height:normal;" /><span style="color:rgb(0,0,0);font-family:arial, sans-serif;line-height:normal;">Thanks and Regards,</span><br style="color:rgb(0,0,0);font-family:arial, sans-serif;line-height:normal;" /><span style="color:rgb(0,0,0);font-family:arial, sans-serif;line-height:normal;">Team YetiForce</span>');

-- --------------------------------------------------------

--
-- Table structure for table `vtiger_ossmailtemplatescf`
--

CREATE TABLE IF NOT EXISTS `vtiger_ossmailtemplatescf` (
  `ossmailtemplatesid` int(11) NOT NULL,
  PRIMARY KEY (`ossmailtemplatesid`)
) ENGINE=InnoDB DEFAULT CHARSET=utf8;

--
-- Dumping data for table `vtiger_ossmailtemplatescf`
--

INSERT INTO `vtiger_ossmailtemplatescf` (`ossmailtemplatesid`) VALUES
(35),
(36),
(37),
(38),
(39),
(40),
(41),
(42),
(43),
(44),
(45),
(46),
(93),
(94),
(95);

-- --------------------------------------------------------

--
-- Table structure for table `vtiger_ossmailview`
--

CREATE TABLE IF NOT EXISTS `vtiger_ossmailview` (
  `ossmailviewid` int(19) NOT NULL,
  `ossmailview_no` varchar(50) DEFAULT NULL,
  `from_email` text,
  `to_email` text,
  `subject` text,
  `content` text,
  `cc_email` text,
  `bcc_email` text,
  `id` int(19) DEFAULT NULL,
  `mbox` varchar(100) DEFAULT NULL,
  `uid` varchar(150) DEFAULT NULL,
  `reply_to_email` text,
  `ossmailview_sendtype` varchar(30) DEFAULT NULL,
  `attachments_exist` varchar(3) DEFAULT '0',
  `rc_user` varchar(3) DEFAULT NULL,
  `type` int(19) DEFAULT NULL,
  `from_id` int(19) DEFAULT NULL,
  `to_id` int(19) DEFAULT NULL,
  `orginal_mail` text,
  `verify` varchar(5) DEFAULT '0',
  `rel_mod` varchar(128) DEFAULT NULL,
  PRIMARY KEY (`ossmailviewid`),
  KEY `id` (`id`),
  KEY `message_id` (`uid`)
) ENGINE=InnoDB DEFAULT CHARSET=utf8;

-- --------------------------------------------------------

--
-- Table structure for table `vtiger_ossmailviewcf`
--

CREATE TABLE IF NOT EXISTS `vtiger_ossmailviewcf` (
  `ossmailviewid` int(19) NOT NULL,
  PRIMARY KEY (`ossmailviewid`)
) ENGINE=InnoDB DEFAULT CHARSET=utf8;

-- --------------------------------------------------------

--
-- Table structure for table `vtiger_ossmailview_files`
--

CREATE TABLE IF NOT EXISTS `vtiger_ossmailview_files` (
  `ossmailviewid` int(19) NOT NULL,
  `documentsid` int(19) NOT NULL,
  `attachmentsid` int(19) NOT NULL,
  KEY `fk_1_vtiger_ossmailview_files` (`ossmailviewid`),
  KEY `documentsid` (`documentsid`)
) ENGINE=InnoDB DEFAULT CHARSET=utf8;

-- --------------------------------------------------------

--
-- Table structure for table `vtiger_ossmailview_sendtype`
--

CREATE TABLE IF NOT EXISTS `vtiger_ossmailview_sendtype` (
  `ossmailview_sendtypeid` int(11) NOT NULL AUTO_INCREMENT,
  `ossmailview_sendtype` varchar(200) NOT NULL,
  `presence` int(1) NOT NULL DEFAULT '1',
  `picklist_valueid` int(11) NOT NULL DEFAULT '0',
  `sortorderid` int(11) DEFAULT '0',
  PRIMARY KEY (`ossmailview_sendtypeid`)
) ENGINE=InnoDB  DEFAULT CHARSET=utf8 AUTO_INCREMENT=6 ;

--
-- Dumping data for table `vtiger_ossmailview_sendtype`
--

INSERT INTO `vtiger_ossmailview_sendtype` (`ossmailview_sendtypeid`, `ossmailview_sendtype`, `presence`, `picklist_valueid`, `sortorderid`) VALUES
(1, 'Sent', 1, 388, 1),
(2, 'Received', 1, 389, 2),
(3, 'Sent', 1, 390, 3),
(4, 'Spam', 1, 391, 4),
(5, 'Trash', 1, 392, 5);

-- --------------------------------------------------------

--
-- Table structure for table `vtiger_ossmailview_sendtype_seq`
--

CREATE TABLE IF NOT EXISTS `vtiger_ossmailview_sendtype_seq` (
  `id` int(11) NOT NULL
) ENGINE=InnoDB DEFAULT CHARSET=utf8;

--
-- Dumping data for table `vtiger_ossmailview_sendtype_seq`
--

INSERT INTO `vtiger_ossmailview_sendtype_seq` (`id`) VALUES
(5);

-- --------------------------------------------------------

--
-- Table structure for table `vtiger_ossmenumanager`
--

CREATE TABLE IF NOT EXISTS `vtiger_ossmenumanager` (
  `id` int(19) NOT NULL AUTO_INCREMENT,
  `parent_id` int(19) DEFAULT NULL,
  `tabid` int(19) DEFAULT NULL,
  `label` varchar(100) DEFAULT NULL,
  `sequence` int(3) DEFAULT NULL,
  `visible` int(3) DEFAULT NULL,
  `type` int(3) DEFAULT NULL,
  `url` text,
  `new_window` int(3) DEFAULT NULL,
  `permission` text,
  `locationicon` varchar(255) DEFAULT NULL,
  `sizeicon` varchar(255) DEFAULT NULL,
  `langfield` text,
  `paintedicon` int(1) DEFAULT '0',
  `color` varchar(10) DEFAULT NULL,
  PRIMARY KEY (`id`),
  KEY `parent_id` (`parent_id`)
) ENGINE=InnoDB  DEFAULT CHARSET=utf8 AUTO_INCREMENT=328 ;

--
-- Dumping data for table `vtiger_ossmenumanager`
--

INSERT INTO `vtiger_ossmenumanager` (`id`, `parent_id`, `tabid`, `label`, `sequence`, `visible`, `type`, `url`, `new_window`, `permission`, `locationicon`, `sizeicon`, `langfield`, `paintedicon`, `color`) VALUES
(237, 0, 0, 'My Home Page', 1, 1, 0, '', 0, ' 1 |##| 2 |##| 3 |##| 4 ', NULL, NULL, NULL, 1, NULL),
(238, 237, 3, 'Home', 1, 1, 0, '', 0, ' 1 |##| 2 |##| 3 |##| 4 ', NULL, NULL, NULL, 1, NULL),
(239, 237, 9, 'Calendar', 2, 1, 0, '', 0, ' 1 |##| 2 |##| 3 |##| 4 ', NULL, NULL, NULL, 1, NULL),
(241, 301, 26, 'Campaigns', 1, 1, 0, '', 0, ' 1 |##| 2 |##| 3 |##| 4 ', NULL, NULL, NULL, 1, NULL),
(242, 282, 6, 'Accounts', 2, 1, 0, '', 0, ' 1 |##| 2 |##| 3 |##| 4 ', NULL, NULL, NULL, 1, NULL),
(243, 282, 4, 'Contacts', 3, 1, 0, '', 0, ' 1 |##| 2 |##| 3 |##| 4 ', NULL, NULL, NULL, 1, NULL),
(244, 282, 7, 'Leads', 1, 1, 0, '', 0, ' 1 |##| 2 |##| 3 |##| 4 ', NULL, NULL, NULL, 1, NULL),
(245, 305, 8, 'Documents', 1004, 1, 0, '', 0, ' 1 |##| 2 |##| 3 |##| 4 ', NULL, NULL, 'en_us*List of documents#pl_pl*Lista dokumentów', 1, NULL),
(247, 301, 2, 'Potentials', 2, 1, 0, '', 0, ' 1 |##| 2 |##| 3 |##| 4 ', NULL, NULL, NULL, 1, NULL),
(248, 301, 20, 'Quotes', 4, 1, 0, '', 0, ' 1 |##| 2 |##| 3 |##| 4 ', NULL, NULL, NULL, 1, NULL),
(249, 301, 22, 'SalesOrder', 5, 1, 0, '', 0, ' 1 |##| 2 |##| 3 |##| 4 ', NULL, NULL, NULL, 1, NULL),
(250, 301, 23, 'Invoice', 7, 1, 0, '', 0, ' 1 |##| 2 |##| 3 |##| 4 ', NULL, NULL, 'en_us*Sales invoices#pl_pl*Faktury sprzedażowe', 1, NULL),
(251, 301, 19, 'PriceBooks', 9, 1, 0, '', 0, ' 1 |##| 2 |##| 3 |##| 4 ', NULL, NULL, NULL, 1, NULL),
(253, 304, 13, 'HelpDesk', 1, 1, 0, '', 0, ' 1 |##| 2 |##| 3 |##| 4 ', NULL, NULL, NULL, 1, NULL),
(254, 304, 15, 'Faq', 3, 1, 0, '', 0, ' 1 |##| 2 |##| 3 |##| 4 ', NULL, NULL, NULL, 1, NULL),
(255, 304, 34, 'ServiceContracts', 2, 1, 0, '', 0, ' 1 |##| 2 |##| 3 |##| 4 ', NULL, NULL, NULL, 1, NULL),
(256, 302, 41, 'ProjectMilestone', 2, 1, 0, '', 0, ' 1 |##| 2 |##| 3 |##| 4 ', NULL, NULL, NULL, 1, NULL),
(257, 302, 42, 'ProjectTask', 3, 1, 0, '', 0, ' 1 |##| 2 |##| 3 |##| 4 ', NULL, NULL, NULL, 1, NULL),
(258, 302, 43, 'Project', 1, 1, 0, '', 0, ' 1 |##| 2 |##| 3 |##| 4 ', NULL, NULL, NULL, 1, NULL),
(260, 305, 25, 'Reports', 1009, 1, 0, '', 0, ' 1 |##| 2 |##| 3 |##| 4 ', NULL, NULL, 'en_us*List of reports#pl_pl*Lista raportów', 1, NULL),
(262, 305, 14, 'Products', 989, 1, 0, '', 0, ' 1 |##| 2 |##| 3 |##| 4 ', NULL, NULL, NULL, 1, NULL),
(263, 282, 18, 'Vendors', 4, 1, 0, '', 0, ' 1 |##| 2 |##| 3 |##| 4 ', NULL, NULL, NULL, 1, NULL),
(264, 301, 21, 'PurchaseOrder', 6, 1, 0, '', 0, ' 1 |##| 2 |##| 3 |##| 4 ', NULL, NULL, NULL, 1, NULL),
(265, 305, 35, 'Services', 994, 1, 0, '', 0, ' 1 |##| 2 |##| 3 |##| 4 ', NULL, NULL, NULL, 1, NULL),
(266, 305, 37, 'Assets', 991, 1, 0, '', 0, ' 1 |##| 2 |##| 3 |##| 4 ', NULL, NULL, 'en_us*Sold Products#pl_pl*Produkty sprzedane', 1, NULL),
(268, 305, 33, 'PBXManager', 1002, 1, 0, 'index.php?module=PBXManager&view=List', 0, ' 1 ', '', '16x16', 'en_us*List of calls#pl_pl*Lista połączeń telefonicznych', 1, NULL),
(269, 305, 44, 'RecycleBin', 1006, 1, 0, 'index.php?module=RecycleBin&view=List', 0, ' 1 ', '', '16x16', 'en_us*List of deleted records#pl_pl*Lista usuniętych rekordów', 1, NULL),
(270, 305, 45, 'SMSNotifier', 1001, 1, 0, '', 0, ' 1 |##| 2 |##| 3 |##| 4 ', NULL, NULL, 'en_us*List of text messages#pl_pl*Lista smsów', 1, NULL),
(271, 305, 47, 'OSSPdf', 1005, 1, 0, '', 0, ' 1 |##| 2 |##| 3 |##| 4 ', NULL, NULL, 'en_us*List of pdf templates#pl_pl*Lista szablonów pdf', 1, NULL),
(272, 237, 48, 'OSSMail', 3, 1, 0, '', 0, ' 1 |##| 2 |##| 3 |##| 4 ', NULL, NULL, 'en_us*My mailbox#pl_pl*Moja poczta', 1, NULL),
(273, 305, 49, 'OSSMailTemplates', 1003, 1, 0, '', 0, ' 1 |##| 2 |##| 3 |##| 4 ', NULL, NULL, 'en_us*List of email templates#pl_pl*Lista szablonów mailowych', 1, NULL),
(274, 292, 51, 'OSSTimeControl', 2, 1, 0, '', 0, ' 1 |##| 2 |##| 3 |##| 4 ', NULL, NULL, 'en_us*Time control#pl_pl*Czas pracy', 1, NULL),
(277, 305, 59, 'OutsourcedProducts', 990, 1, 0, 'index.php?module=OutsourcedProducts&view=List', 0, ' 1 |##| 2 |##| 3 |##| 4 ', '', '16x16', '', 0, NULL),
(278, 305, 58, 'OSSSoldServices', 996, 1, 0, 'index.php?module=OSSSoldServices&view=List', 0, ' 1 |##| 2 |##| 3 |##| 4 ', '', '16x16', '', 0, NULL),
(279, 305, 57, 'OSSOutsourcedServices', 995, 1, 0, 'index.php?module=OSSOutsourcedServices&view=List', 0, ' 1 |##| 2 |##| 3 |##| 4 ', '', '16x16', '', 0, NULL),
(280, 305, 54, 'OSSMailView', 1000, 1, 0, 'index.php?module=OSSMailView&view=List', 0, ' 1 |##| 2 |##| 3 |##| 4 ', '', '16x16', 'en_us*List of corporate mailbox#pl_pl*Lista maili', 0, NULL),
(282, 0, 0, 'Companies', 2, 1, 0, '', 0, ' 1 |##| 2 |##| 3 |##| 4 ', '', '16x16', 'en_us*Companies#pl_pl*Firmy', 0, NULL),
(292, 0, 0, 'Human resources', 6, 1, 0, '', 0, ' 1 |##| 2 |##| 3 |##| 4 ', '', '16x16', 'en_us*HR#pl_pl*Kadry', 0, NULL),
(299, 305, 0, '*separator*', 992, 1, 3, '*separator*', 0, ' 1 |##| 2 |##| 3 |##| 4 ', '', '', '', 0, NULL),
(301, 0, 0, 'Sales', 3, 1, 0, '', 0, ' 1 |##| 2 |##| 3 |##| 4 ', '', '16x16', 'en_us*Sales#pl_pl*Sprzedaż', 0, NULL),
(302, 0, 0, 'Projects', 4, 1, 0, '', 0, ' 1 |##| 2 |##| 3 |##| 4 ', '', '16x16', 'en_us*Projects#pl_pl*Projekty', 0, NULL),
(304, 0, 0, 'Support', 5, 1, 0, '', 0, ' 1 |##| 2 |##| 3 |##| 4 ', '', '16x16', 'en_us*Support#pl_pl*Wsparcie', 0, NULL),
(305, 0, 0, 'Databases', 7, 1, 0, '', 0, '  ', '', '16x16', 'en_us*Databases#pl_pl*Bazy danych', 0, NULL),
(306, 305, 0, 'Products database', 988, 1, 2, '*etykieta*', 0, ' 1 |##| 2 |##| 3 |##| 4 ', '', '16x16', 'en_us*Products database#pl_pl*Baza produktów', 0, NULL),
(307, 305, 0, 'Services database', 993, 1, 2, '*etykieta*', 0, ' 1 |##| 2 |##| 3 |##| 4 ', '', '16x16', 'en_us*Services database#pl_pl*Baza usług', 0, NULL),
(308, 305, 0, '*separator*', 997, 1, 3, '*separator*', 0, '  ', '', '', '', 0, NULL),
(309, 305, 0, 'Lists', 998, 1, 2, '*etykieta*', 0, ' 1 |##| 2 |##| 3 |##| 4 ', '', '16x16', 'en_us*Lists#pl_pl*Wykazy', 0, NULL),
(311, 292, 61, 'OSSEmployees', 1, 1, 0, 'index.php?module=OSSEmployees&view=List', 0, ' 1 |##| 2 |##| 3 |##| 4 ', '', '16x16', 'en_us*Employees#pl_pl*Pracownicy', 0, NULL),
(312, 305, 60, 'OSSPasswords', 1007, 1, 0, 'index.php?module=OSSPasswords&view=List', 0, ' 1 |##| 2 |##| 3 |##| 4 ', '', '16x16', 'en_us*List of passwords#pl_pl*Lista haseł', 0, NULL),
(323, 301, 70, 'Calculations', 3, 1, 0, 'index.php?module=Calculations&view=List', 0, ' 1 |##| 2 |##| 3 |##| 4 ', '', '16x16', 'en_us*Calculations#pl_pl*Kalkulacje', 0, NULL),
(324, 301, 71, 'OSSCosts', 8, 1, 0, 'index.php?module=OSSCosts&view=List', 0, ' 1 |##| 2 |##| 3 |##| 4 ', '', '16x16', 'en_us*Purchase invoices#pl_pl*Faktury zakupowe', 0, NULL),
(325, 305, 69, 'AddressLevel1', 999, 1, 0, 'index.php?module=AddressLevel1&view=List', 0, ' 1 |##| 2 |##| 3 |##| 4 ', '', '16x16', 'en_us*List of addresses#pl_pl*Lista adresów', 0, NULL),
(327, 305, 0, '*separator*', 1008, 1, 3, '*separator*', 0, ' 1 |##| 2 |##| 3 |##| 4 ', '', '', '', 0, NULL);

-- --------------------------------------------------------

--
-- Table structure for table `vtiger_ossoutsourcedservices`
--

CREATE TABLE IF NOT EXISTS `vtiger_ossoutsourcedservices` (
  `ossoutsourcedservicesid` int(19) NOT NULL DEFAULT '0',
  `ossoutsourcedservices_no` varchar(255) DEFAULT NULL,
  `productname` varchar(100) DEFAULT '',
  `osservicesstatus` varchar(50) DEFAULT NULL,
  `pscategory` varchar(255) DEFAULT NULL,
  `pssubcategory` varchar(255) DEFAULT NULL,
  `datesold` date DEFAULT NULL,
  `dateinservice` date DEFAULT NULL,
  `wherebought` varchar(100) DEFAULT '',
  `contact` int(19) DEFAULT NULL,
  `potential` int(19) DEFAULT NULL,
  `parent_id` int(19) DEFAULT NULL,
  PRIMARY KEY (`ossoutsourcedservicesid`),
  KEY `parent_id` (`parent_id`)
) ENGINE=InnoDB DEFAULT CHARSET=utf8;

-- --------------------------------------------------------

--
-- Table structure for table `vtiger_ossoutsourcedservicescf`
--

CREATE TABLE IF NOT EXISTS `vtiger_ossoutsourcedservicescf` (
  `ossoutsourcedservicesid` int(11) NOT NULL,
  PRIMARY KEY (`ossoutsourcedservicesid`)
) ENGINE=InnoDB DEFAULT CHARSET=utf8;

-- --------------------------------------------------------

--
-- Table structure for table `vtiger_osspasswords`
--

CREATE TABLE IF NOT EXISTS `vtiger_osspasswords` (
  `osspasswordsid` int(11) NOT NULL,
  `osspassword_no` varchar(100) NOT NULL,
  `passwordname` varchar(100) NOT NULL,
  `username` varchar(100) NOT NULL,
  `password` varbinary(200) NOT NULL,
  `link_adres` varchar(255) DEFAULT NULL,
  `linkto` varchar(100) DEFAULT NULL,
  PRIMARY KEY (`osspasswordsid`)
) ENGINE=InnoDB DEFAULT CHARSET=utf8;

-- --------------------------------------------------------

--
-- Table structure for table `vtiger_osspasswordscf`
--

CREATE TABLE IF NOT EXISTS `vtiger_osspasswordscf` (
  `osspasswordsid` int(19) NOT NULL,
  PRIMARY KEY (`osspasswordsid`)
) ENGINE=InnoDB DEFAULT CHARSET=utf8;

-- --------------------------------------------------------

--
-- Table structure for table `vtiger_osspdf`
--

CREATE TABLE IF NOT EXISTS `vtiger_osspdf` (
  `osspdfid` int(11) NOT NULL DEFAULT '0',
  `oss_mod_no` varchar(255) DEFAULT NULL,
  `title` varchar(255) DEFAULT NULL,
  `moduleid` varchar(255) DEFAULT NULL,
  `osspdf_pdf_format` varchar(20) DEFAULT NULL,
  `osspdf_pdf_orientation` varchar(50) DEFAULT NULL,
  `content` text,
  `constraints` text,
  `filename` varchar(100) DEFAULT NULL,
  `left_margin` int(15) DEFAULT NULL,
  `right_margin` int(15) DEFAULT NULL,
  `top_margin` int(15) DEFAULT NULL,
  `bottom_margin` int(15) DEFAULT NULL,
  `osspdf_enable_footer` varchar(15) DEFAULT NULL,
  `osspdf_enable_header` varchar(15) DEFAULT NULL,
  `header_content` text,
  `footer_content` text,
  `osspdf_enable_numbering` varchar(15) DEFAULT NULL,
  `height_header` int(10) DEFAULT NULL,
  `height_footer` int(10) DEFAULT NULL,
  `selected` varchar(5) DEFAULT NULL,
  `osspdf_view` varchar(128) DEFAULT NULL,
  PRIMARY KEY (`osspdfid`)
) ENGINE=InnoDB DEFAULT CHARSET=utf8;

--
-- Dumping data for table `vtiger_osspdf`
--

INSERT INTO `vtiger_osspdf` (`osspdfid`, `oss_mod_no`, `title`, `moduleid`, `osspdf_pdf_format`, `osspdf_pdf_orientation`, `content`, `constraints`, `filename`, `left_margin`, `right_margin`, `top_margin`, `bottom_margin`, `osspdf_enable_footer`, `osspdf_enable_header`, `header_content`, `footer_content`, `osspdf_enable_numbering`, `height_header`, `height_footer`, `selected`, `osspdf_view`) VALUES
(96, '1', 'Quotes PDF', '20', 'A4', 'Portrait', '<title></title>\r\n<title></title>\r\n<table align="left" border="0" cellpadding="1" cellspacing="1" style="width: 100%;">\r\n	<tbody>\r\n		<tr>\r\n			<td><span style="font-size:9px;"><span style="font-family: tahoma,geneva,sans-serif;"><strong>#company_organizationname#</strong><br />\r\n			#company_address#<br />\r\n			#company_code# #company_city#<br />\r\n			#company_country#<br />\r\n			tel.: #company_phone#<br />\r\n			fax: #company_fax#<br />\r\n			WWW: <a href="#company_website#"> #company_website#</a><br />\r\n			VAT: #company_vatid#</span></span></td>\r\n			<td>&nbsp;</td>\r\n			<td>\r\n			<div style="text-align: right;"><span style="font-size:9px;"><span style="font-family: tahoma,geneva,sans-serif;">#company_city#, #special_function#CurrentDate#end_special_function#</span></span></div>\r\n			</td>\r\n		</tr>\r\n		<tr>\r\n			<td>&nbsp;</td>\r\n			<td>&nbsp;</td>\r\n			<td><span style="font-size:9px;"><span style="font-family: tahoma,geneva,sans-serif;">#Contacts_firstname# #Contacts_lastname#<br />\r\n			tel: #Contacts_phone#<br />\r\n			email: #Contacts_email#<br />\r\n			<br />\r\n			<strong>#Accounts_accountname#</strong><br />\r\n			#addresslevel8a# #buildingnumbera# #localnumbera#<br />\r\n			#addresslevel7a# #addresslevel5a#<br />\r\n			#Accounts_label_vat_id#: #Accounts_vat_id#</span></span></td>\r\n		</tr>\r\n	</tbody>\r\n</table>\r\n\r\n<p style="text-align: center;"><br />\r\n<span style="font-size:14px;"><span style="font-family: tahoma,geneva,sans-serif;"><strong>Offer #quote_no#</strong></span></span></p>\r\n<span style="font-size:9px;"><span style="font-family: tahoma,geneva,sans-serif;">#description#</span></span><br />\r\n<span>#special_function#replaceProductTable#end_special_function#</span><br />\r\n<br />\r\n<span style="font-size:9px;"><span style="font-family: tahoma,geneva,sans-serif;"><strong>#label_attention#: </strong>#attention#<br />\r\n<strong>#label_currency_id#: </strong>#currency_id#<br />\r\n<strong>#label_validtill#: </strong>#validtill#<br />\r\n<strong>#label_shipping#: </strong>#shipping#<br />\r\n<strong>#label_form_payment#: </strong>#form_payment#<br />\r\n<strong>#label_terms_conditions#:</strong>#terms_conditions#</span></span><br />\r\n<br />\r\n<span style="font-size:9px;"><span style="font-family: tahoma,geneva,sans-serif;">#Users_first_name# #Users_last_name#<br />\r\nemail: <a href="mailto:#Users_email1#">#Users_email1#</a><br />\r\n<br />\r\n<strong>#company_organizationname#</strong><br />\r\ntel.: #company_phone#<br />\r\nfax: #company_fax#<br />\r\nWWW: <a href="#company_website#"> #company_website#</a></span></span>', NULL, '', 10, 10, 10, 10, 'No', 'No', '', '', 'No', 1, 1, '1', 'Lista |##| Podgląd'),
(97, '2', 'Sales Order PDF', '22', 'A4', 'Portrait', '<title></title>\r\n<title></title>\r\n<table align="left" border="0" cellpadding="1" cellspacing="1" style="width: 100%;">\r\n	<tbody>\r\n		<tr>\r\n			<td><span style="font-size:9px;"><span style="font-family: tahoma,geneva,sans-serif;"><strong>#company_organizationname#</strong><br />\r\n			#company_address#<br />\r\n			#company_code# #company_city#<br />\r\n			#company_country#<br />\r\n			tel.: #company_phone#<br />\r\n			fax: #company_fax#<br />\r\n			WWW: <a href="#company_website#"> #company_website#</a><br />\r\n			VAT: #company_vatid#</span></span></td>\r\n			<td>&nbsp;</td>\r\n			<td>\r\n			<div style="text-align: right;"><span style="font-size:9px;"><span style="font-family: tahoma,geneva,sans-serif;">#company_city#, #special_function#CurrentDate#end_special_function#\r\n			</span></span></div>\r\n			</td>\r\n		</tr>\r\n		<tr>\r\n			<td>&nbsp;</td>\r\n			<td>&nbsp;</td>\r\n			<td><span style="font-size:9px;"><span style="font-family: tahoma,geneva,sans-serif;">#Contacts_firstname# #Contacts_lastname#<br />\r\n			tel: #Contacts_phone#<br />\r\n			email: #Contacts_email#<br />\r\n			<br />\r\n			<strong>#Accounts_accountname#</strong><br />\r\n			#addresslevel8a# #buildingnumbera# #localnumbera#<br />\r\n			#addresslevel7a# #addresslevel5a#<br />\r\n			#Accounts_label_vat_id#: #Accounts_vat_id#</span></span></td>\r\n		</tr>\r\n	</tbody>\r\n</table>\r\n\r\n<p style="text-align: center;"><br />\r\n<span style="font-size:14px;"><span style="font-family: tahoma,geneva,sans-serif;"><strong>Sales Order #salesorder_no#</strong></span></span></p>\r\n<span style="font-size:9px;"><span style="font-family: tahoma,geneva,sans-serif;">#description#</span></span><br />\r\n<span>#special_function#replaceProductTable#end_special_function#</span><br />\r\n<br />\r\n<span style="font-size:9px;"><span style="font-family: tahoma,geneva,sans-serif;"><strong>#label_attention#: </strong>#attention#<br />\r\n<strong>#label_currency_id#: </strong>#currency_id#<br />\r\n<strong>#label_duedate#: </strong>#duedate#<br />\r\n<strong>#label_form_payment#: </strong>#form_payment#<br />\r\n<strong>#Quotes_label_quote_no#: </strong>#Quotes_quote_no#<br />\r\n<strong>#label_terms_conditions#:</strong>#terms_conditions#</span></span><br />\r\n<br />\r\n<span style="font-size:9px;"><span style="font-family: tahoma,geneva,sans-serif;">#Users_first_name# #Users_last_name#<br />\r\nemail: <a href="mailto:#Users_email1#">#Users_email1#</a><br />\r\n<br />\r\n<strong>#company_organizationname#</strong><br />\r\ntel.: #company_phone#<br />\r\nfax: #company_fax#<br />\r\nWWW: <a href="#company_website#"> #company_website#</a></span></span>', NULL, '', 10, 10, 10, 10, 'No', 'No', '', '', 'No', 1, 1, '1', 'Lista |##| Podgląd'),
(98, '3', 'Invoice PDF', '23', 'A4', 'Portrait', '<title></title>\r\n<title></title>\r\n<table align="left" border="0" cellpadding="1" cellspacing="1" style="width: 100%;">\r\n	<tbody>\r\n		<tr>\r\n			<td><span style="font-size:9px;"><span style="font-family: tahoma,geneva,sans-serif;"><strong>#company_organizationname#</strong><br />\r\n			#company_address#<br />\r\n			#company_code# #company_city#<br />\r\n			#company_country#<br />\r\n			tel.: #company_phone#<br />\r\n			fax: #company_fax#<br />\r\n			WWW: <a href="#company_website#"> #company_website#</a><br />\r\n			VAT: #company_vatid#</span></span></td>\r\n			<td>&nbsp;</td>\r\n			<td>\r\n			<div style="text-align: right;"><span style="font-size:9px;"><span style="font-family: tahoma,geneva,sans-serif;">#label_invoicedate#: #invoicedate#\r\n			</span></span></div>\r\n			</td>\r\n		</tr>\r\n		<tr>\r\n			<td>&nbsp;</td>\r\n			<td>&nbsp;</td>\r\n			<td><span style="font-size:9px;"><span style="font-family: tahoma,geneva,sans-serif;">#Contacts_firstname# #Contacts_lastname#<br />\r\n			tel: #Contacts_phone#<br />\r\n			email: #Contacts_email#<br />\r\n			<br />\r\n			<strong>#Accounts_accountname#</strong><br />\r\n			#addresslevel8a# #buildingnumbera# #localnumbera#<br />\r\n			#addresslevel7a# #addresslevel5a#<br />\r\n			#Accounts_label_vat_id#: #Accounts_vat_id#</span></span></td>\r\n		</tr>\r\n	</tbody>\r\n</table>\r\n\r\n<p style="text-align: center;"><br />\r\n<span style="font-size:14px;"><span style="font-family: tahoma,geneva,sans-serif;"><strong>Invoice #invoice_no#</strong></span></span></p>\r\n<span style="font-size:9px;"><span style="font-family: tahoma,geneva,sans-serif;">#description#</span></span><br />\r\n<span>#special_function#replaceProductTable#end_special_function#</span><br />\r\n<br />\r\n<span style="font-size:9px;"><span style="font-family: tahoma,geneva,sans-serif;"><strong>#label_attention#: </strong>#attention#<br />\r\n<strong>#label_currency_id#: </strong>#currency_id#<br />\r\n<strong>#label_invoicedate#: </strong>#invoicedate#<br />\r\n<strong>#label_duedate#: </strong>#duedate#<br />\r\n<strong>#label_form_payment#: </strong>#form_payment#<br />\r\n<strong>Sales Order: </strong>#SalesOrder_salesorder_no#<br />\r\n<strong>#label_terms_conditions#:</strong>#terms_conditions#</span></span><br />\r\n<br />\r\n<span style="font-size:9px;"><span style="font-family: tahoma,geneva,sans-serif;">#Users_first_name# #Users_last_name#<br />\r\nemail: <a href="mailto:#Users_email1#">#Users_email1#</a><br />\r\n<br />\r\n<strong>#company_organizationname#</strong><br />\r\ntel.: #company_phone#<br />\r\nfax: #company_fax#<br />\r\nWWW: <a href="#company_website#"> #company_website#</a></span></span>', NULL, '', 10, 10, 10, 10, 'No', 'No', '', '', 'No', 1, 1, '1', 'Lista |##| Podgląd'),
(99, '4', 'Purchase Order PDF', '21', 'A4', 'Portrait', '<title></title>\r\n<title></title>\r\n<table align="left" border="0" cellpadding="1" cellspacing="1" style="width: 100%;">\r\n	<tbody>\r\n		<tr>\r\n			<td><span style="font-size:9px;"><span style="font-family: tahoma,geneva,sans-serif;"><strong>#company_organizationname#</strong><br />\r\n			#company_address#<br />\r\n			#company_code# #company_city#<br />\r\n			#company_country#<br />\r\n			tel.: #company_phone#<br />\r\n			fax: #company_fax#<br />\r\n			WWW: <a href="#company_website#"> #company_website#</a><br />\r\n			VAT: #company_vatid#</span></span></td>\r\n			<td>&nbsp;</td>\r\n			<td>\r\n			<div style="text-align: right;"><span style="font-size:9px;"><span style="font-family: tahoma,geneva,sans-serif;">#company_city#, #special_function#CurrentDate#end_special_function# </span></span></div>\r\n			</td>\r\n		</tr>\r\n		<tr>\r\n			<td>&nbsp;</td>\r\n			<td>&nbsp;</td>\r\n			<td><span style="font-size:9px;"><span style="font-family: tahoma,geneva,sans-serif;">#Contacts_firstname# #Contacts_lastname#<br />\r\n			tel: #Contacts_phone#<br />\r\n			email: #Contacts_email#<br />\r\n			<br />\r\n			<strong>#Vendors_vendorname#</strong><br />\r\n			#addresslevel8a# #buildingnumbera# #localnumbera#<br />\r\n			#addresslevel7a# #addresslevel5a#<br />\r\n			#Vendors_label_vat_id#: #Vendors_vat_id#</span></span></td>\r\n		</tr>\r\n	</tbody>\r\n</table>\r\n\r\n<p style="text-align: center;"><br />\r\n<span style="font-size:14px;"><span style="font-family: tahoma,geneva,sans-serif;"><strong>Order confirmation #purchaseorder_no#</strong></span></span></p>\r\n<span style="font-size:9px;"><span style="font-family: tahoma,geneva,sans-serif;">Thank you for your order. Herewith we are pleased to confirm it as follows.<br />\r\n#description#</span></span><br />\r\n<span>#special_function#replaceProductTable#end_special_function#</span><br />\r\n<br />\r\n<span style="font-size:9px;"><span style="font-family: tahoma,geneva,sans-serif;"><strong>#label_attention#: </strong>#attention#<br />\r\n<strong>#label_currency_id#: </strong>#currency_id#<br />\r\n<strong>#label_duedate#: </strong>#duedate#<br />\r\n<strong>#label_terms_conditions#:</strong>#terms_conditions#</span></span><br />\r\n<br />\r\n<span style="font-size:9px;"><span style="font-family: tahoma,geneva,sans-serif;">#Users_first_name# #Users_last_name#<br />\r\nemail: <a href="mailto:#Users_email1#">#Users_email1#</a><br />\r\n<br />\r\n<strong>#company_organizationname#</strong><br />\r\ntel.: #company_phone#<br />\r\nfax: #company_fax#<br />\r\nWWW: <a href="#company_website#"> #company_website#</a></span></span>', NULL, '', 10, 10, 10, 10, 'No', 'No', '', '', 'No', 1, 1, '1', 'Lista |##| Podgląd'),
(100, '5', 'Calculation PDF', '70', 'A4', 'Portrait', '', NULL, '', 10, 10, 10, 10, 'No', 'No', '', '<title></title>\r\n<table width="537px">\r\n	<tbody>\r\n		<tr>\r\n			<td colspan="6" rowspan="2"><img src="#special_function#siteUrl#end_special_function#test/logo/logo_yetiforce.png" style="width: 200px;" width="200" /></td>\r\n			<td colspan="4"><span style="font-size:6px;">#company_organizationname# #company_address# #company_code# #company_city#. VAT:#company_vatid#</span></td>\r\n		</tr>\r\n		<tr>\r\n			<td colspan="5">\r\n			<table border="1">\r\n				<tbody>\r\n					<tr>\r\n						<td>\r\n						<table cellpadding="1">\r\n							<tbody>\r\n								<tr>\r\n									<td style="text-align: center;"><span style="font-size:9px;">Calculation confirmation: <strong>#calculations_no#</strong></span></td>\r\n								</tr>\r\n							</tbody>\r\n						</table>\r\n						</td>\r\n					</tr>\r\n					<tr>\r\n						<td>\r\n						<table cellpadding="1">\r\n							<tbody>\r\n								<tr>\r\n									<td style="text-align: center;"><span style="font-size:9px;">Date: #special_function#CreatedDateTime#end_special_function#</span></td>\r\n								</tr>\r\n							</tbody>\r\n						</table>\r\n						</td>\r\n					</tr>\r\n				</tbody>\r\n			</table>\r\n			</td>\r\n		</tr>\r\n		<tr>\r\n			<td colspan="7">&nbsp;</td>\r\n			<td colspan="5" rowspan="2">\r\n			<table border="1">\r\n				<tbody>\r\n					<tr>\r\n						<td>\r\n						<table cellpadding="5">\r\n							<tbody>\r\n								<tr>\r\n									<td>\r\n									<table cellpadding="0" style="font-size:8px;">\r\n										<tbody>\r\n											<tr>\r\n												<td colspan="2">Issued by:</td>\r\n												<td colspan="3">#Users_first_name# #Users_last_name#</td>\r\n											</tr>\r\n											<tr>\r\n												<td colspan="2">Email:</td>\r\n												<td colspan="3">#Users_email1#</td>\r\n											</tr>\r\n										</tbody>\r\n									</table>\r\n									</td>\r\n								</tr>\r\n							</tbody>\r\n						</table>\r\n						</td>\r\n					</tr>\r\n				</tbody>\r\n			</table>\r\n			</td>\r\n		</tr>\r\n		<tr>\r\n			<td colspan="3">\r\n			<table>\r\n				<tbody>\r\n					<tr>\r\n						<td><span style="font-size:10px;">&nbsp;<span style="font-size:8px;">#Accounts_account_no#</span></span></td>\r\n					</tr>\r\n					<tr>\r\n						<td>\r\n						<table>\r\n							<tbody>\r\n								<tr>\r\n									<td>\r\n									<p><span style="font-size:10px;">#Accounts_accountname#<br />\r\n									<span style="font-size:8px;">#Accounts_addresslevel8b# #Accounts_buildingnumberb# #Accounts_localnumberb#<br />\r\n									#Accounts_addresslevel7b#, #Accounts_addresslevel5b#<br />\r\n									<span style="font-size:10px;">#Accounts_addresslevel1b#</span><br />\r\n									#Accounts_vat_id#<br />\r\n									#Contacts_email#</span></span></p>\r\n									</td>\r\n								</tr>\r\n							</tbody>\r\n						</table>\r\n						</td>\r\n					</tr>\r\n				</tbody>\r\n			</table>\r\n			</td>\r\n			<td colspan="3">&nbsp;</td>\r\n		</tr>\r\n	</tbody>\r\n</table>\r\n&nbsp;\r\n\r\n<table>\r\n	<tbody>\r\n		<tr>\r\n			<td>&nbsp;</td>\r\n		</tr>\r\n		<tr>\r\n			<td>#special_function#replaceProductTable#end_special_function#</td>\r\n		</tr>\r\n	</tbody>\r\n</table>', 'No', 1, 1, '0', 'Lista |##| Podgląd');

-- --------------------------------------------------------

--
-- Table structure for table `vtiger_osspdfcf`
--

CREATE TABLE IF NOT EXISTS `vtiger_osspdfcf` (
  `osspdfid` int(11) NOT NULL,
  PRIMARY KEY (`osspdfid`)
) ENGINE=InnoDB DEFAULT CHARSET=utf8;

--
-- Dumping data for table `vtiger_osspdfcf`
--

INSERT INTO `vtiger_osspdfcf` (`osspdfid`) VALUES
(96),
(97),
(98),
(99),
(100);

-- --------------------------------------------------------

--
-- Table structure for table `vtiger_osspdf_config`
--

CREATE TABLE IF NOT EXISTS `vtiger_osspdf_config` (
  `id` int(5) NOT NULL AUTO_INCREMENT,
  `conf_id` varchar(100) NOT NULL,
  `name` varchar(50) NOT NULL,
  `value` text NOT NULL,
  `ordering` int(11) NOT NULL,
  `display` int(3) NOT NULL,
  `type` varchar(100) NOT NULL,
  PRIMARY KEY (`id`)
) ENGINE=InnoDB  DEFAULT CHARSET=utf8 AUTO_INCREMENT=25 ;

--
-- Dumping data for table `vtiger_osspdf_config`
--

INSERT INTO `vtiger_osspdf_config` (`id`, `conf_id`, `name`, `value`, `ordering`, `display`, `type`) VALUES
(1, 'GENERALCONFIGURATION', 'ifsave', 'no', 0, 0, ''),
(2, 'GENERALCONFIGURATION', 'ifattach', 'no', 0, 0, ''),
(3, 'GENERALCONFIGURATION', 'Potentials', 'default', 0, 0, ''),
(4, 'GENERALCONFIGURATION', 'Contacts', 'default', 0, 0, ''),
(5, 'GENERALCONFIGURATION', 'Accounts', 'default', 0, 0, ''),
(6, 'GENERALCONFIGURATION', 'Leads', 'default', 0, 0, ''),
(7, 'GENERALCONFIGURATION', 'Documents', 'default', 0, 0, ''),
(8, 'GENERALCONFIGURATION', 'Calendar', 'default', 0, 0, ''),
(9, 'GENERALCONFIGURATION', 'HelpDesk', 'default', 0, 0, ''),
(10, 'GENERALCONFIGURATION', 'Products', 'default', 0, 0, ''),
(11, 'GENERALCONFIGURATION', 'Faq', 'default', 0, 0, ''),
(12, 'GENERALCONFIGURATION', 'Vendors', 'default', 0, 0, ''),
(13, 'GENERALCONFIGURATION', 'PriceBooks', 'default', 0, 0, ''),
(14, 'GENERALCONFIGURATION', 'Quotes', 'default', 0, 0, ''),
(15, 'GENERALCONFIGURATION', 'PurchaseOrder', 'default', 0, 0, ''),
(16, 'GENERALCONFIGURATION', 'SalesOrder', 'default', 0, 0, ''),
(17, 'GENERALCONFIGURATION', 'Invoice', 'default', 0, 0, ''),
(18, 'GENERALCONFIGURATION', 'Campaigns', 'default', 0, 0, ''),
(19, 'GENERALCONFIGURATION', 'ServiceContracts', 'default', 0, 0, ''),
(20, 'GENERALCONFIGURATION', 'Services', 'default', 0, 0, ''),
(21, 'GENERALCONFIGURATION', 'Assets', 'default', 0, 0, ''),
(22, 'GENERALCONFIGURATION', 'ProjectMilestone', 'default', 0, 0, ''),
(23, 'GENERALCONFIGURATION', 'ProjectTask', 'default', 0, 0, ''),
(24, 'GENERALCONFIGURATION', 'Project', 'default', 0, 0, '');

-- --------------------------------------------------------

--
-- Table structure for table `vtiger_osspdf_constraints`
--

CREATE TABLE IF NOT EXISTS `vtiger_osspdf_constraints` (
  `id` int(19) NOT NULL AUTO_INCREMENT,
  `relid` int(19) NOT NULL,
  `fieldname` varchar(255) NOT NULL,
  `comparator` varchar(255) NOT NULL,
  `val` varchar(255) NOT NULL,
  `required` tinyint(19) NOT NULL,
  `field_type` varchar(100) NOT NULL,
  PRIMARY KEY (`id`)
) ENGINE=InnoDB DEFAULT CHARSET=utf8 AUTO_INCREMENT=1 ;

-- --------------------------------------------------------

--
-- Table structure for table `vtiger_osspdf_enable_footer`
--

CREATE TABLE IF NOT EXISTS `vtiger_osspdf_enable_footer` (
  `osspdf_enable_footerid` int(11) NOT NULL AUTO_INCREMENT,
  `osspdf_enable_footer` varchar(200) NOT NULL,
  `presence` int(1) NOT NULL DEFAULT '1',
  `picklist_valueid` int(11) NOT NULL DEFAULT '0',
  `sortorderid` int(11) DEFAULT '0',
  PRIMARY KEY (`osspdf_enable_footerid`)
) ENGINE=InnoDB  DEFAULT CHARSET=utf8 AUTO_INCREMENT=3 ;

--
-- Dumping data for table `vtiger_osspdf_enable_footer`
--

INSERT INTO `vtiger_osspdf_enable_footer` (`osspdf_enable_footerid`, `osspdf_enable_footer`, `presence`, `picklist_valueid`, `sortorderid`) VALUES
(1, 'Yes', 1, 378, 1),
(2, 'No', 1, 379, 2);

-- --------------------------------------------------------

--
-- Table structure for table `vtiger_osspdf_enable_footer_seq`
--

CREATE TABLE IF NOT EXISTS `vtiger_osspdf_enable_footer_seq` (
  `id` int(11) NOT NULL
) ENGINE=InnoDB DEFAULT CHARSET=utf8;

--
-- Dumping data for table `vtiger_osspdf_enable_footer_seq`
--

INSERT INTO `vtiger_osspdf_enable_footer_seq` (`id`) VALUES
(2);

-- --------------------------------------------------------

--
-- Table structure for table `vtiger_osspdf_enable_header`
--

CREATE TABLE IF NOT EXISTS `vtiger_osspdf_enable_header` (
  `osspdf_enable_headerid` int(11) NOT NULL AUTO_INCREMENT,
  `osspdf_enable_header` varchar(200) NOT NULL,
  `presence` int(1) NOT NULL DEFAULT '1',
  `picklist_valueid` int(11) NOT NULL DEFAULT '0',
  `sortorderid` int(11) DEFAULT '0',
  PRIMARY KEY (`osspdf_enable_headerid`)
) ENGINE=InnoDB  DEFAULT CHARSET=utf8 AUTO_INCREMENT=3 ;

--
-- Dumping data for table `vtiger_osspdf_enable_header`
--

INSERT INTO `vtiger_osspdf_enable_header` (`osspdf_enable_headerid`, `osspdf_enable_header`, `presence`, `picklist_valueid`, `sortorderid`) VALUES
(1, 'Yes', 1, 380, 1),
(2, 'No', 1, 381, 2);

-- --------------------------------------------------------

--
-- Table structure for table `vtiger_osspdf_enable_header_seq`
--

CREATE TABLE IF NOT EXISTS `vtiger_osspdf_enable_header_seq` (
  `id` int(11) NOT NULL
) ENGINE=InnoDB DEFAULT CHARSET=utf8;

--
-- Dumping data for table `vtiger_osspdf_enable_header_seq`
--

INSERT INTO `vtiger_osspdf_enable_header_seq` (`id`) VALUES
(2);

-- --------------------------------------------------------

--
-- Table structure for table `vtiger_osspdf_enable_numbering`
--

CREATE TABLE IF NOT EXISTS `vtiger_osspdf_enable_numbering` (
  `osspdf_enable_numberingid` int(11) NOT NULL AUTO_INCREMENT,
  `osspdf_enable_numbering` varchar(200) NOT NULL,
  `presence` int(1) NOT NULL DEFAULT '1',
  `picklist_valueid` int(11) NOT NULL DEFAULT '0',
  `sortorderid` int(11) DEFAULT '0',
  PRIMARY KEY (`osspdf_enable_numberingid`)
) ENGINE=InnoDB  DEFAULT CHARSET=utf8 AUTO_INCREMENT=4 ;

--
-- Dumping data for table `vtiger_osspdf_enable_numbering`
--

INSERT INTO `vtiger_osspdf_enable_numbering` (`osspdf_enable_numberingid`, `osspdf_enable_numbering`, `presence`, `picklist_valueid`, `sortorderid`) VALUES
(1, 'No', 1, 382, 1),
(2, 'NumberFormat', 1, 383, 2),
(3, 'PageXofY', 1, 384, 3);

-- --------------------------------------------------------

--
-- Table structure for table `vtiger_osspdf_enable_numbering_seq`
--

CREATE TABLE IF NOT EXISTS `vtiger_osspdf_enable_numbering_seq` (
  `id` int(11) NOT NULL
) ENGINE=InnoDB DEFAULT CHARSET=utf8;

--
-- Dumping data for table `vtiger_osspdf_enable_numbering_seq`
--

INSERT INTO `vtiger_osspdf_enable_numbering_seq` (`id`) VALUES
(3);

-- --------------------------------------------------------

--
-- Table structure for table `vtiger_osspdf_pdf_format`
--

CREATE TABLE IF NOT EXISTS `vtiger_osspdf_pdf_format` (
  `osspdf_pdf_formatid` int(11) NOT NULL AUTO_INCREMENT,
  `osspdf_pdf_format` varchar(200) NOT NULL,
  `presence` int(1) NOT NULL DEFAULT '1',
  `picklist_valueid` int(11) NOT NULL DEFAULT '0',
  `sortorderid` int(11) DEFAULT '0',
  PRIMARY KEY (`osspdf_pdf_formatid`)
) ENGINE=InnoDB  DEFAULT CHARSET=utf8 AUTO_INCREMENT=50 ;

--
-- Dumping data for table `vtiger_osspdf_pdf_format`
--

INSERT INTO `vtiger_osspdf_pdf_format` (`osspdf_pdf_formatid`, `osspdf_pdf_format`, `presence`, `picklist_valueid`, `sortorderid`) VALUES
(1, 'A4', 1, 327, 1),
(2, '4A0', 1, 328, 2),
(3, '2A0', 1, 329, 3),
(4, 'A0', 1, 330, 4),
(5, 'A1', 1, 331, 5),
(6, 'A2', 1, 332, 6),
(7, 'A3', 1, 333, 7),
(8, 'A5', 1, 334, 8),
(9, 'A6', 1, 335, 9),
(10, 'A7', 1, 336, 10),
(11, 'A8', 1, 337, 11),
(12, 'A9', 1, 338, 12),
(13, 'A10', 1, 339, 13),
(14, 'B0', 1, 340, 14),
(15, 'B1', 1, 341, 15),
(16, 'B2', 1, 342, 16),
(17, 'B3', 1, 343, 17),
(18, 'B4', 1, 344, 18),
(19, 'B5', 1, 345, 19),
(20, 'B6', 1, 346, 20),
(21, 'B7', 1, 347, 21),
(22, 'B8', 1, 348, 22),
(23, 'B9', 1, 349, 23),
(24, 'B10', 1, 350, 24),
(25, 'C0', 1, 351, 25),
(26, 'C1', 1, 352, 26),
(27, 'C2', 1, 353, 27),
(28, 'C3', 1, 354, 28),
(29, 'C4', 1, 355, 29),
(30, 'C5', 1, 356, 30),
(31, 'C6', 1, 357, 31),
(32, 'C7', 1, 358, 32),
(33, 'C8', 1, 359, 33),
(34, 'C9', 1, 360, 34),
(35, 'C10', 1, 361, 35),
(36, 'RA0', 1, 362, 36),
(37, 'RA1', 1, 363, 37),
(38, 'RA2', 1, 364, 38),
(39, 'RA3', 1, 365, 39),
(40, 'RA4', 1, 366, 40),
(41, 'SRA0', 1, 367, 41),
(42, 'SRA1', 1, 368, 42),
(43, 'SRA2', 1, 369, 43),
(44, 'SRA3', 1, 370, 44),
(45, 'SRA4', 1, 371, 45),
(46, 'LETTER', 1, 372, 46),
(47, 'LEGAL', 1, 373, 47),
(48, 'EXECUTIVE', 1, 374, 48),
(49, 'FOLIO', 1, 375, 49);

-- --------------------------------------------------------

--
-- Table structure for table `vtiger_osspdf_pdf_format_seq`
--

CREATE TABLE IF NOT EXISTS `vtiger_osspdf_pdf_format_seq` (
  `id` int(11) NOT NULL
) ENGINE=InnoDB DEFAULT CHARSET=utf8;

--
-- Dumping data for table `vtiger_osspdf_pdf_format_seq`
--

INSERT INTO `vtiger_osspdf_pdf_format_seq` (`id`) VALUES
(49);

-- --------------------------------------------------------

--
-- Table structure for table `vtiger_osspdf_pdf_orientation`
--

CREATE TABLE IF NOT EXISTS `vtiger_osspdf_pdf_orientation` (
  `osspdf_pdf_orientationid` int(11) NOT NULL AUTO_INCREMENT,
  `osspdf_pdf_orientation` varchar(200) NOT NULL,
  `presence` int(1) NOT NULL DEFAULT '1',
  `picklist_valueid` int(11) NOT NULL DEFAULT '0',
  `sortorderid` int(11) DEFAULT '0',
  PRIMARY KEY (`osspdf_pdf_orientationid`)
) ENGINE=InnoDB  DEFAULT CHARSET=utf8 AUTO_INCREMENT=3 ;

--
-- Dumping data for table `vtiger_osspdf_pdf_orientation`
--

INSERT INTO `vtiger_osspdf_pdf_orientation` (`osspdf_pdf_orientationid`, `osspdf_pdf_orientation`, `presence`, `picklist_valueid`, `sortorderid`) VALUES
(1, 'Portrait', 1, 376, 1),
(2, 'Landscape', 1, 377, 2);

-- --------------------------------------------------------

--
-- Table structure for table `vtiger_osspdf_pdf_orientation_seq`
--

CREATE TABLE IF NOT EXISTS `vtiger_osspdf_pdf_orientation_seq` (
  `id` int(11) NOT NULL
) ENGINE=InnoDB DEFAULT CHARSET=utf8;

--
-- Dumping data for table `vtiger_osspdf_pdf_orientation_seq`
--

INSERT INTO `vtiger_osspdf_pdf_orientation_seq` (`id`) VALUES
(2);

-- --------------------------------------------------------

--
-- Table structure for table `vtiger_osspdf_view`
--

CREATE TABLE IF NOT EXISTS `vtiger_osspdf_view` (
  `osspdf_viewid` int(11) NOT NULL AUTO_INCREMENT,
  `osspdf_view` varchar(200) NOT NULL,
  `presence` int(1) NOT NULL DEFAULT '1',
  `picklist_valueid` int(11) NOT NULL DEFAULT '0',
  `sortorderid` int(11) DEFAULT '0',
  PRIMARY KEY (`osspdf_viewid`)
) ENGINE=InnoDB  DEFAULT CHARSET=utf8 AUTO_INCREMENT=3 ;

--
-- Dumping data for table `vtiger_osspdf_view`
--

INSERT INTO `vtiger_osspdf_view` (`osspdf_viewid`, `osspdf_view`, `presence`, `picklist_valueid`, `sortorderid`) VALUES
(1, 'List', 1, 385, 1),
(2, 'Detail', 1, 386, 2);

-- --------------------------------------------------------

--
-- Table structure for table `vtiger_osspdf_view_seq`
--

CREATE TABLE IF NOT EXISTS `vtiger_osspdf_view_seq` (
  `id` int(11) NOT NULL
) ENGINE=InnoDB DEFAULT CHARSET=utf8;

--
-- Dumping data for table `vtiger_osspdf_view_seq`
--

INSERT INTO `vtiger_osspdf_view_seq` (`id`) VALUES
(2);

-- --------------------------------------------------------

--
-- Table structure for table `vtiger_osssoldservices`
--

CREATE TABLE IF NOT EXISTS `vtiger_osssoldservices` (
  `osssoldservicesid` int(19) NOT NULL DEFAULT '0',
  `osssoldservices_no` varchar(255) DEFAULT NULL,
  `productname` varchar(255) DEFAULT '',
  `ssservicesstatus` varchar(255) DEFAULT NULL,
  `pscategory` varchar(255) DEFAULT '',
  `pssubcategory` varchar(255) DEFAULT '',
  `datesold` date DEFAULT NULL,
  `dateinservice` date DEFAULT NULL,
  `invoice` varchar(255) DEFAULT '',
  `invoiceid` int(19) DEFAULT NULL,
  `contact` int(19) DEFAULT NULL,
  `potential` int(19) DEFAULT NULL,
  `parent_id` int(19) DEFAULT NULL,
  `pot_renewal` int(19) DEFAULT NULL,
  `serviceid` int(19) DEFAULT NULL,
  `ordertime` decimal(10,2) DEFAULT NULL,
  PRIMARY KEY (`osssoldservicesid`),
  KEY `parent_id` (`parent_id`),
  KEY `pot_renewal` (`pot_renewal`),
  KEY `serviceid` (`serviceid`)
) ENGINE=InnoDB DEFAULT CHARSET=utf8;

-- --------------------------------------------------------

--
-- Table structure for table `vtiger_osssoldservicescf`
--

CREATE TABLE IF NOT EXISTS `vtiger_osssoldservicescf` (
  `osssoldservicesid` int(11) NOT NULL,
  PRIMARY KEY (`osssoldservicesid`)
) ENGINE=InnoDB DEFAULT CHARSET=utf8;

-- --------------------------------------------------------

--
-- Table structure for table `vtiger_osstimecontrol`
--

CREATE TABLE IF NOT EXISTS `vtiger_osstimecontrol` (
  `osstimecontrolid` int(19) NOT NULL DEFAULT '0',
  `name` varchar(128) DEFAULT NULL,
  `osstimecontrol_no` varchar(255) DEFAULT NULL,
  `osstimecontrol_status` varchar(128) DEFAULT NULL,
  `date_start` date NOT NULL,
  `time_start` varchar(50) DEFAULT NULL,
  `due_date` date DEFAULT NULL,
  `time_end` varchar(50) DEFAULT NULL,
  `sum_time` decimal(10,2) DEFAULT '0.00',
  `payment` varchar(128) DEFAULT NULL,
  `accountid` int(19) DEFAULT '0',
  `contactid` int(19) DEFAULT '0',
  `ticketid` int(19) DEFAULT '0',
  `projectid` int(19) DEFAULT '0',
  `projecttaskid` int(19) DEFAULT '0',
  `servicecontractsid` int(19) DEFAULT '0',
  `assetsid` int(19) DEFAULT '0',
  `salesorderid` int(19) DEFAULT '0',
  `quoteid` int(19) DEFAULT '0',
  `potentialid` int(19) DEFAULT '0',
  `deleted` int(1) DEFAULT '0',
  `calculationsid` int(19) DEFAULT '0',
  `leadid` int(19) DEFAULT '0',
  PRIMARY KEY (`osstimecontrolid`),
  KEY `osstimecontrol_status` (`osstimecontrol_status`,`ticketid`),
  KEY `osstimecontrol_status_2` (`osstimecontrol_status`,`projectid`),
  KEY `osstimecontrol_status_3` (`osstimecontrol_status`,`projecttaskid`),
  KEY `osstimecontrol_status_4` (`osstimecontrol_status`,`servicecontractsid`),
  KEY `osstimecontrol_status_5` (`osstimecontrol_status`,`assetsid`),
  KEY `osstimecontrol_status_6` (`osstimecontrol_status`,`salesorderid`),
  KEY `osstimecontrol_status_7` (`osstimecontrol_status`,`quoteid`),
  KEY `osstimecontrol_status_8` (`osstimecontrol_status`,`potentialid`),
  KEY `on_update_cascade` (`deleted`),
  KEY `calculationsid` (`calculationsid`),
  KEY `leadid` (`leadid`),
  KEY `accountid` (`accountid`),
  KEY `contactid` (`contactid`),
  KEY `ticketid` (`ticketid`),
  KEY `projectid` (`projectid`),
  KEY `projecttaskid` (`projecttaskid`),
  KEY `servicecontractsid` (`servicecontractsid`),
  KEY `assetsid` (`assetsid`),
  KEY `salesorderid` (`salesorderid`),
  KEY `quoteid` (`quoteid`),
  KEY `potentialid` (`potentialid`),
  KEY `osstimecontrol_status_9` (`osstimecontrol_status`,`deleted`)
) ENGINE=InnoDB DEFAULT CHARSET=utf8;

-- --------------------------------------------------------

--
-- Table structure for table `vtiger_osstimecontrolcf`
--

CREATE TABLE IF NOT EXISTS `vtiger_osstimecontrolcf` (
  `osstimecontrolid` int(19) NOT NULL,
  PRIMARY KEY (`osstimecontrolid`)
) ENGINE=InnoDB DEFAULT CHARSET=utf8;

-- --------------------------------------------------------

--
-- Table structure for table `vtiger_osstimecontrol_status`
--

CREATE TABLE IF NOT EXISTS `vtiger_osstimecontrol_status` (
  `osstimecontrol_statusid` int(11) NOT NULL AUTO_INCREMENT,
  `osstimecontrol_status` varchar(200) NOT NULL,
  `sortorderid` int(11) DEFAULT NULL,
  `presence` int(11) NOT NULL DEFAULT '1',
  PRIMARY KEY (`osstimecontrol_statusid`)
) ENGINE=InnoDB  DEFAULT CHARSET=utf8 AUTO_INCREMENT=14 ;

--
-- Dumping data for table `vtiger_osstimecontrol_status`
--

INSERT INTO `vtiger_osstimecontrol_status` (`osstimecontrol_statusid`, `osstimecontrol_status`, `sortorderid`, `presence`) VALUES
(8, 'Accepted', 1, 0),
(13, 'To approval', 2, 1);

-- --------------------------------------------------------

--
-- Table structure for table `vtiger_osstimecontrol_status_seq`
--

CREATE TABLE IF NOT EXISTS `vtiger_osstimecontrol_status_seq` (
  `id` int(11) NOT NULL
) ENGINE=InnoDB DEFAULT CHARSET=utf8;

--
-- Dumping data for table `vtiger_osstimecontrol_status_seq`
--

INSERT INTO `vtiger_osstimecontrol_status_seq` (`id`) VALUES
(13);

-- --------------------------------------------------------

--
-- Table structure for table `vtiger_oss_module_list`
--

CREATE TABLE IF NOT EXISTS `vtiger_oss_module_list` (
  `oss_module_listid` int(11) NOT NULL AUTO_INCREMENT,
  `oss_module_list` varchar(200) NOT NULL,
  `sortorderid` int(11) DEFAULT NULL,
  `presence` int(11) NOT NULL DEFAULT '1',
  PRIMARY KEY (`oss_module_listid`)
) ENGINE=InnoDB  DEFAULT CHARSET=utf8 AUTO_INCREMENT=11 ;

--
-- Dumping data for table `vtiger_oss_module_list`
--

INSERT INTO `vtiger_oss_module_list` (`oss_module_listid`, `oss_module_list`, `sortorderid`, `presence`) VALUES
(1, 'Accounts', 1, 1),
(2, 'Contacts', 2, 1),
(3, 'HelpDesk', 3, 1),
(4, 'Potentials', 4, 1),
(5, 'Leads', 5, 1),
(6, 'Project', 6, 1),
(7, 'Campaigns', 7, 1),
(8, 'Calendar', 8, 1),
(9, 'Events', 9, 1),
(10, 'Users', 10, 1);

-- --------------------------------------------------------

--
-- Table structure for table `vtiger_oss_module_list_seq`
--

CREATE TABLE IF NOT EXISTS `vtiger_oss_module_list_seq` (
  `id` int(11) NOT NULL
) ENGINE=InnoDB DEFAULT CHARSET=utf8;

--
-- Dumping data for table `vtiger_oss_module_list_seq`
--

INSERT INTO `vtiger_oss_module_list_seq` (`id`) VALUES
(10);

-- --------------------------------------------------------

--
-- Table structure for table `vtiger_oss_project_templates`
--

CREATE TABLE IF NOT EXISTS `vtiger_oss_project_templates` (
  `id` int(19) NOT NULL AUTO_INCREMENT,
  `fld_name` varchar(255) NOT NULL,
  `fld_val` varchar(255) NOT NULL,
  `id_tpl` int(11) NOT NULL,
  `parent` int(19) NOT NULL,
  `module` varchar(255) NOT NULL,
  PRIMARY KEY (`id`)
) ENGINE=InnoDB DEFAULT CHARSET=utf8 AUTO_INCREMENT=1 ;

-- --------------------------------------------------------

--
-- Table structure for table `vtiger_othereventduration`
--

CREATE TABLE IF NOT EXISTS `vtiger_othereventduration` (
  `othereventdurationid` int(11) NOT NULL AUTO_INCREMENT,
  `othereventduration` varchar(200) NOT NULL,
  `sortorderid` int(11) DEFAULT NULL,
  `presence` int(11) NOT NULL DEFAULT '1',
  PRIMARY KEY (`othereventdurationid`)
) ENGINE=InnoDB  DEFAULT CHARSET=utf8 AUTO_INCREMENT=6 ;

--
-- Dumping data for table `vtiger_othereventduration`
--

INSERT INTO `vtiger_othereventduration` (`othereventdurationid`, `othereventduration`, `sortorderid`, `presence`) VALUES
(1, '5', 1, 1),
(2, '10', 2, 1),
(3, '30', 3, 1),
(4, '60', 4, 1),
(5, '120', 5, 1);

-- --------------------------------------------------------

--
-- Table structure for table `vtiger_othereventduration_seq`
--

CREATE TABLE IF NOT EXISTS `vtiger_othereventduration_seq` (
  `id` int(11) NOT NULL
) ENGINE=InnoDB DEFAULT CHARSET=utf8;

--
-- Dumping data for table `vtiger_othereventduration_seq`
--

INSERT INTO `vtiger_othereventduration_seq` (`id`) VALUES
(5);

-- --------------------------------------------------------

--
-- Table structure for table `vtiger_outsourcedproducts`
--

CREATE TABLE IF NOT EXISTS `vtiger_outsourcedproducts` (
  `outsourcedproductsid` int(11) NOT NULL DEFAULT '0',
  `asset_no` varchar(32) DEFAULT NULL,
  `productname` varchar(255) DEFAULT NULL,
  `datesold` date DEFAULT NULL,
  `dateinservice` date DEFAULT NULL,
  `oproductstatus` varchar(255) DEFAULT NULL,
  `pscategory` varchar(255) DEFAULT '',
  `pssubcategory` varchar(255) DEFAULT '',
  `wherebought` varchar(255) DEFAULT '',
  `prodcount` varchar(255) DEFAULT '',
  `contact` int(19) DEFAULT NULL,
  `potential` int(19) DEFAULT NULL,
  `parent_id` int(19) DEFAULT NULL,
  PRIMARY KEY (`outsourcedproductsid`),
  KEY `parent_id` (`parent_id`)
) ENGINE=InnoDB DEFAULT CHARSET=utf8;

-- --------------------------------------------------------

--
-- Table structure for table `vtiger_outsourcedproductscf`
--

CREATE TABLE IF NOT EXISTS `vtiger_outsourcedproductscf` (
  `outsourcedproductsid` int(11) NOT NULL,
  PRIMARY KEY (`outsourcedproductsid`)
) ENGINE=InnoDB DEFAULT CHARSET=utf8;

-- --------------------------------------------------------

--
-- Table structure for table `vtiger_password`
--

CREATE TABLE IF NOT EXISTS `vtiger_password` (
  `type` varchar(20) NOT NULL,
  `val` varchar(100) NOT NULL
) ENGINE=InnoDB DEFAULT CHARSET=utf8;

--
-- Dumping data for table `vtiger_password`
--

INSERT INTO `vtiger_password` (`type`, `val`) VALUES
('min_length', '8'),
('max_length', '32'),
('big_letters', 'true'),
('small_letters', 'true'),
('numbers', 'true'),
('special', 'false');

-- --------------------------------------------------------

--
-- Table structure for table `vtiger_passwords_config`
--

CREATE TABLE IF NOT EXISTS `vtiger_passwords_config` (
  `pass_length_min` int(3) NOT NULL,
  `pass_length_max` int(3) NOT NULL,
  `pass_allow_chars` varchar(200) NOT NULL,
  `register_changes` tinyint(1) DEFAULT '0'
) ENGINE=InnoDB DEFAULT CHARSET=utf8;

--
-- Dumping data for table `vtiger_passwords_config`
--

INSERT INTO `vtiger_passwords_config` (`pass_length_min`, `pass_length_max`, `pass_allow_chars`, `register_changes`) VALUES
(4, 15, 'a,b,c,d,e,f,g,h,i,j,k,l,m,n,o,p,q,r,s,t,u,w,x,y,z,A,B,C,D,E,F,G,H,I,J,K,L,M,N,O,P,Q,R,S,T,U,W,X,Y,Z,0,1,2,3,4,5,6,7,8,9', 0);

-- --------------------------------------------------------

--
-- Table structure for table `vtiger_payment`
--

CREATE TABLE IF NOT EXISTS `vtiger_payment` (
  `paymentid` int(11) NOT NULL AUTO_INCREMENT,
  `payment` varchar(200) NOT NULL,
  `sortorderid` int(11) DEFAULT NULL,
  `presence` int(11) NOT NULL DEFAULT '1',
  PRIMARY KEY (`paymentid`)
) ENGINE=InnoDB  DEFAULT CHARSET=utf8 AUTO_INCREMENT=8 ;

--
-- Dumping data for table `vtiger_payment`
--

INSERT INTO `vtiger_payment` (`paymentid`, `payment`, `sortorderid`, `presence`) VALUES
(4, 'As part of the order', 4, 1),
(5, 'As part of the support', 5, 1),
(6, 'Extra cost', 6, 1),
(7, 'Free', 7, 1);

-- --------------------------------------------------------

--
-- Table structure for table `vtiger_payment_duration`
--

CREATE TABLE IF NOT EXISTS `vtiger_payment_duration` (
  `payment_duration_id` int(11) DEFAULT NULL,
  `payment_duration` varchar(200) DEFAULT NULL,
  `sortorderid` int(11) DEFAULT NULL,
  `presence` int(11) DEFAULT NULL
) ENGINE=InnoDB DEFAULT CHARSET=utf8;

--
-- Dumping data for table `vtiger_payment_duration`
--

INSERT INTO `vtiger_payment_duration` (`payment_duration_id`, `payment_duration`, `sortorderid`, `presence`) VALUES
(1, 'Net 30 days', 0, 1),
(2, 'Net 45 days', 1, 1),
(3, 'Net 60 days', 2, 1);

-- --------------------------------------------------------

--
-- Table structure for table `vtiger_payment_duration_seq`
--

CREATE TABLE IF NOT EXISTS `vtiger_payment_duration_seq` (
  `id` int(11) NOT NULL
) ENGINE=InnoDB DEFAULT CHARSET=utf8;

--
-- Dumping data for table `vtiger_payment_duration_seq`
--

INSERT INTO `vtiger_payment_duration_seq` (`id`) VALUES
(3);

-- --------------------------------------------------------

--
-- Table structure for table `vtiger_payment_seq`
--

CREATE TABLE IF NOT EXISTS `vtiger_payment_seq` (
  `id` int(11) NOT NULL
) ENGINE=InnoDB DEFAULT CHARSET=utf8;

--
-- Dumping data for table `vtiger_payment_seq`
--

INSERT INTO `vtiger_payment_seq` (`id`) VALUES
(7);

-- --------------------------------------------------------

--
-- Table structure for table `vtiger_pbxmanager`
--

CREATE TABLE IF NOT EXISTS `vtiger_pbxmanager` (
  `pbxmanagerid` int(20) NOT NULL AUTO_INCREMENT,
  `direction` varchar(10) DEFAULT NULL,
  `callstatus` varchar(20) DEFAULT NULL,
  `starttime` datetime DEFAULT NULL,
  `endtime` datetime DEFAULT NULL,
  `totalduration` int(11) DEFAULT NULL,
  `billduration` int(11) DEFAULT NULL,
  `recordingurl` varchar(200) DEFAULT NULL,
  `sourceuuid` int(19) DEFAULT NULL,
  `gateway` varchar(20) DEFAULT NULL,
  `customer` varchar(100) DEFAULT NULL,
  `user` varchar(100) DEFAULT NULL,
  `customernumber` varchar(100) DEFAULT NULL,
  `customertype` varchar(100) DEFAULT NULL,
  PRIMARY KEY (`pbxmanagerid`),
  KEY `index_sourceuuid` (`sourceuuid`),
  KEY `index_pbxmanager_id` (`pbxmanagerid`)
) ENGINE=InnoDB DEFAULT CHARSET=utf8 AUTO_INCREMENT=1 ;

-- --------------------------------------------------------

--
-- Table structure for table `vtiger_pbxmanagercf`
--

CREATE TABLE IF NOT EXISTS `vtiger_pbxmanagercf` (
  `pbxmanagerid` int(11) NOT NULL,
  PRIMARY KEY (`pbxmanagerid`)
) ENGINE=InnoDB DEFAULT CHARSET=utf8;

-- --------------------------------------------------------

--
-- Table structure for table `vtiger_pbxmanager_gateway`
--

CREATE TABLE IF NOT EXISTS `vtiger_pbxmanager_gateway` (
  `id` int(11) NOT NULL AUTO_INCREMENT,
  `gateway` varchar(20) DEFAULT NULL,
  `parameters` text,
  PRIMARY KEY (`id`)
) ENGINE=InnoDB DEFAULT CHARSET=utf8 AUTO_INCREMENT=1 ;

-- --------------------------------------------------------

--
-- Table structure for table `vtiger_pbxmanager_phonelookup`
--

CREATE TABLE IF NOT EXISTS `vtiger_pbxmanager_phonelookup` (
  `crmid` int(20) DEFAULT NULL,
  `setype` varchar(30) DEFAULT NULL,
  `fnumber` varchar(100) DEFAULT NULL,
  `rnumber` varchar(100) DEFAULT NULL,
  `fieldname` varchar(50) DEFAULT NULL,
  UNIQUE KEY `unique_key` (`crmid`,`setype`,`fieldname`),
  KEY `index_phone_number` (`fnumber`,`rnumber`)
) ENGINE=InnoDB DEFAULT CHARSET=utf8;

-- --------------------------------------------------------

--
-- Table structure for table `vtiger_picklist`
--

CREATE TABLE IF NOT EXISTS `vtiger_picklist` (
  `picklistid` int(11) NOT NULL AUTO_INCREMENT,
  `name` varchar(200) NOT NULL,
  PRIMARY KEY (`picklistid`),
  UNIQUE KEY `picklist_name_idx` (`name`)
) ENGINE=InnoDB  DEFAULT CHARSET=utf8 AUTO_INCREMENT=71 ;

--
-- Dumping data for table `vtiger_picklist`
--

INSERT INTO `vtiger_picklist` (`picklistid`, `name`) VALUES
(1, 'accounttype'),
(2, 'activitytype'),
(37, 'assetstatus'),
(67, 'calculationsstatus'),
(3, 'campaignstatus'),
(4, 'campaigntype'),
(5, 'carrier'),
(70, 'contactstatus'),
(33, 'contract_priority'),
(32, 'contract_status'),
(34, 'contract_type'),
(50, 'defaultactivitytype'),
(49, 'defaulteventstatus'),
(66, 'employee_education'),
(65, 'employee_status'),
(6, 'eventstatus'),
(7, 'expectedresponse'),
(8, 'faqcategories'),
(9, 'faqstatus'),
(10, 'glacct'),
(47, 'hour_format'),
(11, 'industry'),
(12, 'invoicestatus'),
(13, 'leadsource'),
(14, 'leadstatus'),
(15, 'manufacturer'),
(16, 'opportunity_type'),
(64, 'oproductstatus'),
(59, 'ossdc_status'),
(60, 'osservicesstatus'),
(57, 'ossmailview_sendtype'),
(53, 'osspdf_enable_footer'),
(54, 'osspdf_enable_header'),
(55, 'osspdf_enable_numbering'),
(51, 'osspdf_pdf_format'),
(52, 'osspdf_pdf_orientation'),
(56, 'osspdf_view'),
(17, 'postatus'),
(45, 'progress'),
(38, 'projectmilestonetype'),
(44, 'projectpriority'),
(42, 'projectstatus'),
(40, 'projecttaskpriority'),
(41, 'projecttaskprogress'),
(46, 'projecttaskstatus'),
(39, 'projecttasktype'),
(43, 'projecttype'),
(61, 'pscategory'),
(62, 'pssubcategory'),
(19, 'quotestage'),
(58, 'rel_mod'),
(21, 'sales_stage'),
(22, 'salutationtype'),
(36, 'servicecategory'),
(35, 'service_usageunit'),
(23, 'sostatus'),
(63, 'ssservicesstatus'),
(48, 'start_hour'),
(24, 'taskpriority'),
(25, 'taskstatus'),
(26, 'ticketcategories'),
(27, 'ticketpriorities'),
(28, 'ticketseverities'),
(29, 'ticketstatus'),
(31, 'tracking_unit'),
(30, 'usageunit'),
(68, 'verification');

-- --------------------------------------------------------

--
-- Table structure for table `vtiger_picklistvalues_seq`
--

CREATE TABLE IF NOT EXISTS `vtiger_picklistvalues_seq` (
  `id` int(11) NOT NULL
) ENGINE=InnoDB DEFAULT CHARSET=utf8;

--
-- Dumping data for table `vtiger_picklistvalues_seq`
--

INSERT INTO `vtiger_picklistvalues_seq` (`id`) VALUES
(560);

-- --------------------------------------------------------

--
-- Table structure for table `vtiger_picklist_dependency`
--

CREATE TABLE IF NOT EXISTS `vtiger_picklist_dependency` (
  `id` int(11) NOT NULL,
  `tabid` int(19) NOT NULL,
  `sourcefield` varchar(255) DEFAULT NULL,
  `targetfield` varchar(255) DEFAULT NULL,
  `sourcevalue` varchar(100) DEFAULT NULL,
  `targetvalues` text,
  `criteria` text,
  PRIMARY KEY (`id`)
) ENGINE=InnoDB DEFAULT CHARSET=utf8;

--
-- Dumping data for table `vtiger_picklist_dependency`
--

INSERT INTO `vtiger_picklist_dependency` (`id`, `tabid`, `sourcefield`, `targetfield`, `sourcevalue`, `targetvalues`, `criteria`) VALUES
(1, 7, 'industry', 'subindustry', 'Administration', '["Ministry","Chancellery","Voivodeship Office","Marshal Office","Poviat","City\\/Township\\/District","Social Welfare Centre","Water and Sewerage Company","Voivodeship Job Centre","Poviat Job Centre","Court of justice","Attorney General''s Office","Other"]', NULL),
(2, 7, 'industry', 'subindustry', 'Construction Industry', '["Other","Deweloperzy","Real Estate"]', NULL),
(3, 7, 'industry', 'subindustry', 'Education', '["Other","Primary Schools","High Schools"]', NULL),
(4, 7, 'industry', 'subindustry', 'Power Industry', '[""]', NULL),
(5, 7, 'industry', 'subindustry', 'Finance', '["Other","Banking","Capital Market","Financial Services","Investments","Insurance"]', NULL),
(6, 7, 'industry', 'subindustry', 'Trade', '["Other","Retail","Wholesale","Resale"]', NULL),
(7, 7, 'industry', 'subindustry', 'Hotels and Restaurants', '[""]', NULL),
(8, 7, 'industry', 'subindustry', 'Health Care', '[""]', NULL),
(9, 7, 'industry', 'subindustry', 'Industry / Manufacturing', '["Other","Automotive","Plastics","Chamical","Raw material","Fuel","Wood and paper","Electromechanical","Pharmaceutical","Building Materials","Metal","Light","Food industry","Recycling"]', NULL),
(10, 7, 'industry', 'subindustry', 'Uniformed Services', '["Army","Police"]', NULL),
(11, 7, 'industry', 'subindustry', 'Transport & Logistics', '[""]', NULL),
(12, 7, 'industry', 'subindustry', 'Technologies', '["Other","Information Technology","Telecommunication","Media"]', NULL);

-- --------------------------------------------------------

--
-- Table structure for table `vtiger_picklist_dependency_seq`
--

CREATE TABLE IF NOT EXISTS `vtiger_picklist_dependency_seq` (
  `id` int(11) NOT NULL
) ENGINE=InnoDB DEFAULT CHARSET=utf8;

--
-- Dumping data for table `vtiger_picklist_dependency_seq`
--

INSERT INTO `vtiger_picklist_dependency_seq` (`id`) VALUES
(12);

-- --------------------------------------------------------

--
-- Table structure for table `vtiger_picklist_seq`
--

CREATE TABLE IF NOT EXISTS `vtiger_picklist_seq` (
  `id` int(11) NOT NULL
) ENGINE=InnoDB DEFAULT CHARSET=utf8;

--
-- Dumping data for table `vtiger_picklist_seq`
--

INSERT INTO `vtiger_picklist_seq` (`id`) VALUES
(70);

-- --------------------------------------------------------

--
-- Table structure for table `vtiger_portal`
--

CREATE TABLE IF NOT EXISTS `vtiger_portal` (
  `portalid` int(19) NOT NULL,
  `portalname` varchar(200) NOT NULL,
  `portalurl` varchar(255) NOT NULL,
  `sequence` int(3) NOT NULL,
  `setdefault` int(3) NOT NULL DEFAULT '0',
  `createdtime` datetime DEFAULT NULL,
  PRIMARY KEY (`portalid`),
  KEY `portal_portalname_idx` (`portalname`)
) ENGINE=InnoDB DEFAULT CHARSET=utf8;

-- --------------------------------------------------------

--
-- Table structure for table `vtiger_portalinfo`
--

CREATE TABLE IF NOT EXISTS `vtiger_portalinfo` (
  `id` int(11) NOT NULL,
  `user_name` varchar(50) DEFAULT NULL,
  `user_password` varchar(30) DEFAULT NULL,
  `type` varchar(5) DEFAULT NULL,
  `last_login_time` datetime DEFAULT NULL,
  `login_time` datetime DEFAULT NULL,
  `logout_time` datetime DEFAULT NULL,
  `isactive` int(1) DEFAULT NULL,
  PRIMARY KEY (`id`)
) ENGINE=InnoDB DEFAULT CHARSET=utf8;

-- --------------------------------------------------------

--
-- Table structure for table `vtiger_postatus`
--

CREATE TABLE IF NOT EXISTS `vtiger_postatus` (
  `postatusid` int(19) NOT NULL AUTO_INCREMENT,
  `postatus` varchar(200) NOT NULL,
  `presence` int(1) NOT NULL DEFAULT '1',
  `picklist_valueid` int(19) NOT NULL DEFAULT '0',
  `sortorderid` int(11) DEFAULT NULL,
  PRIMARY KEY (`postatusid`),
  UNIQUE KEY `postatus_postatus_idx` (`postatus`)
) ENGINE=InnoDB  DEFAULT CHARSET=utf8 AUTO_INCREMENT=6 ;

--
-- Dumping data for table `vtiger_postatus`
--

INSERT INTO `vtiger_postatus` (`postatusid`, `postatus`, `presence`, `picklist_valueid`, `sortorderid`) VALUES
(1, 'Created', 0, 130, 0),
(2, 'Approved', 0, 131, 1),
(3, 'Delivered', 0, 132, 2),
(4, 'Cancelled', 0, 133, 3),
(5, 'Received Shipment', 0, 134, 4);

-- --------------------------------------------------------

--
-- Table structure for table `vtiger_postatushistory`
--

CREATE TABLE IF NOT EXISTS `vtiger_postatushistory` (
  `historyid` int(19) NOT NULL AUTO_INCREMENT,
  `purchaseorderid` int(19) NOT NULL,
  `vendorname` varchar(100) DEFAULT NULL,
  `total` decimal(10,0) DEFAULT NULL,
  `postatus` varchar(200) DEFAULT NULL,
  `lastmodified` datetime DEFAULT NULL,
  PRIMARY KEY (`historyid`),
  KEY `postatushistory_purchaseorderid_idx` (`purchaseorderid`)
) ENGINE=InnoDB DEFAULT CHARSET=utf8 AUTO_INCREMENT=1 ;

-- --------------------------------------------------------

--
-- Table structure for table `vtiger_postatus_seq`
--

CREATE TABLE IF NOT EXISTS `vtiger_postatus_seq` (
  `id` int(11) NOT NULL
) ENGINE=InnoDB DEFAULT CHARSET=utf8;

--
-- Dumping data for table `vtiger_postatus_seq`
--

INSERT INTO `vtiger_postatus_seq` (`id`) VALUES
(5);

-- --------------------------------------------------------

--
-- Table structure for table `vtiger_potential`
--

CREATE TABLE IF NOT EXISTS `vtiger_potential` (
  `potentialid` int(19) NOT NULL DEFAULT '0',
  `potential_no` varchar(100) NOT NULL,
  `related_to` int(19) DEFAULT NULL,
  `potentialname` varchar(120) NOT NULL,
  `currency` varchar(20) DEFAULT NULL,
  `closingdate` date DEFAULT NULL,
  `typeofrevenue` varchar(50) DEFAULT NULL,
  `private` int(1) DEFAULT '0',
  `campaignid` int(19) DEFAULT NULL,
  `sales_stage` varchar(200) DEFAULT NULL,
  `potentialtype` varchar(200) DEFAULT NULL,
  `leadsource` varchar(200) DEFAULT NULL,
  `productid` int(50) DEFAULT NULL,
  `productversion` varchar(50) DEFAULT NULL,
  `quotationref` varchar(50) DEFAULT NULL,
  `partnercontact` varchar(50) DEFAULT NULL,
  `remarks` varchar(50) DEFAULT NULL,
  `runtimefee` int(19) DEFAULT '0',
  `followupdate` date DEFAULT NULL,
  `evaluationstatus` varchar(50) DEFAULT NULL,
  `description` text,
  `forecastcategory` int(19) DEFAULT '0',
  `outcomeanalysis` int(19) DEFAULT '0',
  `forecast_amount` decimal(25,8) DEFAULT NULL,
  `isconvertedfromlead` varchar(3) DEFAULT '0',
  `contact_id` int(19) DEFAULT NULL,
  `sum_time` decimal(13,2) DEFAULT '0.00',
  `sum_time_so` decimal(13,2) DEFAULT '0.00',
  `sum_time_q` decimal(13,2) DEFAULT '0.00',
  `sum_time_all` decimal(13,2) DEFAULT '0.00',
  `sum_time_k` decimal(13,2) DEFAULT '0.00',
  `sum_quotes` decimal(25,8) DEFAULT '0.00000000',
  `sum_salesorders` decimal(25,8) DEFAULT '0.00000000',
  `sum_invoices` decimal(25,8) DEFAULT '0.00000000',
  `sum_calculations` decimal(25,8) DEFAULT '0.00000000',
  `average_profit_so` decimal(5,2) DEFAULT NULL,
  PRIMARY KEY (`potentialid`),
  KEY `potential_relatedto_idx` (`related_to`),
  KEY `potentail_sales_stage_idx` (`sales_stage`),
  KEY `potentail_sales_stage_amount_idx` (`sales_stage`),
  KEY `sum_quotes` (`sum_quotes`),
  KEY `sum_salesorders` (`sum_salesorders`),
  KEY `sum_invoices` (`sum_invoices`),
  KEY `sum_calculations` (`sum_calculations`),
  KEY `campaignid` (`campaignid`),
  KEY `productid` (`productid`)
) ENGINE=InnoDB DEFAULT CHARSET=utf8;

-- --------------------------------------------------------

--
-- Table structure for table `vtiger_potentialscf`
--

CREATE TABLE IF NOT EXISTS `vtiger_potentialscf` (
  `potentialid` int(19) NOT NULL DEFAULT '0',
  PRIMARY KEY (`potentialid`)
) ENGINE=InnoDB DEFAULT CHARSET=utf8;

-- --------------------------------------------------------

--
-- Table structure for table `vtiger_potstagehistory`
--

CREATE TABLE IF NOT EXISTS `vtiger_potstagehistory` (
  `historyid` int(19) NOT NULL AUTO_INCREMENT,
  `potentialid` int(19) NOT NULL,
  `amount` decimal(10,0) DEFAULT NULL,
  `stage` varchar(100) DEFAULT NULL,
  `probability` decimal(7,3) DEFAULT NULL,
  `expectedrevenue` decimal(10,0) DEFAULT NULL,
  `closedate` date DEFAULT NULL,
  `lastmodified` datetime DEFAULT NULL,
  PRIMARY KEY (`historyid`),
  KEY `potstagehistory_potentialid_idx` (`potentialid`)
) ENGINE=InnoDB DEFAULT CHARSET=utf8 AUTO_INCREMENT=1 ;

-- --------------------------------------------------------

--
-- Table structure for table `vtiger_pricebook`
--

CREATE TABLE IF NOT EXISTS `vtiger_pricebook` (
  `pricebookid` int(19) NOT NULL DEFAULT '0',
  `pricebook_no` varchar(100) NOT NULL,
  `bookname` varchar(100) DEFAULT NULL,
  `active` int(1) DEFAULT NULL,
  `currency_id` int(19) NOT NULL DEFAULT '1',
  PRIMARY KEY (`pricebookid`)
) ENGINE=InnoDB DEFAULT CHARSET=utf8;

-- --------------------------------------------------------

--
-- Table structure for table `vtiger_pricebookcf`
--

CREATE TABLE IF NOT EXISTS `vtiger_pricebookcf` (
  `pricebookid` int(19) NOT NULL DEFAULT '0',
  PRIMARY KEY (`pricebookid`)
) ENGINE=InnoDB DEFAULT CHARSET=utf8;

-- --------------------------------------------------------

--
-- Table structure for table `vtiger_pricebookproductrel`
--

CREATE TABLE IF NOT EXISTS `vtiger_pricebookproductrel` (
  `pricebookid` int(19) NOT NULL,
  `productid` int(19) NOT NULL,
  `listprice` decimal(27,8) DEFAULT NULL,
  `usedcurrency` int(11) NOT NULL DEFAULT '1',
  PRIMARY KEY (`pricebookid`,`productid`),
  KEY `pricebookproductrel_pricebookid_idx` (`pricebookid`),
  KEY `pricebookproductrel_productid_idx` (`productid`)
) ENGINE=InnoDB DEFAULT CHARSET=utf8;

-- --------------------------------------------------------

--
-- Table structure for table `vtiger_priority`
--

CREATE TABLE IF NOT EXISTS `vtiger_priority` (
  `priorityid` int(19) NOT NULL AUTO_INCREMENT,
  `priority` varchar(200) NOT NULL,
  `sortorderid` int(19) NOT NULL DEFAULT '0',
  `presence` int(1) NOT NULL DEFAULT '1',
  PRIMARY KEY (`priorityid`),
  UNIQUE KEY `priority_priority_idx` (`priority`)
) ENGINE=InnoDB DEFAULT CHARSET=utf8 AUTO_INCREMENT=1 ;

-- --------------------------------------------------------

--
-- Table structure for table `vtiger_productcategory`
--

CREATE TABLE IF NOT EXISTS `vtiger_productcategory` (
  `productcategoryid` int(19) NOT NULL AUTO_INCREMENT,
  `productcategory` varchar(200) NOT NULL,
  `presence` int(1) NOT NULL DEFAULT '1',
  `picklist_valueid` int(19) NOT NULL DEFAULT '0',
  `sortorderid` int(11) DEFAULT NULL,
  PRIMARY KEY (`productcategoryid`),
  UNIQUE KEY `productcategory_productcategory_idx` (`productcategory`)
) ENGINE=InnoDB  DEFAULT CHARSET=utf8 AUTO_INCREMENT=5 ;

--
-- Dumping data for table `vtiger_productcategory`
--

INSERT INTO `vtiger_productcategory` (`productcategoryid`, `productcategory`, `presence`, `picklist_valueid`, `sortorderid`) VALUES
(2, 'Hardware', 1, 136, 1),
(3, 'Software', 1, 137, 2),
(4, 'CRM Applications', 1, 138, 3);

-- --------------------------------------------------------

--
-- Table structure for table `vtiger_productcategory_seq`
--

CREATE TABLE IF NOT EXISTS `vtiger_productcategory_seq` (
  `id` int(11) NOT NULL
) ENGINE=InnoDB DEFAULT CHARSET=utf8;

--
-- Dumping data for table `vtiger_productcategory_seq`
--

INSERT INTO `vtiger_productcategory_seq` (`id`) VALUES
(4);

-- --------------------------------------------------------

--
-- Table structure for table `vtiger_productcf`
--

CREATE TABLE IF NOT EXISTS `vtiger_productcf` (
  `productid` int(19) NOT NULL DEFAULT '0',
  PRIMARY KEY (`productid`)
) ENGINE=InnoDB DEFAULT CHARSET=utf8;

-- --------------------------------------------------------

--
-- Table structure for table `vtiger_productcurrencyrel`
--

CREATE TABLE IF NOT EXISTS `vtiger_productcurrencyrel` (
  `productid` int(11) NOT NULL,
  `currencyid` int(11) NOT NULL,
  `converted_price` decimal(28,8) DEFAULT NULL,
  `actual_price` decimal(28,8) DEFAULT NULL,
  KEY `productid` (`productid`)
) ENGINE=InnoDB DEFAULT CHARSET=utf8;

-- --------------------------------------------------------

--
-- Table structure for table `vtiger_products`
--

CREATE TABLE IF NOT EXISTS `vtiger_products` (
  `productid` int(19) NOT NULL,
  `product_no` varchar(100) NOT NULL,
  `productname` varchar(100) DEFAULT NULL,
  `productcode` varchar(40) DEFAULT NULL,
  `pscategory` varchar(200) DEFAULT NULL,
  `manufacturer` varchar(200) DEFAULT NULL,
  `qty_per_unit` decimal(11,2) DEFAULT '0.00',
  `unit_price` decimal(25,8) DEFAULT NULL,
  `weight` decimal(11,3) DEFAULT NULL,
  `pack_size` int(11) DEFAULT NULL,
  `sales_start_date` date DEFAULT NULL,
  `sales_end_date` date DEFAULT NULL,
  `start_date` date DEFAULT NULL,
  `expiry_date` date DEFAULT NULL,
  `cost_factor` int(11) DEFAULT NULL,
  `commissionrate` decimal(7,3) DEFAULT NULL,
  `commissionmethod` varchar(50) DEFAULT NULL,
  `discontinued` int(1) NOT NULL DEFAULT '0',
  `usageunit` varchar(200) DEFAULT NULL,
  `reorderlevel` int(11) DEFAULT NULL,
  `website` varchar(100) DEFAULT NULL,
  `taxclass` varchar(200) DEFAULT NULL,
  `mfr_part_no` varchar(200) DEFAULT NULL,
  `vendor_part_no` varchar(200) DEFAULT NULL,
  `serialno` varchar(200) DEFAULT NULL,
  `qtyinstock` decimal(25,3) DEFAULT NULL,
  `productsheet` varchar(200) DEFAULT NULL,
  `qtyindemand` int(11) DEFAULT NULL,
  `glacct` varchar(200) DEFAULT NULL,
  `vendor_id` int(11) DEFAULT NULL,
  `imagename` text,
  `currency_id` int(19) NOT NULL DEFAULT '1',
  `pssubcategory` varchar(255) DEFAULT NULL,
  PRIMARY KEY (`productid`)
) ENGINE=InnoDB DEFAULT CHARSET=utf8;

-- --------------------------------------------------------

--
-- Table structure for table `vtiger_producttaxrel`
--

CREATE TABLE IF NOT EXISTS `vtiger_producttaxrel` (
  `productid` int(11) NOT NULL,
  `taxid` int(3) NOT NULL,
  `taxpercentage` decimal(7,3) DEFAULT NULL,
  KEY `producttaxrel_productid_idx` (`productid`),
  KEY `producttaxrel_taxid_idx` (`taxid`)
) ENGINE=InnoDB DEFAULT CHARSET=utf8;

-- --------------------------------------------------------

--
-- Table structure for table `vtiger_profile`
--

CREATE TABLE IF NOT EXISTS `vtiger_profile` (
  `profileid` int(10) NOT NULL AUTO_INCREMENT,
  `profilename` varchar(50) NOT NULL,
  `description` text,
  `directly_related_to_role` int(1) DEFAULT '0',
  PRIMARY KEY (`profileid`)
) ENGINE=InnoDB  DEFAULT CHARSET=utf8 AUTO_INCREMENT=5 ;

--
-- Dumping data for table `vtiger_profile`
--

INSERT INTO `vtiger_profile` (`profileid`, `profilename`, `description`, `directly_related_to_role`) VALUES
(1, 'Administrator', 'Admin Profile', 0),
(2, 'Sales Profile', 'Profile Related to Sales', 0),
(3, 'Support Profile', 'Profile Related to Support', 0),
(4, 'Guest Profile', 'Guest Profile for Test Users', 0);

-- --------------------------------------------------------

--
-- Table structure for table `vtiger_profile2field`
--

CREATE TABLE IF NOT EXISTS `vtiger_profile2field` (
  `profileid` int(11) NOT NULL,
  `tabid` int(10) DEFAULT NULL,
  `fieldid` int(19) NOT NULL,
  `visible` int(19) DEFAULT NULL,
  `readonly` int(19) DEFAULT NULL,
  PRIMARY KEY (`profileid`,`fieldid`),
  KEY `profile2field_profileid_tabid_fieldname_idx` (`profileid`,`tabid`),
  KEY `profile2field_tabid_profileid_idx` (`tabid`,`profileid`),
  KEY `profile2field_visible_profileid_idx` (`visible`,`profileid`)
) ENGINE=InnoDB DEFAULT CHARSET=utf8;

--
-- Dumping data for table `vtiger_profile2field`
--

INSERT INTO `vtiger_profile2field` (`profileid`, `tabid`, `fieldid`, `visible`, `readonly`) VALUES
(1, 6, 1, 0, 0),
(1, 6, 2, 0, 0),
(1, 6, 3, 0, 0),
(1, 6, 4, 0, 0),
(1, 6, 5, 0, 0),
(1, 6, 7, 0, 0),
(1, 6, 8, 0, 0),
(1, 6, 9, 0, 0),
(1, 6, 10, 0, 0),
(1, 6, 11, 0, 0),
(1, 6, 12, 0, 0),
(1, 6, 14, 0, 0),
(1, 6, 15, 0, 0),
(1, 6, 16, 0, 0),
(1, 6, 17, 0, 0),
(1, 6, 18, 0, 0),
(1, 6, 20, 0, 0),
(1, 6, 21, 0, 1),
(1, 6, 22, 0, 1),
(1, 6, 23, 0, 0),
(1, 6, 36, 0, 0),
(1, 7, 37, 0, 0),
(1, 7, 39, 0, 0),
(1, 7, 40, 0, 0),
(1, 7, 41, 0, 0),
(1, 7, 42, 0, 0),
(1, 7, 43, 0, 0),
(1, 7, 44, 0, 0),
(1, 7, 46, 0, 0),
(1, 7, 47, 0, 0),
(1, 7, 48, 0, 0),
(1, 7, 49, 0, 0),
(1, 7, 50, 0, 0),
(1, 7, 51, 0, 0),
(1, 7, 53, 0, 0),
(1, 7, 54, 0, 0),
(1, 7, 55, 0, 0),
(1, 7, 56, 0, 1),
(1, 7, 57, 0, 1),
(1, 7, 58, 0, 0),
(1, 7, 65, 0, 0),
(1, 4, 66, 0, 0),
(1, 4, 67, 0, 0),
(1, 4, 68, 0, 0),
(1, 4, 69, 0, 0),
(1, 4, 70, 0, 0),
(1, 4, 71, 0, 0),
(1, 4, 72, 0, 0),
(1, 4, 74, 0, 0),
(1, 4, 79, 0, 0),
(1, 4, 80, 0, 0),
(1, 4, 81, 0, 0),
(1, 4, 85, 0, 0),
(1, 4, 86, 0, 0),
(1, 4, 87, 0, 0),
(1, 4, 90, 0, 1),
(1, 4, 91, 0, 1),
(1, 4, 92, 0, 0),
(1, 4, 93, 0, 0),
(1, 4, 94, 0, 0),
(1, 4, 95, 0, 0),
(1, 4, 108, 0, 0),
(1, 4, 109, 0, 0),
(1, 2, 110, 0, 0),
(1, 2, 111, 0, 0),
(1, 2, 113, 0, 0),
(1, 2, 114, 0, 0),
(1, 2, 115, 0, 0),
(1, 2, 117, 0, 0),
(1, 2, 118, 0, 0),
(1, 2, 119, 0, 0),
(1, 2, 121, 0, 0),
(1, 2, 122, 0, 1),
(1, 2, 123, 0, 1),
(1, 2, 124, 0, 0),
(1, 2, 125, 0, 0),
(1, 26, 126, 0, 0),
(1, 26, 127, 0, 0),
(1, 26, 128, 0, 0),
(1, 26, 129, 0, 0),
(1, 26, 130, 0, 0),
(1, 26, 131, 0, 0),
(1, 26, 132, 0, 0),
(1, 26, 133, 0, 0),
(1, 26, 134, 0, 0),
(1, 26, 135, 0, 0),
(1, 26, 136, 0, 0),
(1, 26, 137, 0, 1),
(1, 26, 138, 0, 1),
(1, 26, 139, 0, 0),
(1, 26, 140, 0, 0),
(1, 26, 141, 0, 0),
(1, 26, 142, 0, 0),
(1, 26, 143, 0, 0),
(1, 26, 144, 0, 0),
(1, 26, 145, 0, 0),
(1, 26, 146, 0, 0),
(1, 26, 147, 0, 0),
(1, 26, 148, 0, 0),
(1, 26, 149, 0, 0),
(1, 26, 150, 0, 0),
(1, 4, 151, 0, 0),
(1, 6, 152, 0, 0),
(1, 7, 153, 0, 0),
(1, 26, 154, 0, 0),
(1, 13, 155, 0, 0),
(1, 13, 156, 0, 0),
(1, 13, 157, 0, 0),
(1, 13, 158, 0, 0),
(1, 13, 159, 0, 0),
(1, 13, 160, 0, 0),
(1, 13, 161, 0, 0),
(1, 13, 162, 0, 0),
(1, 13, 163, 0, 0),
(1, 13, 166, 0, 1),
(1, 13, 167, 0, 1),
(1, 13, 168, 0, 0),
(1, 13, 169, 0, 0),
(1, 13, 170, 0, 0),
(1, 13, 171, 0, 0),
(1, 13, 172, 0, 0),
(1, 14, 173, 0, 0),
(1, 14, 174, 0, 0),
(1, 14, 175, 0, 0),
(1, 14, 176, 0, 0),
(1, 14, 177, 0, 0),
(1, 14, 178, 0, 0),
(1, 14, 179, 0, 0),
(1, 14, 180, 0, 0),
(1, 14, 181, 0, 0),
(1, 14, 182, 0, 0),
(1, 14, 183, 0, 0),
(1, 14, 184, 0, 0),
(1, 14, 185, 0, 0),
(1, 14, 186, 0, 0),
(1, 14, 187, 0, 0),
(1, 14, 188, 0, 0),
(1, 14, 189, 0, 0),
(1, 14, 190, 0, 1),
(1, 14, 191, 0, 1),
(1, 14, 192, 0, 0),
(1, 14, 193, 0, 0),
(1, 14, 194, 0, 0),
(1, 14, 195, 0, 0),
(1, 14, 196, 0, 0),
(1, 14, 197, 0, 0),
(1, 14, 198, 0, 0),
(1, 14, 199, 0, 0),
(1, 14, 200, 0, 0),
(1, 14, 201, 0, 0),
(1, 14, 202, 0, 0),
(1, 14, 203, 0, 0),
(1, 8, 204, 0, 0),
(1, 8, 205, 0, 1),
(1, 8, 206, 0, 1),
(1, 8, 207, 0, 0),
(1, 8, 208, 0, 0),
(1, 8, 209, 0, 0),
(1, 8, 210, 0, 1),
(1, 8, 211, 0, 1),
(1, 8, 212, 0, 0),
(1, 8, 213, 0, 0),
(1, 8, 214, 0, 0),
(1, 8, 215, 0, 1),
(1, 8, 216, 0, 0),
(1, 8, 217, 0, 0),
(1, 8, 218, 0, 0),
(1, 10, 219, 0, 0),
(1, 10, 220, 0, 0),
(1, 10, 221, 0, 0),
(1, 10, 222, 0, 0),
(1, 10, 223, 0, 0),
(1, 10, 224, 0, 0),
(1, 10, 225, 0, 0),
(1, 10, 226, 0, 0),
(1, 10, 227, 0, 0),
(1, 10, 228, 0, 1),
(1, 10, 229, 0, 0),
(1, 10, 230, 0, 0),
(1, 9, 231, 0, 0),
(1, 9, 232, 0, 0),
(1, 9, 233, 0, 0),
(1, 9, 234, 0, 0),
(1, 9, 235, 0, 0),
(1, 9, 236, 0, 0),
(1, 9, 237, 0, 0),
(1, 9, 238, 0, 0),
(1, 9, 239, 0, 0),
(1, 9, 240, 0, 0),
(1, 9, 241, 0, 0),
(1, 9, 242, 0, 0),
(1, 9, 243, 0, 1),
(1, 9, 244, 0, 1),
(1, 9, 245, 0, 0),
(1, 9, 246, 0, 0),
(1, 9, 247, 0, 0),
(1, 9, 248, 0, 0),
(1, 9, 249, 0, 0),
(1, 9, 250, 0, 0),
(1, 9, 251, 0, 0),
(1, 9, 252, 0, 0),
(1, 9, 253, 0, 0),
(1, 9, 254, 0, 0),
(1, 16, 255, 0, 0),
(1, 16, 256, 0, 0),
(1, 16, 257, 0, 0),
(1, 16, 258, 0, 0),
(1, 16, 259, 0, 0),
(1, 16, 260, 0, 0),
(1, 16, 261, 0, 0),
(1, 16, 262, 0, 0),
(1, 16, 263, 0, 0),
(1, 16, 264, 0, 0),
(1, 16, 265, 0, 0),
(1, 16, 266, 0, 0),
(1, 16, 267, 0, 0),
(1, 16, 268, 0, 0),
(1, 16, 269, 0, 1),
(1, 16, 270, 0, 1),
(1, 16, 271, 0, 0),
(1, 16, 272, 0, 0),
(1, 16, 273, 0, 0),
(1, 16, 274, 0, 0),
(1, 16, 275, 0, 0),
(1, 16, 276, 0, 0),
(1, 16, 277, 0, 0),
(1, 15, 278, 0, 0),
(1, 15, 279, 0, 0),
(1, 15, 280, 0, 0),
(1, 15, 281, 0, 0),
(1, 15, 282, 0, 0),
(1, 15, 283, 0, 0),
(1, 15, 284, 0, 0),
(1, 15, 285, 0, 1),
(1, 15, 286, 0, 1),
(1, 15, 287, 0, 0),
(1, 18, 288, 0, 0),
(1, 18, 289, 0, 0),
(1, 18, 290, 0, 0),
(1, 18, 291, 0, 0),
(1, 18, 292, 0, 0),
(1, 18, 293, 0, 0),
(1, 18, 294, 0, 0),
(1, 18, 295, 0, 1),
(1, 18, 296, 0, 1),
(1, 18, 297, 0, 0),
(1, 18, 304, 0, 0),
(1, 19, 305, 0, 0),
(1, 19, 306, 0, 0),
(1, 19, 307, 0, 0),
(1, 19, 308, 0, 1),
(1, 19, 309, 0, 1),
(1, 19, 310, 0, 0),
(1, 19, 311, 0, 0),
(1, 19, 312, 0, 0),
(1, 20, 313, 0, 0),
(1, 20, 314, 0, 0),
(1, 20, 315, 0, 0),
(1, 20, 316, 0, 0),
(1, 20, 317, 0, 0),
(1, 20, 318, 0, 0),
(1, 20, 319, 0, 0),
(1, 20, 320, 0, 0),
(1, 20, 321, 0, 0),
(1, 20, 324, 0, 0),
(1, 20, 325, 0, 0),
(1, 20, 326, 0, 0),
(1, 20, 327, 0, 0),
(1, 20, 329, 0, 0),
(1, 20, 330, 0, 0),
(1, 20, 331, 0, 1),
(1, 20, 332, 0, 1),
(1, 20, 333, 0, 0),
(1, 20, 334, 0, 0),
(1, 20, 335, 0, 0),
(1, 20, 348, 0, 0),
(1, 20, 349, 0, 0),
(1, 21, 350, 0, 0),
(1, 21, 351, 0, 0),
(1, 21, 352, 0, 0),
(1, 21, 353, 0, 0),
(1, 21, 354, 0, 0),
(1, 21, 355, 0, 0),
(1, 21, 356, 0, 0),
(1, 21, 357, 0, 0),
(1, 21, 359, 0, 0),
(1, 21, 360, 0, 0),
(1, 21, 361, 0, 0),
(1, 21, 362, 0, 0),
(1, 21, 363, 0, 0),
(1, 21, 364, 0, 0),
(1, 21, 365, 0, 0),
(1, 21, 367, 0, 0),
(1, 21, 368, 0, 0),
(1, 21, 369, 0, 1),
(1, 21, 370, 0, 1),
(1, 21, 371, 0, 0),
(1, 21, 372, 0, 0),
(1, 21, 373, 0, 0),
(1, 21, 386, 0, 0),
(1, 21, 387, 0, 0),
(1, 22, 388, 0, 0),
(1, 22, 389, 0, 0),
(1, 22, 390, 0, 0),
(1, 22, 391, 0, 0),
(1, 22, 392, 0, 0),
(1, 22, 393, 0, 0),
(1, 22, 394, 0, 0),
(1, 22, 395, 0, 0),
(1, 22, 396, 0, 0),
(1, 22, 397, 0, 0),
(1, 22, 398, 0, 0),
(1, 22, 400, 0, 0),
(1, 22, 401, 0, 0),
(1, 22, 402, 0, 0),
(1, 22, 403, 0, 0),
(1, 22, 404, 0, 0),
(1, 22, 405, 0, 0),
(1, 22, 406, 0, 0),
(1, 22, 408, 0, 0),
(1, 22, 409, 0, 0),
(1, 22, 410, 0, 1),
(1, 22, 411, 0, 1),
(1, 22, 412, 0, 0),
(1, 22, 413, 0, 0),
(1, 22, 414, 0, 0),
(1, 22, 427, 0, 0),
(1, 22, 428, 0, 0),
(1, 22, 429, 0, 0),
(1, 22, 430, 0, 0),
(1, 22, 431, 0, 0),
(1, 22, 432, 0, 0),
(1, 22, 433, 0, 0),
(1, 22, 434, 0, 0),
(1, 23, 435, 0, 0),
(1, 23, 436, 0, 0),
(1, 23, 437, 0, 0),
(1, 23, 438, 0, 0),
(1, 23, 439, 0, 0),
(1, 23, 440, 0, 0),
(1, 23, 441, 0, 0),
(1, 23, 443, 0, 0),
(1, 23, 444, 0, 0),
(1, 23, 445, 0, 0),
(1, 23, 446, 0, 0),
(1, 23, 447, 0, 0),
(1, 23, 448, 0, 0),
(1, 23, 449, 0, 0),
(1, 23, 451, 0, 0),
(1, 23, 452, 0, 0),
(1, 23, 453, 0, 0),
(1, 23, 454, 0, 1),
(1, 23, 455, 0, 1),
(1, 23, 456, 0, 0),
(1, 23, 457, 0, 0),
(1, 23, 458, 0, 0),
(1, 23, 471, 0, 0),
(1, 23, 472, 0, 0),
(1, 23, 473, 0, 0),
(1, 29, 474, 0, 0),
(1, 29, 478, 0, 0),
(1, 29, 479, 0, 0),
(1, 29, 481, 0, 0),
(1, 29, 513, 0, 0),
(1, 10, 518, 0, 0),
(1, 10, 519, 0, 0),
(1, 10, 520, 0, 0),
(1, 10, 521, 0, 0),
(1, 10, 522, 0, 0),
(1, 10, 523, 0, 0),
(1, 33, 524, 0, 0),
(1, 33, 525, 0, 0),
(1, 33, 526, 0, 0),
(1, 33, 527, 0, 0),
(1, 33, 528, 0, 0),
(1, 33, 529, 0, 0),
(1, 33, 530, 0, 0),
(1, 33, 531, 0, 0),
(1, 33, 532, 0, 0),
(1, 33, 533, 0, 0),
(1, 33, 534, 0, 0),
(1, 33, 535, 0, 0),
(1, 33, 536, 0, 0),
(1, 33, 537, 0, 0),
(1, 33, 538, 0, 1),
(1, 33, 539, 0, 1),
(1, 29, 540, 0, 0),
(1, 34, 541, 0, 0),
(1, 34, 542, 0, 1),
(1, 34, 543, 0, 1),
(1, 34, 544, 0, 0),
(1, 34, 545, 0, 1),
(1, 34, 546, 0, 0),
(1, 34, 547, 0, 0),
(1, 34, 548, 0, 0),
(1, 34, 549, 0, 0),
(1, 34, 550, 0, 0),
(1, 34, 551, 0, 0),
(1, 34, 552, 0, 1),
(1, 34, 553, 0, 1),
(1, 34, 554, 0, 0),
(1, 34, 555, 0, 0),
(1, 34, 556, 0, 0),
(1, 34, 557, 0, 1),
(1, 34, 558, 0, 0),
(1, 34, 559, 0, 0),
(1, 35, 560, 0, 0),
(1, 35, 561, 0, 0),
(1, 35, 562, 0, 0),
(1, 35, 563, 0, 0),
(1, 35, 564, 0, 0),
(1, 35, 565, 0, 0),
(1, 35, 566, 0, 0),
(1, 35, 567, 0, 0),
(1, 35, 568, 0, 1),
(1, 35, 569, 0, 1),
(1, 35, 570, 0, 0),
(1, 35, 571, 0, 0),
(1, 35, 572, 0, 0),
(1, 35, 573, 0, 0),
(1, 35, 574, 0, 0),
(1, 35, 575, 0, 0),
(1, 35, 576, 0, 0),
(1, 35, 577, 0, 0),
(1, 35, 578, 0, 0),
(1, 37, 579, 0, 0),
(1, 37, 580, 0, 0),
(1, 37, 581, 0, 0),
(1, 37, 582, 0, 0),
(1, 37, 583, 0, 0),
(1, 37, 584, 0, 0),
(1, 37, 585, 0, 0),
(1, 37, 586, 0, 0),
(1, 37, 587, 0, 0),
(1, 37, 589, 0, 0),
(1, 37, 590, 0, 0),
(1, 37, 592, 0, 0),
(1, 37, 593, 0, 1),
(1, 37, 594, 0, 1),
(1, 37, 595, 0, 0),
(1, 40, 597, 0, 0),
(1, 40, 598, 0, 0),
(1, 40, 599, 0, 1),
(1, 40, 600, 0, 1),
(1, 40, 601, 0, 0),
(1, 40, 602, 0, 1),
(1, 40, 603, 0, 0),
(1, 41, 604, 0, 0),
(1, 41, 605, 0, 0),
(1, 41, 606, 0, 0),
(1, 41, 607, 0, 0),
(1, 41, 608, 0, 0),
(1, 41, 609, 0, 0),
(1, 41, 610, 0, 1),
(1, 41, 611, 0, 1),
(1, 41, 612, 0, 0),
(1, 41, 613, 0, 0),
(1, 42, 614, 0, 0),
(1, 42, 615, 0, 0),
(1, 42, 616, 0, 0),
(1, 42, 617, 0, 0),
(1, 42, 618, 0, 0),
(1, 42, 619, 0, 0),
(1, 42, 620, 0, 0),
(1, 42, 621, 0, 0),
(1, 42, 622, 0, 0),
(1, 42, 623, 0, 0),
(1, 42, 624, 0, 0),
(1, 42, 625, 0, 1),
(1, 42, 626, 0, 1),
(1, 42, 627, 0, 0),
(1, 42, 628, 0, 0),
(1, 43, 629, 0, 0),
(1, 43, 630, 0, 0),
(1, 43, 631, 0, 0),
(1, 43, 632, 0, 0),
(1, 43, 633, 0, 0),
(1, 43, 634, 0, 0),
(1, 43, 635, 0, 0),
(1, 43, 636, 0, 0),
(1, 43, 637, 0, 0),
(1, 43, 638, 0, 0),
(1, 43, 639, 0, 0),
(1, 43, 640, 0, 0),
(1, 43, 641, 0, 0),
(1, 43, 642, 0, 1),
(1, 43, 643, 0, 1),
(1, 43, 644, 0, 0),
(1, 43, 645, 0, 0),
(1, 45, 646, 0, 0),
(1, 45, 647, 0, 1),
(1, 45, 648, 0, 1),
(1, 45, 649, 0, 0),
(1, 45, 650, 0, 0),
(1, 2, 651, 0, 0),
(1, 29, 652, 0, 0),
(1, 23, 653, 0, 1),
(1, 23, 654, 0, 1),
(1, 23, 655, 0, 1),
(1, 23, 656, 0, 1),
(1, 23, 657, 0, 1),
(1, 23, 658, 0, 1),
(1, 23, 659, 0, 1),
(1, 23, 660, 0, 1),
(1, 23, 661, 0, 1),
(1, 22, 662, 0, 1),
(1, 22, 663, 0, 1),
(1, 22, 664, 0, 1),
(1, 22, 665, 0, 1),
(1, 22, 666, 0, 1),
(1, 22, 667, 0, 1),
(1, 22, 668, 0, 1),
(1, 22, 669, 0, 1),
(1, 22, 670, 0, 1),
(1, 21, 671, 0, 1),
(1, 21, 672, 0, 1),
(1, 21, 673, 0, 1),
(1, 21, 674, 0, 1),
(1, 21, 675, 0, 1),
(1, 21, 676, 0, 1),
(1, 21, 677, 0, 1),
(1, 21, 678, 0, 1),
(1, 21, 679, 0, 1),
(1, 20, 680, 0, 1),
(1, 20, 681, 0, 1),
(1, 20, 682, 0, 1),
(1, 20, 683, 0, 1),
(1, 20, 684, 0, 1),
(1, 20, 685, 0, 1),
(1, 20, 686, 0, 1),
(1, 20, 687, 0, 1),
(1, 20, 688, 0, 1),
(1, 29, 689, 0, 0),
(1, 42, 690, 0, 0),
(1, 40, 691, 0, 0),
(1, 29, 692, 0, 0),
(1, 29, 693, 0, 0),
(1, 29, 694, 0, 0),
(1, 23, 695, 0, 0),
(1, 22, 696, 0, 0),
(1, 21, 697, 0, 0),
(1, 20, 698, 0, 0),
(1, 29, 699, 0, 0),
(1, 6, 700, 0, 1),
(1, 4, 701, 0, 1),
(1, 2, 702, 0, 1),
(1, 29, 703, 0, 0),
(1, 23, 704, 0, 0),
(1, 23, 705, 0, 0),
(1, 21, 706, 0, 0),
(1, 21, 707, 0, 0),
(1, 18, 708, 0, 0),
(1, 40, 710, 0, 0),
(1, 40, 711, 0, 0),
(1, 29, 716, 0, 0),
(1, 2, 717, 0, 0),
(1, 13, 718, 0, 0),
(1, 29, 719, 0, 0),
(1, 13, 720, 0, 0),
(1, 29, 721, 0, 0),
(1, 29, 722, 0, 0),
(1, 29, 723, 0, 0),
(1, 2, 724, 0, 1),
(1, 4, 725, 0, 1),
(1, 6, 726, 0, 1),
(1, 7, 727, 0, 1),
(1, 9, 729, 0, 1),
(1, 13, 730, 0, 1),
(1, 18, 734, 0, 1),
(1, 21, 737, 0, 1),
(1, 23, 739, 0, 1),
(1, 33, 741, 0, 1),
(1, 34, 742, 0, 1),
(1, 35, 743, 0, 1),
(1, 37, 744, 0, 1),
(1, 40, 745, 0, 1),
(1, 41, 746, 0, 1),
(1, 42, 747, 0, 1),
(1, 43, 748, 0, 1),
(1, 45, 749, 0, 1),
(1, 47, 750, 0, 0),
(1, 47, 751, 0, 0),
(1, 47, 752, 0, 0),
(1, 47, 753, 0, 0),
(1, 47, 754, 0, 0),
(1, 47, 755, 0, 0),
(1, 47, 756, 0, 0),
(1, 47, 757, 0, 0),
(1, 47, 758, 0, 0),
(1, 47, 759, 0, 0),
(1, 47, 760, 0, 0),
(1, 47, 761, 0, 0),
(1, 47, 762, 0, 0),
(1, 47, 763, 0, 0),
(1, 47, 764, 0, 0),
(1, 47, 765, 0, 1),
(1, 47, 766, 0, 1),
(1, 47, 767, 0, 0),
(1, 47, 768, 0, 0),
(1, 47, 769, 0, 0),
(1, 47, 770, 0, 0),
(1, 47, 771, 0, 0),
(1, 47, 772, 0, 0),
(1, 49, 773, 0, 0),
(1, 49, 774, 0, 0),
(1, 49, 775, 0, 1),
(1, 49, 776, 0, 1),
(1, 49, 777, 0, 0),
(1, 49, 778, 0, 0),
(1, 49, 779, 0, 0),
(1, 51, 780, 0, 0),
(1, 51, 781, 0, 0),
(1, 51, 782, 0, 0),
(1, 51, 783, 0, 0),
(1, 51, 784, 0, 0),
(1, 51, 785, 0, 0),
(1, 51, 786, 0, 0),
(1, 51, 787, 0, 0),
(1, 51, 788, 0, 0),
(1, 51, 789, 0, 0),
(1, 51, 790, 0, 0),
(1, 51, 791, 0, 1),
(1, 51, 792, 0, 1),
(1, 51, 793, 0, 0),
(1, 51, 794, 0, 0),
(1, 51, 795, 0, 0),
(1, 51, 796, 0, 0),
(1, 51, 797, 0, 0),
(1, 51, 798, 0, 0),
(1, 51, 799, 0, 0),
(1, 51, 800, 0, 0),
(1, 51, 801, 0, 0),
(1, 51, 802, 0, 0),
(1, 51, 804, 0, 0),
(1, 51, 805, 0, 0),
(1, 51, 806, 0, 0),
(1, 51, 807, 0, 0),
(1, 51, 808, 0, 0),
(1, 51, 809, 0, 0),
(1, 51, 810, 0, 0),
(1, 51, 811, 0, 0),
(1, 51, 812, 0, 0),
(1, 51, 813, 0, 0),
(1, 13, 814, 0, 0),
(1, 13, 815, 0, 0),
(1, 42, 816, 0, 0),
(1, 42, 817, 0, 0),
(1, 37, 818, 0, 0),
(1, 37, 819, 0, 0),
(1, 34, 820, 0, 0),
(1, 34, 821, 0, 0),
(1, 22, 822, 0, 0),
(1, 22, 823, 0, 0),
(1, 20, 824, 0, 0),
(1, 20, 825, 0, 0),
(1, 43, 826, 0, 0),
(1, 43, 827, 0, 0),
(1, 43, 828, 0, 0),
(1, 43, 830, 0, 0),
(1, 43, 832, 0, 0),
(1, 2, 834, 0, 0),
(1, 2, 835, 0, 0),
(1, 2, 836, 0, 0),
(1, 2, 838, 0, 0),
(1, 2, 840, 0, 0),
(1, 54, 842, 0, 0),
(1, 54, 843, 0, 0),
(1, 54, 844, 0, 0),
(1, 54, 845, 0, 0),
(1, 54, 846, 0, 0),
(1, 54, 847, 0, 0),
(1, 54, 848, 0, 0),
(1, 54, 849, 0, 0),
(1, 54, 850, 0, 0),
(1, 54, 851, 0, 0),
(1, 54, 852, 0, 0),
(1, 54, 853, 0, 0),
(1, 54, 854, 0, 0),
(1, 54, 855, 0, 0),
(1, 54, 856, 0, 0),
(1, 54, 857, 0, 0),
(1, 54, 858, 0, 1),
(1, 54, 859, 0, 1),
(1, 54, 860, 0, 0),
(1, 54, 861, 0, 1),
(1, 54, 862, 0, 1),
(1, 54, 863, 0, 0),
(1, 54, 864, 0, 0),
(1, 8, 865, 0, 0),
(1, 57, 866, 0, 0),
(1, 57, 867, 0, 0),
(1, 57, 868, 0, 0),
(1, 57, 869, 0, 0),
(1, 57, 870, 0, 0),
(1, 57, 871, 0, 0),
(1, 57, 872, 0, 0),
(1, 57, 873, 0, 0),
(1, 57, 874, 0, 0),
(1, 57, 875, 0, 1),
(1, 57, 876, 0, 1),
(1, 57, 877, 0, 0),
(1, 57, 878, 0, 0),
(1, 58, 879, 0, 0),
(1, 58, 880, 0, 0),
(1, 58, 881, 0, 0),
(1, 58, 882, 0, 0),
(1, 58, 883, 0, 0),
(1, 58, 884, 0, 0),
(1, 58, 885, 0, 0),
(1, 58, 886, 0, 0),
(1, 58, 887, 0, 0),
(1, 58, 888, 0, 1),
(1, 58, 889, 0, 1),
(1, 58, 890, 0, 0),
(1, 58, 891, 0, 0),
(1, 59, 892, 0, 0),
(1, 59, 893, 0, 0),
(1, 59, 894, 0, 0),
(1, 59, 895, 0, 0),
(1, 59, 896, 0, 0),
(1, 59, 897, 0, 0),
(1, 59, 898, 0, 0),
(1, 59, 899, 0, 0),
(1, 59, 900, 0, 0),
(1, 59, 901, 0, 0),
(1, 59, 902, 0, 1),
(1, 59, 903, 0, 1),
(1, 59, 904, 0, 0),
(1, 59, 905, 0, 0),
(1, 58, 909, 0, 0),
(1, 35, 910, 0, 0),
(1, 14, 911, 0, 0),
(1, 59, 912, 0, 0),
(1, 57, 913, 0, 0),
(1, 58, 914, 0, 0),
(1, 58, 915, 0, 0),
(1, 59, 916, 0, 0),
(1, 57, 917, 0, 0),
(1, 58, 918, 0, 0),
(1, 59, 923, 0, 0),
(1, 57, 924, 0, 0),
(1, 58, 925, 0, 0),
(1, 37, 926, 0, 0),
(1, 60, 927, 0, 0),
(1, 60, 928, 0, 0),
(1, 60, 929, 0, 0),
(1, 60, 930, 0, 0),
(1, 60, 931, 0, 0),
(1, 60, 932, 0, 0),
(1, 60, 933, 0, 0),
(1, 60, 934, 0, 1),
(1, 60, 935, 0, 1),
(1, 60, 936, 0, 0),
(1, 7, 938, 0, 0),
(1, 7, 940, 0, 0),
(1, 61, 941, 0, 0),
(1, 61, 942, 0, 0),
(1, 61, 943, 0, 0),
(1, 61, 944, 0, 0),
(1, 61, 945, 0, 0),
(1, 61, 946, 0, 0),
(1, 61, 947, 0, 0),
(1, 61, 948, 0, 0),
(1, 61, 949, 0, 0),
(1, 61, 950, 0, 0),
(1, 61, 951, 0, 1),
(1, 61, 952, 0, 1),
(1, 61, 953, 0, 0),
(1, 61, 954, 0, 0),
(1, 61, 955, 0, 0),
(1, 61, 956, 0, 0),
(1, 61, 957, 0, 0),
(1, 61, 958, 0, 0),
(1, 61, 959, 0, 0),
(1, 61, 960, 0, 0),
(1, 61, 961, 0, 0),
(1, 61, 962, 0, 0),
(1, 61, 963, 0, 0),
(1, 61, 964, 0, 0),
(1, 61, 965, 0, 0),
(1, 61, 966, 0, 0),
(1, 7, 967, 0, 0),
(1, 7, 968, 0, 0),
(1, 7, 969, 0, 0),
(1, 6, 970, 0, 0),
(1, 6, 971, 0, 0),
(1, 6, 972, 0, 0),
(1, 18, 973, 0, 0),
(1, 18, 974, 0, 0),
(1, 18, 975, 0, 0),
(1, 62, 976, 0, 0),
(1, 62, 977, 0, 0),
(1, 62, 978, 0, 0),
(1, 62, 979, 0, 0),
(1, 62, 980, 0, 1),
(1, 62, 981, 0, 1),
(1, 62, 982, 0, 0),
(1, 63, 983, 0, 0),
(1, 63, 984, 0, 0),
(1, 63, 985, 0, 0),
(1, 63, 986, 0, 0),
(1, 63, 987, 0, 1),
(1, 63, 988, 0, 1),
(1, 63, 989, 0, 0),
(1, 64, 990, 0, 0),
(1, 64, 991, 0, 0),
(1, 64, 992, 0, 0),
(1, 64, 993, 0, 0),
(1, 64, 994, 0, 1),
(1, 64, 995, 0, 1),
(1, 64, 996, 0, 0),
(1, 65, 997, 0, 0),
(1, 65, 998, 0, 0),
(1, 65, 999, 0, 0),
(1, 65, 1000, 0, 0),
(1, 65, 1001, 0, 0),
(1, 65, 1002, 0, 0),
(1, 65, 1003, 0, 0),
(1, 65, 1004, 0, 1),
(1, 65, 1005, 0, 1),
(1, 65, 1006, 0, 0),
(1, 66, 1007, 0, 0),
(1, 66, 1008, 0, 0),
(1, 66, 1009, 0, 0),
(1, 66, 1010, 0, 0),
(1, 66, 1011, 0, 0),
(1, 66, 1012, 0, 0),
(1, 66, 1013, 0, 1),
(1, 66, 1014, 0, 1),
(1, 66, 1015, 0, 0),
(1, 67, 1016, 0, 0),
(1, 67, 1017, 0, 0),
(1, 67, 1018, 0, 0),
(1, 67, 1019, 0, 0),
(1, 67, 1020, 0, 0),
(1, 67, 1021, 0, 1),
(1, 67, 1022, 0, 1),
(1, 67, 1023, 0, 0),
(1, 68, 1024, 0, 0),
(1, 68, 1025, 0, 0),
(1, 68, 1026, 0, 0),
(1, 68, 1027, 0, 0),
(1, 68, 1028, 0, 1),
(1, 68, 1029, 0, 1),
(1, 68, 1030, 0, 0),
(1, 69, 1031, 0, 0),
(1, 69, 1032, 0, 0),
(1, 69, 1033, 0, 0),
(1, 69, 1034, 0, 0),
(1, 69, 1035, 0, 0),
(1, 69, 1036, 0, 0),
(1, 69, 1037, 0, 0),
(1, 69, 1038, 0, 0),
(1, 69, 1039, 0, 0),
(1, 69, 1040, 0, 1),
(1, 69, 1041, 0, 1),
(1, 69, 1042, 0, 0),
(1, 13, 1043, 0, 0),
(1, 43, 1044, 0, 0),
(1, 29, 1045, 0, 0),
(1, 34, 1046, 0, 0),
(1, 34, 1047, 0, 0),
(1, 34, 1048, 0, 0),
(1, 13, 1049, 0, 0),
(1, 64, 1050, 0, 0),
(1, 64, 1051, 0, 0),
(1, 64, 1052, 0, 0),
(1, 64, 1053, 0, 0),
(1, 63, 1054, 0, 0),
(1, 63, 1055, 0, 0),
(1, 63, 1056, 0, 0),
(1, 63, 1057, 0, 0),
(1, 63, 1058, 0, 0),
(1, 62, 1059, 0, 0),
(1, 62, 1060, 0, 0),
(1, 62, 1061, 0, 0),
(1, 62, 1062, 0, 0),
(1, 62, 1063, 0, 0),
(1, 62, 1064, 0, 0),
(1, 7, 1065, 0, 0),
(1, 7, 1066, 0, 0),
(1, 7, 1067, 0, 0),
(1, 7, 1068, 0, 0),
(1, 7, 1069, 0, 0),
(1, 7, 1070, 0, 0),
(1, 7, 1071, 0, 0),
(1, 7, 1072, 0, 0),
(1, 4, 1073, 0, 0),
(1, 4, 1074, 0, 0),
(1, 4, 1075, 0, 0),
(1, 4, 1076, 0, 0),
(1, 4, 1077, 0, 0),
(1, 4, 1078, 0, 0),
(1, 4, 1079, 0, 0),
(1, 4, 1080, 0, 0),
(1, 4, 1081, 0, 0),
(1, 4, 1082, 0, 0),
(1, 4, 1083, 0, 0),
(1, 4, 1084, 0, 0),
(1, 4, 1085, 0, 0),
(1, 4, 1086, 0, 0),
(1, 4, 1087, 0, 0),
(1, 4, 1088, 0, 0),
(1, 6, 1089, 0, 0),
(1, 6, 1090, 0, 0),
(1, 6, 1091, 0, 0),
(1, 6, 1092, 0, 0),
(1, 6, 1093, 0, 0),
(1, 6, 1094, 0, 0),
(1, 6, 1095, 0, 0),
(1, 6, 1096, 0, 0),
(1, 6, 1097, 0, 0),
(1, 6, 1098, 0, 0),
(1, 6, 1099, 0, 0),
(1, 6, 1100, 0, 0),
(1, 6, 1101, 0, 0),
(1, 6, 1102, 0, 0),
(1, 6, 1103, 0, 0),
(1, 6, 1104, 0, 0),
(1, 18, 1105, 0, 0),
(1, 18, 1106, 0, 0),
(1, 18, 1107, 0, 0),
(1, 18, 1108, 0, 0),
(1, 18, 1109, 0, 0),
(1, 18, 1110, 0, 0),
(1, 18, 1111, 0, 0),
(1, 18, 1112, 0, 0),
(1, 18, 1113, 0, 0),
(1, 18, 1114, 0, 0),
(1, 18, 1115, 0, 0),
(1, 18, 1116, 0, 0),
(1, 18, 1117, 0, 0),
(1, 18, 1118, 0, 0),
(1, 18, 1119, 0, 0),
(1, 18, 1120, 0, 0),
(1, 18, 1121, 0, 0),
(1, 18, 1122, 0, 0),
(1, 18, 1123, 0, 0),
(1, 18, 1124, 0, 0),
(1, 18, 1125, 0, 0),
(1, 18, 1126, 0, 0),
(1, 18, 1127, 0, 0),
(1, 18, 1128, 0, 0),
(1, 68, 1129, 0, 0),
(1, 67, 1130, 0, 0),
(1, 67, 1131, 0, 0),
(1, 66, 1132, 0, 0),
(1, 66, 1133, 0, 0),
(1, 66, 1134, 0, 0),
(1, 65, 1135, 0, 0),
(1, 65, 1136, 0, 0),
(1, 65, 1137, 0, 0),
(1, 65, 1138, 0, 0),
(1, 64, 1139, 0, 0),
(1, 64, 1140, 0, 0),
(1, 64, 1141, 0, 0),
(1, 64, 1142, 0, 0),
(1, 64, 1143, 0, 0),
(1, 63, 1144, 0, 0),
(1, 63, 1145, 0, 0),
(1, 63, 1146, 0, 0),
(1, 63, 1147, 0, 0),
(1, 63, 1148, 0, 0),
(1, 63, 1149, 0, 0),
(1, 62, 1150, 0, 0),
(1, 62, 1151, 0, 0),
(1, 62, 1152, 0, 0),
(1, 62, 1153, 0, 0),
(1, 62, 1154, 0, 0),
(1, 62, 1155, 0, 0),
(1, 62, 1156, 0, 0),
(1, 65, 1157, 0, 0),
(1, 64, 1158, 0, 0),
(1, 62, 1159, 0, 0),
(1, 6, 1160, 0, 0),
(1, 6, 1161, 0, 0),
(1, 6, 1162, 0, 0),
(1, 6, 1163, 0, 0),
(1, 6, 1164, 0, 0),
(1, 6, 1165, 0, 0),
(1, 6, 1166, 0, 0),
(1, 6, 1167, 0, 0),
(1, 20, 1168, 0, 0),
(1, 20, 1169, 0, 0),
(1, 20, 1170, 0, 0),
(1, 20, 1171, 0, 0),
(1, 20, 1172, 0, 0),
(1, 20, 1173, 0, 0),
(1, 20, 1174, 0, 0),
(1, 20, 1175, 0, 0),
(1, 20, 1176, 0, 0),
(1, 20, 1177, 0, 0),
(1, 20, 1178, 0, 0),
(1, 20, 1179, 0, 0),
(1, 20, 1180, 0, 0),
(1, 20, 1181, 0, 0),
(1, 20, 1182, 0, 0),
(1, 20, 1183, 0, 0),
(1, 21, 1184, 0, 0),
(1, 21, 1185, 0, 0),
(1, 21, 1186, 0, 0),
(1, 21, 1187, 0, 0),
(1, 21, 1188, 0, 0),
(1, 21, 1189, 0, 0),
(1, 21, 1190, 0, 0),
(1, 21, 1191, 0, 0),
(1, 21, 1192, 0, 0),
(1, 21, 1193, 0, 0),
(1, 21, 1194, 0, 0),
(1, 21, 1195, 0, 0),
(1, 21, 1196, 0, 0),
(1, 21, 1197, 0, 0),
(1, 21, 1199, 0, 0),
(1, 21, 1200, 0, 0),
(1, 22, 1201, 0, 0),
(1, 22, 1202, 0, 0),
(1, 22, 1203, 0, 0),
(1, 22, 1204, 0, 0),
(1, 22, 1205, 0, 0),
(1, 22, 1206, 0, 0),
(1, 22, 1207, 0, 0),
(1, 22, 1208, 0, 0),
(1, 22, 1209, 0, 0),
(1, 22, 1210, 0, 0),
(1, 22, 1211, 0, 0),
(1, 22, 1212, 0, 0),
(1, 22, 1213, 0, 0),
(1, 22, 1214, 0, 0),
(1, 22, 1215, 0, 0),
(1, 22, 1216, 0, 0),
(1, 23, 1217, 0, 0),
(1, 23, 1218, 0, 0),
(1, 23, 1219, 0, 0),
(1, 23, 1220, 0, 0),
(1, 23, 1221, 0, 0),
(1, 23, 1222, 0, 0),
(1, 23, 1223, 0, 0),
(1, 23, 1224, 0, 0),
(1, 23, 1225, 0, 0),
(1, 23, 1226, 0, 0),
(1, 23, 1227, 0, 0),
(1, 23, 1228, 0, 0),
(1, 23, 1229, 0, 0),
(1, 23, 1230, 0, 0),
(1, 23, 1231, 0, 0),
(1, 23, 1232, 0, 0),
(1, 70, 1233, 0, 0),
(1, 70, 1234, 0, 0),
(1, 70, 1235, 0, 0),
(1, 70, 1236, 0, 0),
(1, 70, 1237, 0, 0),
(1, 70, 1239, 0, 1),
(1, 70, 1240, 0, 1),
(1, 70, 1241, 0, 0),
(1, 70, 1242, 0, 0),
(1, 70, 1243, 0, 0),
(1, 70, 1244, 0, 0),
(1, 70, 1245, 0, 0),
(1, 70, 1246, 0, 0),
(1, 71, 1247, 0, 0),
(1, 71, 1248, 0, 0),
(1, 71, 1249, 0, 0),
(1, 71, 1250, 0, 0),
(1, 71, 1251, 0, 0),
(1, 71, 1252, 0, 0),
(1, 71, 1253, 0, 0),
(1, 71, 1254, 0, 0),
(1, 71, 1255, 0, 0),
(1, 71, 1256, 0, 0),
(1, 71, 1257, 0, 0),
(1, 71, 1258, 0, 0),
(1, 71, 1259, 0, 0),
(1, 71, 1260, 0, 1),
(1, 71, 1261, 0, 1),
(1, 71, 1262, 0, 0),
(1, 71, 1263, 0, 0),
(1, 71, 1265, 0, 0),
(1, 71, 1266, 0, 0),
(1, 71, 1267, 0, 0),
(1, 71, 1268, 0, 0),
(1, 71, 1269, 0, 0),
(1, 71, 1271, 0, 0),
(1, 71, 1272, 0, 0),
(1, 71, 1273, 0, 0),
(1, 66, 1275, 0, 0),
(1, 7, 1276, 0, 0),
(1, 6, 1277, 0, 0),
(1, 4, 1278, 0, 0),
(1, 18, 1279, 0, 0),
(1, 51, 1280, 0, 0),
(1, 2, 1281, 0, 0),
(1, 70, 1282, 0, 0),
(1, 70, 1283, 0, 0),
(1, 70, 1284, 0, 0),
(1, 6, 1285, 0, 0),
(1, 6, 1286, 0, 0),
(1, 6, 1287, 0, 0),
(1, 6, 1288, 0, 0),
(1, 6, 1289, 0, 0),
(1, 6, 1290, 0, 0),
(1, 7, 1291, 0, 0),
(1, 7, 1292, 0, 0),
(1, 4, 1293, 0, 0),
(1, 4, 1294, 0, 0),
(1, 4, 1295, 0, 0),
(1, 4, 1296, 0, 0),
(1, 20, 1297, 0, 0),
(1, 20, 1298, 0, 0),
(1, 20, 1299, 0, 0),
(1, 20, 1300, 0, 0),
(1, 21, 1301, 0, 0),
(1, 21, 1302, 0, 0),
(1, 21, 1303, 0, 0),
(1, 21, 1304, 0, 0),
(1, 22, 1305, 0, 0),
(1, 22, 1306, 0, 0),
(1, 22, 1307, 0, 0),
(1, 22, 1308, 0, 0),
(1, 23, 1309, 0, 0),
(1, 23, 1310, 0, 0),
(1, 23, 1311, 0, 0),
(1, 23, 1312, 0, 0),
(1, 37, 1314, 0, 0),
(1, 59, 1315, 0, 0),
(1, 57, 1316, 0, 0),
(1, 58, 1317, 0, 0),
(1, 42, 1318, 0, 0),
(1, 42, 1319, 0, 0),
(1, 42, 1320, 0, 0),
(1, 7, 1321, 0, 0),
(1, 29, 1322, 0, 0),
(1, 37, 1323, 0, 0),
(1, 37, 1324, 0, 0),
(1, 37, 1325, 0, 0),
(1, 51, 1326, 0, 0),
(1, 51, 1327, 0, 0),
(1, 51, 1328, 0, 0),
(1, 7, 1329, 0, 0),
(1, 6, 1330, 0, 0),
(1, 6, 1331, 0, 0),
(1, 4, 1332, 0, 0),
(1, 18, 1333, 0, 0),
(1, 20, 1334, 0, 0),
(1, 22, 1335, 0, 0),
(1, 21, 1336, 0, 0),
(1, 23, 1337, 0, 0),
(1, 71, 1338, 0, 0),
(1, 2, 1339, 0, 0),
(1, 43, 1340, 0, 0),
(1, 13, 1341, 0, 0),
(1, 58, 1342, 0, 0),
(1, 58, 1344, 0, 0),
(1, 20, 1345, 0, 0),
(1, 20, 1346, 0, 0),
(1, 20, 1347, 0, 0),
(1, 22, 1348, 0, 0),
(1, 22, 1349, 0, 0),
(1, 22, 1350, 0, 0),
(1, 23, 1351, 0, 0),
(1, 23, 1352, 0, 0),
(1, 23, 1353, 0, 0),
(1, 21, 1354, 0, 0),
(1, 21, 1355, 0, 0),
(1, 21, 1356, 0, 0),
(1, 2, 1357, 0, 0),
(1, 2, 1358, 0, 0),
(1, 2, 1359, 0, 0),
(1, 2, 1360, 0, 0),
(1, 6, 1363, 0, 0),
(1, 6, 1364, 0, 0),
(1, 23, 1367, 0, 0),
(1, 4, 1368, 0, 0),
(1, 6, 1369, 0, 0),
(1, 6, 1370, 0, 0),
(1, 71, 1371, 0, 0),
(1, 71, 1372, 0, 0),
(1, 71, 1373, 0, 0),
(1, 2, 1374, 0, 0),
(1, 6, 1375, 0, 0),
(1, 6, 1376, 0, 0),
(1, 26, 1377, 0, 0),
(1, 26, 1378, 0, 0),
(1, 2, 1379, 0, 0),
(1, 2, 1380, 0, 0),
(1, 43, 1381, 0, 0),
(1, 43, 1382, 0, 0),
(1, 13, 1383, 0, 0),
(1, 13, 1384, 0, 0),
(1, 4, 1385, 0, 0),
(1, 4, 1386, 0, 0),
(1, 70, 1387, 0, 0),
(1, 20, 1388, 0, 0),
(1, 23, 1389, 0, 0),
(1, 22, 1390, 0, 0),
(1, 4, 1391, 0, 0),
(1, 14, 1392, 0, 0),
(1, 14, 1393, 0, 0),
(1, 35, 1394, 0, 0),
(1, 35, 1395, 0, 0),
(1, 7, 1396, 0, 0),
(1, 7, 1397, 0, 0),
(1, 8, 1398, 0, 0),
(1, 8, 1399, 0, 0),
(1, 9, 1400, 0, 0),
(1, 9, 1401, 0, 0),
(1, 15, 1402, 0, 0),
(1, 15, 1403, 0, 0),
(1, 16, 1404, 0, 0),
(1, 16, 1405, 0, 0),
(1, 18, 1406, 0, 0),
(1, 18, 1407, 0, 0),
(1, 19, 1408, 0, 0),
(1, 19, 1409, 0, 0),
(1, 20, 1410, 0, 0),
(1, 20, 1411, 0, 0),
(1, 21, 1412, 0, 0),
(1, 21, 1413, 0, 0),
(1, 22, 1414, 0, 0),
(1, 22, 1415, 0, 0),
(1, 23, 1416, 0, 0),
(1, 23, 1417, 0, 0),
(1, 34, 1418, 0, 0),
(1, 34, 1419, 0, 0),
(1, 37, 1420, 0, 0),
(1, 37, 1421, 0, 0),
(1, 41, 1422, 0, 0),
(1, 41, 1423, 0, 0),
(1, 42, 1424, 0, 0),
(1, 42, 1425, 0, 0),
(1, 47, 1426, 0, 0),
(1, 47, 1427, 0, 0),
(1, 49, 1428, 0, 0),
(1, 49, 1429, 0, 0),
(1, 51, 1430, 0, 0),
(1, 51, 1431, 0, 0),
(1, 54, 1432, 0, 0),
(1, 54, 1433, 0, 0),
(1, 57, 1434, 0, 0),
(1, 57, 1435, 0, 0),
(1, 58, 1436, 0, 0),
(1, 58, 1437, 0, 0),
(1, 59, 1438, 0, 0),
(1, 59, 1439, 0, 0),
(1, 60, 1440, 0, 0),
(1, 60, 1441, 0, 0),
(1, 61, 1442, 0, 0),
(1, 61, 1443, 0, 0),
(1, 70, 1444, 0, 0),
(1, 70, 1445, 0, 0),
(1, 71, 1446, 0, 0),
(1, 71, 1447, 0, 0),
(1, 2, 1448, 0, 0),
(1, 4, 1449, 0, 0),
(1, 6, 1450, 0, 0),
(1, 7, 1451, 0, 0),
(1, 8, 1452, 0, 0),
(1, 9, 1453, 0, 0),
(1, 13, 1454, 0, 0),
(1, 14, 1455, 0, 0),
(1, 15, 1456, 0, 0),
(1, 16, 1457, 0, 0),
(1, 18, 1458, 0, 0),
(1, 19, 1459, 0, 0),
(1, 20, 1460, 0, 0),
(1, 21, 1461, 0, 0),
(1, 22, 1462, 0, 0),
(1, 23, 1463, 0, 0),
(1, 26, 1464, 0, 0),
(1, 34, 1465, 0, 0),
(1, 35, 1466, 0, 0),
(1, 37, 1467, 0, 0),
(1, 41, 1468, 0, 0),
(1, 42, 1469, 0, 0),
(1, 43, 1470, 0, 0),
(1, 47, 1471, 0, 0),
(1, 49, 1472, 0, 0),
(1, 51, 1473, 0, 0),
(1, 54, 1474, 0, 0),
(1, 57, 1475, 0, 0),
(1, 58, 1476, 0, 0),
(1, 59, 1477, 0, 0),
(1, 60, 1478, 0, 0),
(1, 61, 1479, 0, 0),
(1, 70, 1480, 0, 0),
(1, 71, 1481, 0, 0),
(1, 13, 1482, 0, 0),
(1, 13, 1483, 0, 0),
(1, 37, 1484, 0, 0),
(1, 58, 1485, 0, 0),
(1, 7, 1486, 0, 0),
(1, 4, 1487, 0, 0),
(1, 6, 1488, 0, 0),
(1, 18, 1489, 0, 0),
(1, 20, 1490, 0, 0),
(1, 21, 1491, 0, 0),
(1, 22, 1492, 0, 0),
(1, 23, 1493, 0, 0),
(1, 4, 1494, 0, 0),
(1, 6, 1495, 0, 0),
(1, 18, 1496, 0, 0),
(1, 20, 1497, 0, 0),
(1, 21, 1498, 0, 0),
(1, 22, 1499, 0, 0),
(1, 23, 1500, 0, 0),
(1, 18, 1501, 0, 0),
(1, 6, 1502, 0, 0),
(1, 4, 1503, 0, 0),
(2, 6, 1, 0, 0),
(2, 6, 2, 0, 0),
(2, 6, 3, 0, 0),
(2, 6, 4, 0, 0),
(2, 6, 5, 0, 0),
(2, 6, 7, 0, 0),
(2, 6, 8, 0, 0),
(2, 6, 9, 0, 0),
(2, 6, 10, 0, 0),
(2, 6, 11, 0, 0),
(2, 6, 12, 0, 0),
(2, 6, 14, 0, 0),
(2, 6, 15, 0, 0),
(2, 6, 16, 0, 0),
(2, 6, 17, 0, 0),
(2, 6, 18, 0, 0),
(2, 6, 20, 0, 0),
(2, 6, 21, 0, 1),
(2, 6, 22, 0, 1),
(2, 6, 23, 0, 0),
(2, 6, 36, 0, 0),
(2, 7, 37, 0, 0),
(2, 7, 39, 0, 0),
(2, 7, 40, 0, 0),
(2, 7, 41, 0, 0),
(2, 7, 42, 0, 0),
(2, 7, 43, 0, 0),
(2, 7, 44, 0, 0),
(2, 7, 46, 0, 0),
(2, 7, 47, 0, 0),
(2, 7, 48, 0, 0),
(2, 7, 49, 0, 0),
(2, 7, 50, 0, 0),
(2, 7, 51, 0, 0),
(2, 7, 53, 0, 0),
(2, 7, 54, 0, 0),
(2, 7, 55, 0, 0),
(2, 7, 56, 0, 1),
(2, 7, 57, 0, 1),
(2, 7, 58, 0, 0),
(2, 7, 65, 0, 0),
(2, 4, 66, 0, 0),
(2, 4, 67, 0, 0),
(2, 4, 68, 0, 0),
(2, 4, 69, 0, 0),
(2, 4, 70, 0, 0),
(2, 4, 71, 0, 0),
(2, 4, 72, 0, 0),
(2, 4, 74, 0, 0),
(2, 4, 79, 0, 0),
(2, 4, 80, 0, 0),
(2, 4, 81, 0, 0),
(2, 4, 85, 0, 0),
(2, 4, 86, 0, 0),
(2, 4, 87, 0, 0),
(2, 4, 90, 0, 1),
(2, 4, 91, 0, 1),
(2, 4, 92, 0, 0),
(2, 4, 93, 0, 0),
(2, 4, 94, 0, 0),
(2, 4, 95, 0, 0),
(2, 4, 108, 0, 0),
(2, 4, 109, 0, 0),
(2, 2, 110, 0, 0),
(2, 2, 111, 0, 0),
(2, 2, 113, 0, 0),
(2, 2, 114, 0, 0),
(2, 2, 115, 0, 0),
(2, 2, 117, 0, 0),
(2, 2, 118, 0, 0),
(2, 2, 119, 0, 0),
(2, 2, 121, 0, 0),
(2, 2, 122, 0, 1),
(2, 2, 123, 0, 1),
(2, 2, 124, 0, 0),
(2, 2, 125, 0, 0),
(2, 26, 126, 0, 0),
(2, 26, 127, 0, 0),
(2, 26, 128, 0, 0),
(2, 26, 129, 0, 0),
(2, 26, 130, 0, 0),
(2, 26, 131, 0, 0),
(2, 26, 132, 0, 0),
(2, 26, 133, 0, 0),
(2, 26, 134, 0, 0),
(2, 26, 135, 0, 0),
(2, 26, 136, 0, 0),
(2, 26, 137, 0, 1),
(2, 26, 138, 0, 1),
(2, 26, 139, 0, 0),
(2, 26, 140, 0, 0),
(2, 26, 141, 0, 0),
(2, 26, 142, 0, 0),
(2, 26, 143, 0, 0),
(2, 26, 144, 0, 0),
(2, 26, 145, 0, 0),
(2, 26, 146, 0, 0),
(2, 26, 147, 0, 0),
(2, 26, 148, 0, 0),
(2, 26, 149, 0, 0),
(2, 26, 150, 0, 0),
(2, 4, 151, 0, 0),
(2, 6, 152, 0, 0),
(2, 7, 153, 0, 0),
(2, 26, 154, 0, 0),
(2, 13, 155, 0, 0),
(2, 13, 156, 0, 0),
(2, 13, 157, 0, 0),
(2, 13, 158, 0, 0),
(2, 13, 159, 0, 0),
(2, 13, 160, 0, 0),
(2, 13, 161, 0, 0),
(2, 13, 162, 0, 0),
(2, 13, 163, 0, 0),
(2, 13, 166, 0, 1),
(2, 13, 167, 0, 1),
(2, 13, 168, 0, 0),
(2, 13, 169, 0, 0),
(2, 13, 170, 0, 0),
(2, 13, 171, 0, 0),
(2, 13, 172, 0, 0),
(2, 14, 173, 0, 0),
(2, 14, 174, 0, 0),
(2, 14, 175, 0, 0),
(2, 14, 176, 0, 0),
(2, 14, 177, 0, 0),
(2, 14, 178, 0, 0),
(2, 14, 179, 0, 0),
(2, 14, 180, 0, 0),
(2, 14, 181, 0, 0),
(2, 14, 182, 0, 0),
(2, 14, 183, 0, 0),
(2, 14, 184, 0, 0),
(2, 14, 185, 0, 0),
(2, 14, 186, 0, 0),
(2, 14, 187, 0, 0),
(2, 14, 188, 0, 0),
(2, 14, 189, 0, 0),
(2, 14, 190, 0, 1),
(2, 14, 191, 0, 1),
(2, 14, 192, 0, 0),
(2, 14, 193, 0, 0),
(2, 14, 194, 0, 0),
(2, 14, 195, 0, 0),
(2, 14, 196, 0, 0),
(2, 14, 197, 0, 0),
(2, 14, 198, 0, 0),
(2, 14, 199, 0, 0),
(2, 14, 200, 0, 0),
(2, 14, 201, 0, 0),
(2, 14, 202, 0, 0),
(2, 14, 203, 0, 0),
(2, 8, 204, 0, 0),
(2, 8, 205, 0, 1),
(2, 8, 206, 0, 1),
(2, 8, 207, 0, 0),
(2, 8, 208, 0, 0),
(2, 8, 209, 0, 0),
(2, 8, 210, 0, 1),
(2, 8, 211, 0, 1),
(2, 8, 212, 0, 0),
(2, 8, 213, 0, 0),
(2, 8, 214, 0, 0),
(2, 8, 215, 0, 1),
(2, 8, 216, 0, 0),
(2, 8, 217, 0, 0),
(2, 8, 218, 0, 0),
(2, 10, 219, 0, 0),
(2, 10, 220, 0, 0),
(2, 10, 221, 0, 0),
(2, 10, 222, 0, 0),
(2, 10, 223, 0, 0),
(2, 10, 224, 0, 0),
(2, 10, 225, 0, 0),
(2, 10, 226, 0, 0),
(2, 10, 227, 0, 0),
(2, 10, 228, 0, 1),
(2, 10, 229, 0, 0),
(2, 10, 230, 0, 0),
(2, 9, 231, 0, 0),
(2, 9, 232, 0, 0),
(2, 9, 233, 0, 0),
(2, 9, 234, 0, 0),
(2, 9, 235, 0, 0),
(2, 9, 236, 0, 0),
(2, 9, 237, 0, 0),
(2, 9, 238, 0, 0),
(2, 9, 239, 0, 0),
(2, 9, 240, 0, 0),
(2, 9, 241, 0, 0),
(2, 9, 242, 0, 0),
(2, 9, 243, 0, 1),
(2, 9, 244, 0, 1),
(2, 9, 245, 0, 0),
(2, 9, 246, 0, 0),
(2, 9, 247, 0, 0),
(2, 9, 248, 0, 0),
(2, 9, 249, 0, 0),
(2, 9, 250, 0, 0),
(2, 9, 251, 0, 0),
(2, 9, 252, 0, 0),
(2, 9, 253, 0, 0),
(2, 9, 254, 0, 0),
(2, 16, 255, 0, 0),
(2, 16, 256, 0, 0),
(2, 16, 257, 0, 0),
(2, 16, 258, 0, 0),
(2, 16, 259, 0, 0),
(2, 16, 260, 0, 0),
(2, 16, 261, 0, 0),
(2, 16, 262, 0, 0),
(2, 16, 263, 0, 0),
(2, 16, 264, 0, 0),
(2, 16, 265, 0, 0),
(2, 16, 266, 0, 0),
(2, 16, 267, 0, 0),
(2, 16, 268, 0, 0),
(2, 16, 269, 0, 1),
(2, 16, 270, 0, 1),
(2, 16, 271, 0, 0),
(2, 16, 272, 0, 0),
(2, 16, 273, 0, 0),
(2, 16, 274, 0, 0),
(2, 16, 275, 0, 0),
(2, 16, 276, 0, 0),
(2, 16, 277, 0, 0),
(2, 15, 278, 0, 0),
(2, 15, 279, 0, 0),
(2, 15, 280, 0, 0),
(2, 15, 281, 0, 0),
(2, 15, 282, 0, 0),
(2, 15, 283, 0, 0),
(2, 15, 284, 0, 0),
(2, 15, 285, 0, 1),
(2, 15, 286, 0, 1),
(2, 15, 287, 0, 0),
(2, 18, 288, 0, 0),
(2, 18, 289, 0, 0),
(2, 18, 290, 0, 0),
(2, 18, 291, 0, 0),
(2, 18, 292, 0, 0),
(2, 18, 293, 0, 0),
(2, 18, 294, 0, 0),
(2, 18, 295, 0, 1),
(2, 18, 296, 0, 1),
(2, 18, 297, 0, 0),
(2, 18, 304, 0, 0),
(2, 19, 305, 0, 0),
(2, 19, 306, 0, 0),
(2, 19, 307, 0, 0),
(2, 19, 308, 0, 1),
(2, 19, 309, 0, 1),
(2, 19, 310, 0, 0),
(2, 19, 311, 0, 0),
(2, 19, 312, 0, 0),
(2, 20, 313, 0, 0),
(2, 20, 314, 0, 0),
(2, 20, 315, 0, 0),
(2, 20, 316, 0, 0),
(2, 20, 317, 0, 0),
(2, 20, 318, 0, 0),
(2, 20, 319, 0, 0),
(2, 20, 320, 0, 0),
(2, 20, 321, 0, 0),
(2, 20, 324, 0, 0),
(2, 20, 325, 0, 0),
(2, 20, 326, 0, 0),
(2, 20, 327, 0, 0),
(2, 20, 329, 0, 0),
(2, 20, 330, 0, 0),
(2, 20, 331, 0, 1),
(2, 20, 332, 0, 1),
(2, 20, 333, 0, 0),
(2, 20, 334, 0, 0),
(2, 20, 335, 0, 0),
(2, 20, 348, 0, 0),
(2, 20, 349, 0, 0),
(2, 21, 350, 0, 0),
(2, 21, 351, 0, 0),
(2, 21, 352, 0, 0),
(2, 21, 353, 0, 0),
(2, 21, 354, 0, 0),
(2, 21, 355, 0, 0),
(2, 21, 356, 0, 0),
(2, 21, 357, 0, 0),
(2, 21, 359, 0, 0),
(2, 21, 360, 0, 0),
(2, 21, 361, 0, 0),
(2, 21, 362, 0, 0),
(2, 21, 363, 0, 0),
(2, 21, 364, 0, 0),
(2, 21, 365, 0, 0),
(2, 21, 367, 0, 0),
(2, 21, 368, 0, 0),
(2, 21, 369, 0, 1),
(2, 21, 370, 0, 1),
(2, 21, 371, 0, 0),
(2, 21, 372, 0, 0),
(2, 21, 373, 0, 0),
(2, 21, 386, 0, 0),
(2, 21, 387, 0, 0),
(2, 22, 388, 0, 0),
(2, 22, 389, 0, 0),
(2, 22, 390, 0, 0),
(2, 22, 391, 0, 0),
(2, 22, 392, 0, 0),
(2, 22, 393, 0, 0),
(2, 22, 394, 0, 0),
(2, 22, 395, 0, 0),
(2, 22, 396, 0, 0),
(2, 22, 397, 0, 0),
(2, 22, 398, 0, 0),
(2, 22, 400, 0, 0),
(2, 22, 401, 0, 0),
(2, 22, 402, 0, 0),
(2, 22, 403, 0, 0),
(2, 22, 404, 0, 0),
(2, 22, 405, 0, 0),
(2, 22, 406, 0, 0),
(2, 22, 408, 0, 0),
(2, 22, 409, 0, 0),
(2, 22, 410, 0, 1),
(2, 22, 411, 0, 1),
(2, 22, 412, 0, 0),
(2, 22, 413, 0, 0),
(2, 22, 414, 0, 0),
(2, 22, 427, 0, 0),
(2, 22, 428, 0, 0),
(2, 22, 429, 0, 0),
(2, 22, 430, 0, 0),
(2, 22, 431, 0, 0),
(2, 22, 432, 0, 0),
(2, 22, 433, 0, 0),
(2, 22, 434, 0, 0),
(2, 23, 435, 0, 0),
(2, 23, 436, 0, 0),
(2, 23, 437, 0, 0),
(2, 23, 438, 0, 0),
(2, 23, 439, 0, 0),
(2, 23, 440, 0, 0),
(2, 23, 441, 0, 0),
(2, 23, 443, 0, 0),
(2, 23, 444, 0, 0),
(2, 23, 445, 0, 0),
(2, 23, 446, 0, 0),
(2, 23, 447, 0, 0),
(2, 23, 448, 0, 0),
(2, 23, 449, 0, 0),
(2, 23, 451, 0, 0),
(2, 23, 452, 0, 0),
(2, 23, 453, 0, 0),
(2, 23, 454, 0, 1),
(2, 23, 455, 0, 1),
(2, 23, 456, 0, 0),
(2, 23, 457, 0, 0),
(2, 23, 458, 0, 0),
(2, 23, 471, 0, 0),
(2, 23, 472, 0, 0),
(2, 23, 473, 0, 0),
(2, 29, 474, 0, 0),
(2, 29, 478, 0, 0),
(2, 29, 479, 0, 0),
(2, 29, 481, 0, 0),
(2, 29, 513, 0, 0),
(2, 10, 518, 0, 0),
(2, 10, 519, 0, 0),
(2, 10, 520, 0, 0),
(2, 10, 521, 0, 0),
(2, 10, 522, 0, 0),
(2, 10, 523, 0, 0),
(2, 33, 524, 0, 0),
(2, 33, 525, 0, 0),
(2, 33, 526, 0, 0),
(2, 33, 527, 0, 0),
(2, 33, 528, 0, 0),
(2, 33, 529, 0, 0),
(2, 33, 530, 0, 0),
(2, 33, 531, 0, 0),
(2, 33, 532, 0, 0),
(2, 33, 533, 0, 0),
(2, 33, 534, 0, 0),
(2, 33, 535, 0, 0),
(2, 33, 536, 0, 0),
(2, 33, 537, 0, 0),
(2, 33, 538, 0, 1),
(2, 33, 539, 0, 1),
(2, 29, 540, 0, 0),
(2, 34, 541, 0, 0),
(2, 34, 542, 0, 1),
(2, 34, 543, 0, 1),
(2, 34, 544, 0, 0),
(2, 34, 545, 0, 1),
(2, 34, 546, 0, 0),
(2, 34, 547, 0, 0),
(2, 34, 548, 0, 0),
(2, 34, 549, 0, 0),
(2, 34, 550, 0, 0),
(2, 34, 551, 0, 0),
(2, 34, 552, 0, 1),
(2, 34, 553, 0, 1),
(2, 34, 554, 0, 0),
(2, 34, 555, 0, 0),
(2, 34, 556, 0, 0),
(2, 34, 557, 0, 1),
(2, 34, 558, 0, 0),
(2, 34, 559, 0, 0),
(2, 35, 560, 0, 0),
(2, 35, 561, 0, 0),
(2, 35, 562, 0, 0),
(2, 35, 563, 0, 0),
(2, 35, 564, 0, 0),
(2, 35, 565, 0, 0),
(2, 35, 566, 0, 0),
(2, 35, 567, 0, 0),
(2, 35, 568, 0, 1),
(2, 35, 569, 0, 1),
(2, 35, 570, 0, 0),
(2, 35, 571, 0, 0),
(2, 35, 572, 0, 0),
(2, 35, 573, 0, 0),
(2, 35, 574, 0, 0),
(2, 35, 575, 0, 0),
(2, 35, 576, 0, 0),
(2, 35, 577, 0, 0),
(2, 35, 578, 0, 0),
(2, 37, 579, 0, 0),
(2, 37, 580, 0, 0),
(2, 37, 581, 0, 0),
(2, 37, 582, 0, 0),
(2, 37, 583, 0, 0),
(2, 37, 584, 0, 0),
(2, 37, 585, 0, 0),
(2, 37, 586, 0, 0),
(2, 37, 587, 0, 0),
(2, 37, 589, 0, 0),
(2, 37, 590, 0, 0),
(2, 37, 592, 0, 0),
(2, 37, 593, 0, 1),
(2, 37, 594, 0, 1),
(2, 37, 595, 0, 0),
(2, 40, 597, 0, 0),
(2, 40, 598, 0, 0),
(2, 40, 599, 0, 1),
(2, 40, 600, 0, 1),
(2, 40, 601, 0, 0),
(2, 40, 602, 0, 1),
(2, 40, 603, 0, 0),
(2, 41, 604, 0, 0),
(2, 41, 605, 0, 0),
(2, 41, 606, 0, 0),
(2, 41, 607, 0, 0),
(2, 41, 608, 0, 0),
(2, 41, 609, 0, 0),
(2, 41, 610, 0, 1),
(2, 41, 611, 0, 1),
(2, 41, 612, 0, 0),
(2, 41, 613, 0, 0),
(2, 42, 614, 0, 0),
(2, 42, 615, 0, 0),
(2, 42, 616, 0, 0),
(2, 42, 617, 0, 0),
(2, 42, 618, 0, 0),
(2, 42, 619, 0, 0),
(2, 42, 620, 0, 0),
(2, 42, 621, 0, 0),
(2, 42, 622, 0, 0),
(2, 42, 623, 0, 0),
(2, 42, 624, 0, 0),
(2, 42, 625, 0, 1),
(2, 42, 626, 0, 1),
(2, 42, 627, 0, 0),
(2, 42, 628, 0, 0),
(2, 43, 629, 0, 0),
(2, 43, 630, 0, 0),
(2, 43, 631, 0, 0),
(2, 43, 632, 0, 0),
(2, 43, 633, 0, 0),
(2, 43, 634, 0, 0),
(2, 43, 635, 0, 0),
(2, 43, 636, 0, 0),
(2, 43, 637, 0, 0),
(2, 43, 638, 0, 0),
(2, 43, 639, 0, 0),
(2, 43, 640, 0, 0),
(2, 43, 641, 0, 0),
(2, 43, 642, 0, 1),
(2, 43, 643, 0, 1),
(2, 43, 644, 0, 0),
(2, 43, 645, 0, 0),
(2, 45, 646, 0, 0),
(2, 45, 647, 0, 1),
(2, 45, 648, 0, 1),
(2, 45, 649, 0, 0),
(2, 45, 650, 0, 0),
(2, 2, 651, 0, 0),
(2, 29, 652, 0, 0),
(2, 23, 653, 0, 1),
(2, 23, 654, 0, 1),
(2, 23, 655, 0, 1),
(2, 23, 656, 0, 1),
(2, 23, 657, 0, 1),
(2, 23, 658, 0, 1),
(2, 23, 659, 0, 1),
(2, 23, 660, 0, 1),
(2, 23, 661, 0, 1),
(2, 22, 662, 0, 1),
(2, 22, 663, 0, 1),
(2, 22, 664, 0, 1),
(2, 22, 665, 0, 1),
(2, 22, 666, 0, 1),
(2, 22, 667, 0, 1),
(2, 22, 668, 0, 1),
(2, 22, 669, 0, 1),
(2, 22, 670, 0, 1),
(2, 21, 671, 0, 1),
(2, 21, 672, 0, 1),
(2, 21, 673, 0, 1),
(2, 21, 674, 0, 1),
(2, 21, 675, 0, 1),
(2, 21, 676, 0, 1),
(2, 21, 677, 0, 1),
(2, 21, 678, 0, 1),
(2, 21, 679, 0, 1),
(2, 20, 680, 0, 1),
(2, 20, 681, 0, 1),
(2, 20, 682, 0, 1),
(2, 20, 683, 0, 1),
(2, 20, 684, 0, 1),
(2, 20, 685, 0, 1),
(2, 20, 686, 0, 1),
(2, 20, 687, 0, 1),
(2, 20, 688, 0, 1),
(2, 29, 689, 0, 0),
(2, 42, 690, 0, 0),
(2, 40, 691, 0, 0),
(2, 29, 692, 0, 0),
(2, 29, 693, 0, 0),
(2, 29, 694, 0, 0),
(2, 23, 695, 0, 0),
(2, 22, 696, 0, 0),
(2, 21, 697, 0, 0),
(2, 20, 698, 0, 0),
(2, 29, 699, 0, 0),
(2, 6, 700, 0, 1),
(2, 4, 701, 0, 1),
(2, 2, 702, 0, 1),
(2, 29, 703, 0, 0),
(2, 23, 704, 0, 0),
(2, 23, 705, 0, 0),
(2, 21, 706, 0, 0),
(2, 21, 707, 0, 0),
(2, 18, 708, 0, 0),
(2, 40, 710, 0, 0),
(2, 40, 711, 0, 0),
(2, 29, 716, 0, 0),
(2, 2, 717, 0, 0),
(2, 13, 718, 0, 0),
(2, 29, 719, 0, 0),
(2, 13, 720, 0, 0),
(2, 29, 721, 0, 0),
(2, 29, 722, 0, 0),
(2, 29, 723, 0, 0),
(2, 2, 724, 0, 1),
(2, 4, 725, 0, 1),
(2, 6, 726, 0, 1),
(2, 7, 727, 0, 1),
(2, 9, 729, 0, 1),
(2, 13, 730, 0, 1),
(2, 18, 734, 0, 1),
(2, 21, 737, 0, 1),
(2, 23, 739, 0, 1),
(2, 33, 741, 0, 1),
(2, 34, 742, 0, 1),
(2, 35, 743, 0, 1),
(2, 37, 744, 0, 1),
(2, 40, 745, 0, 1),
(2, 41, 746, 0, 1),
(2, 42, 747, 0, 1),
(2, 43, 748, 0, 1),
(2, 45, 749, 0, 1),
(2, 47, 750, 0, 0),
(2, 47, 751, 0, 0),
(2, 47, 752, 0, 0),
(2, 47, 753, 0, 0),
(2, 47, 754, 0, 0),
(2, 47, 755, 0, 0),
(2, 47, 756, 0, 0),
(2, 47, 757, 0, 0),
(2, 47, 758, 0, 0),
(2, 47, 759, 0, 0),
(2, 47, 760, 0, 0),
(2, 47, 761, 0, 0),
(2, 47, 762, 0, 0),
(2, 47, 763, 0, 0),
(2, 47, 764, 0, 0),
(2, 47, 765, 0, 1),
(2, 47, 766, 0, 1),
(2, 47, 767, 0, 0),
(2, 47, 768, 0, 0),
(2, 47, 769, 0, 0),
(2, 47, 770, 0, 0),
(2, 47, 771, 0, 0),
(2, 47, 772, 0, 0),
(2, 49, 773, 0, 0),
(2, 49, 774, 0, 0),
(2, 49, 775, 0, 1),
(2, 49, 776, 0, 1),
(2, 49, 777, 0, 0),
(2, 49, 778, 0, 0),
(2, 49, 779, 0, 0),
(2, 51, 780, 0, 0),
(2, 51, 781, 0, 0),
(2, 51, 782, 0, 0),
(2, 51, 783, 0, 0),
(2, 51, 784, 0, 0),
(2, 51, 785, 0, 0),
(2, 51, 786, 0, 0),
(2, 51, 787, 0, 0),
(2, 51, 788, 0, 0),
(2, 51, 789, 0, 0),
(2, 51, 790, 0, 0),
(2, 51, 791, 0, 1),
(2, 51, 792, 0, 1),
(2, 51, 793, 0, 0),
(2, 51, 794, 0, 0),
(2, 51, 795, 0, 0),
(2, 51, 796, 0, 0),
(2, 51, 797, 0, 0),
(2, 51, 798, 0, 0),
(2, 51, 799, 0, 0),
(2, 51, 800, 0, 0),
(2, 51, 801, 0, 0),
(2, 51, 802, 0, 0),
(2, 51, 804, 0, 0),
(2, 51, 805, 0, 0),
(2, 51, 806, 0, 0),
(2, 51, 807, 0, 0),
(2, 51, 808, 0, 0),
(2, 51, 809, 0, 0),
(2, 51, 810, 0, 0),
(2, 51, 811, 0, 0),
(2, 51, 812, 0, 0),
(2, 51, 813, 0, 0),
(2, 13, 814, 0, 0),
(2, 13, 815, 0, 0),
(2, 42, 816, 0, 0),
(2, 42, 817, 0, 0),
(2, 37, 818, 0, 0),
(2, 37, 819, 0, 0),
(2, 34, 820, 0, 0),
(2, 34, 821, 0, 0),
(2, 22, 822, 0, 0),
(2, 22, 823, 0, 0),
(2, 20, 824, 0, 0),
(2, 20, 825, 0, 0),
(2, 43, 826, 0, 0),
(2, 43, 827, 0, 0),
(2, 43, 828, 0, 0),
(2, 43, 830, 0, 0),
(2, 43, 832, 0, 0),
(2, 2, 834, 0, 0),
(2, 2, 835, 0, 0),
(2, 2, 836, 0, 0),
(2, 2, 838, 0, 0),
(2, 2, 840, 0, 0),
(2, 54, 842, 0, 0),
(2, 54, 843, 0, 0),
(2, 54, 844, 0, 0),
(2, 54, 845, 0, 0),
(2, 54, 846, 0, 0),
(2, 54, 847, 0, 0),
(2, 54, 848, 0, 0),
(2, 54, 849, 0, 0),
(2, 54, 850, 0, 0),
(2, 54, 851, 0, 0),
(2, 54, 852, 0, 0),
(2, 54, 853, 0, 0),
(2, 54, 854, 0, 0),
(2, 54, 855, 0, 0),
(2, 54, 856, 0, 0),
(2, 54, 857, 0, 0),
(2, 54, 858, 0, 1),
(2, 54, 859, 0, 1),
(2, 54, 860, 0, 0),
(2, 54, 861, 0, 1),
(2, 54, 862, 0, 1),
(2, 54, 863, 0, 0),
(2, 54, 864, 0, 0),
(2, 8, 865, 0, 0),
(2, 57, 866, 0, 0),
(2, 57, 867, 0, 0),
(2, 57, 868, 0, 0),
(2, 57, 869, 0, 0),
(2, 57, 870, 0, 0),
(2, 57, 871, 0, 0),
(2, 57, 872, 0, 0),
(2, 57, 873, 0, 0),
(2, 57, 874, 0, 0),
(2, 57, 875, 0, 1),
(2, 57, 876, 0, 1),
(2, 57, 877, 0, 0),
(2, 57, 878, 0, 0),
(2, 58, 879, 0, 0),
(2, 58, 880, 0, 0),
(2, 58, 881, 0, 0),
(2, 58, 882, 0, 0),
(2, 58, 883, 0, 0),
(2, 58, 884, 0, 0),
(2, 58, 885, 0, 0),
(2, 58, 886, 0, 0),
(2, 58, 887, 0, 0),
(2, 58, 888, 0, 1),
(2, 58, 889, 0, 1),
(2, 58, 890, 0, 0),
(2, 58, 891, 0, 0),
(2, 59, 892, 0, 0),
(2, 59, 893, 0, 0),
(2, 59, 894, 0, 0),
(2, 59, 895, 0, 0),
(2, 59, 896, 0, 0),
(2, 59, 897, 0, 0),
(2, 59, 898, 0, 0),
(2, 59, 899, 0, 0),
(2, 59, 900, 0, 0),
(2, 59, 901, 0, 0),
(2, 59, 902, 0, 1),
(2, 59, 903, 0, 1),
(2, 59, 904, 0, 0),
(2, 59, 905, 0, 0),
(2, 58, 909, 0, 0),
(2, 35, 910, 0, 0),
(2, 14, 911, 0, 0),
(2, 59, 912, 0, 0),
(2, 57, 913, 0, 0),
(2, 58, 914, 0, 0),
(2, 58, 915, 0, 0),
(2, 59, 916, 0, 0),
(2, 57, 917, 0, 0),
(2, 58, 918, 0, 0),
(2, 59, 923, 0, 0),
(2, 57, 924, 0, 0),
(2, 58, 925, 0, 0),
(2, 37, 926, 0, 0),
(2, 60, 927, 0, 0),
(2, 60, 928, 0, 0),
(2, 60, 929, 0, 0),
(2, 60, 930, 0, 0),
(2, 60, 931, 0, 0),
(2, 60, 932, 0, 0),
(2, 60, 933, 0, 0),
(2, 60, 934, 0, 1),
(2, 60, 935, 0, 1),
(2, 60, 936, 0, 0),
(2, 7, 938, 0, 0),
(2, 7, 940, 0, 0),
(2, 61, 941, 0, 0),
(2, 61, 942, 0, 0),
(2, 61, 943, 0, 0),
(2, 61, 944, 0, 0),
(2, 61, 945, 0, 0),
(2, 61, 946, 0, 0),
(2, 61, 947, 0, 0),
(2, 61, 948, 0, 0),
(2, 61, 949, 0, 0),
(2, 61, 950, 0, 0),
(2, 61, 951, 0, 1),
(2, 61, 952, 0, 1),
(2, 61, 953, 0, 0),
(2, 61, 954, 0, 0),
(2, 61, 955, 0, 0),
(2, 61, 956, 0, 0),
(2, 61, 957, 0, 0),
(2, 61, 958, 0, 0),
(2, 61, 959, 0, 0),
(2, 61, 960, 0, 0),
(2, 61, 961, 0, 0),
(2, 61, 962, 0, 0),
(2, 61, 963, 0, 0),
(2, 61, 964, 0, 0),
(2, 61, 965, 0, 0),
(2, 61, 966, 0, 0),
(2, 7, 967, 0, 0),
(2, 7, 968, 0, 0),
(2, 7, 969, 0, 0),
(2, 6, 970, 0, 0),
(2, 6, 971, 0, 0),
(2, 6, 972, 0, 0),
(2, 18, 973, 0, 0),
(2, 18, 974, 0, 0),
(2, 18, 975, 0, 0),
(2, 62, 976, 0, 0),
(2, 62, 977, 0, 0),
(2, 62, 978, 0, 0),
(2, 62, 979, 0, 0),
(2, 62, 980, 0, 1),
(2, 62, 981, 0, 1),
(2, 62, 982, 0, 0),
(2, 63, 983, 0, 0),
(2, 63, 984, 0, 0),
(2, 63, 985, 0, 0),
(2, 63, 986, 0, 0),
(2, 63, 987, 0, 1),
(2, 63, 988, 0, 1),
(2, 63, 989, 0, 0),
(2, 64, 990, 0, 0),
(2, 64, 991, 0, 0),
(2, 64, 992, 0, 0),
(2, 64, 993, 0, 0),
(2, 64, 994, 0, 1),
(2, 64, 995, 0, 1),
(2, 64, 996, 0, 0),
(2, 65, 997, 0, 0),
(2, 65, 998, 0, 0),
(2, 65, 999, 0, 0),
(2, 65, 1000, 0, 0),
(2, 65, 1001, 0, 0),
(2, 65, 1002, 0, 0),
(2, 65, 1003, 0, 0),
(2, 65, 1004, 0, 1),
(2, 65, 1005, 0, 1),
(2, 65, 1006, 0, 0),
(2, 66, 1007, 0, 0),
(2, 66, 1008, 0, 0),
(2, 66, 1009, 0, 0),
(2, 66, 1010, 0, 0),
(2, 66, 1011, 0, 0),
(2, 66, 1012, 0, 0),
(2, 66, 1013, 0, 1),
(2, 66, 1014, 0, 1),
(2, 66, 1015, 0, 0),
(2, 67, 1016, 0, 0),
(2, 67, 1017, 0, 0),
(2, 67, 1018, 0, 0),
(2, 67, 1019, 0, 0),
(2, 67, 1020, 0, 0),
(2, 67, 1021, 0, 1),
(2, 67, 1022, 0, 1),
(2, 67, 1023, 0, 0),
(2, 68, 1024, 0, 0),
(2, 68, 1025, 0, 0),
(2, 68, 1026, 0, 0),
(2, 68, 1027, 0, 0),
(2, 68, 1028, 0, 1),
(2, 68, 1029, 0, 1),
(2, 68, 1030, 0, 0),
(2, 69, 1031, 0, 0),
(2, 69, 1032, 0, 0),
(2, 69, 1033, 0, 0),
(2, 69, 1034, 0, 0),
(2, 69, 1035, 0, 0),
(2, 69, 1036, 0, 0),
(2, 69, 1037, 0, 0),
(2, 69, 1038, 0, 0),
(2, 69, 1039, 0, 0),
(2, 69, 1040, 0, 1),
(2, 69, 1041, 0, 1),
(2, 69, 1042, 0, 0),
(2, 13, 1043, 0, 0),
(2, 43, 1044, 0, 0),
(2, 29, 1045, 0, 0),
(2, 34, 1046, 0, 0),
(2, 34, 1047, 0, 0),
(2, 34, 1048, 0, 0),
(2, 13, 1049, 0, 0),
(2, 64, 1050, 0, 0),
(2, 64, 1051, 0, 0),
(2, 64, 1052, 0, 0),
(2, 64, 1053, 0, 0),
(2, 63, 1054, 0, 0),
(2, 63, 1055, 0, 0),
(2, 63, 1056, 0, 0),
(2, 63, 1057, 0, 0),
(2, 63, 1058, 0, 0),
(2, 62, 1059, 0, 0),
(2, 62, 1060, 0, 0),
(2, 62, 1061, 0, 0),
(2, 62, 1062, 0, 0),
(2, 62, 1063, 0, 0),
(2, 62, 1064, 0, 0),
(2, 7, 1065, 0, 0),
(2, 7, 1066, 0, 0),
(2, 7, 1067, 0, 0),
(2, 7, 1068, 0, 0),
(2, 7, 1069, 0, 0),
(2, 7, 1070, 0, 0),
(2, 7, 1071, 0, 0),
(2, 7, 1072, 0, 0),
(2, 4, 1073, 0, 0),
(2, 4, 1074, 0, 0),
(2, 4, 1075, 0, 0),
(2, 4, 1076, 0, 0),
(2, 4, 1077, 0, 0),
(2, 4, 1078, 0, 0),
(2, 4, 1079, 0, 0),
(2, 4, 1080, 0, 0),
(2, 4, 1081, 0, 0),
(2, 4, 1082, 0, 0),
(2, 4, 1083, 0, 0),
(2, 4, 1084, 0, 0),
(2, 4, 1085, 0, 0),
(2, 4, 1086, 0, 0),
(2, 4, 1087, 0, 0),
(2, 4, 1088, 0, 0),
(2, 6, 1089, 0, 0),
(2, 6, 1090, 0, 0),
(2, 6, 1091, 0, 0),
(2, 6, 1092, 0, 0),
(2, 6, 1093, 0, 0),
(2, 6, 1094, 0, 0),
(2, 6, 1095, 0, 0),
(2, 6, 1096, 0, 0),
(2, 6, 1097, 0, 0),
(2, 6, 1098, 0, 0),
(2, 6, 1099, 0, 0),
(2, 6, 1100, 0, 0),
(2, 6, 1101, 0, 0),
(2, 6, 1102, 0, 0),
(2, 6, 1103, 0, 0),
(2, 6, 1104, 0, 0),
(2, 18, 1105, 0, 0),
(2, 18, 1106, 0, 0),
(2, 18, 1107, 0, 0),
(2, 18, 1108, 0, 0),
(2, 18, 1109, 0, 0),
(2, 18, 1110, 0, 0),
(2, 18, 1111, 0, 0),
(2, 18, 1112, 0, 0),
(2, 18, 1113, 0, 0),
(2, 18, 1114, 0, 0),
(2, 18, 1115, 0, 0),
(2, 18, 1116, 0, 0),
(2, 18, 1117, 0, 0),
(2, 18, 1118, 0, 0),
(2, 18, 1119, 0, 0),
(2, 18, 1120, 0, 0),
(2, 18, 1121, 0, 0),
(2, 18, 1122, 0, 0),
(2, 18, 1123, 0, 0),
(2, 18, 1124, 0, 0),
(2, 18, 1125, 0, 0),
(2, 18, 1126, 0, 0),
(2, 18, 1127, 0, 0),
(2, 18, 1128, 0, 0),
(2, 68, 1129, 0, 0),
(2, 67, 1130, 0, 0),
(2, 67, 1131, 0, 0),
(2, 66, 1132, 0, 0),
(2, 66, 1133, 0, 0),
(2, 66, 1134, 0, 0),
(2, 65, 1135, 0, 0),
(2, 65, 1136, 0, 0),
(2, 65, 1137, 0, 0),
(2, 65, 1138, 0, 0),
(2, 64, 1139, 0, 0),
(2, 64, 1140, 0, 0),
(2, 64, 1141, 0, 0),
(2, 64, 1142, 0, 0),
(2, 64, 1143, 0, 0),
(2, 63, 1144, 0, 0),
(2, 63, 1145, 0, 0),
(2, 63, 1146, 0, 0),
(2, 63, 1147, 0, 0),
(2, 63, 1148, 0, 0),
(2, 63, 1149, 0, 0),
(2, 62, 1150, 0, 0),
(2, 62, 1151, 0, 0),
(2, 62, 1152, 0, 0),
(2, 62, 1153, 0, 0),
(2, 62, 1154, 0, 0),
(2, 62, 1155, 0, 0),
(2, 62, 1156, 0, 0),
(2, 65, 1157, 0, 0),
(2, 64, 1158, 0, 0),
(2, 62, 1159, 0, 0),
(2, 6, 1160, 0, 0),
(2, 6, 1161, 0, 0),
(2, 6, 1162, 0, 0),
(2, 6, 1163, 0, 0),
(2, 6, 1164, 0, 0),
(2, 6, 1165, 0, 0),
(2, 6, 1166, 0, 0),
(2, 6, 1167, 0, 0),
(2, 20, 1168, 0, 0),
(2, 20, 1169, 0, 0),
(2, 20, 1170, 0, 0),
(2, 20, 1171, 0, 0),
(2, 20, 1172, 0, 0),
(2, 20, 1173, 0, 0),
(2, 20, 1174, 0, 0),
(2, 20, 1175, 0, 0),
(2, 20, 1176, 0, 0),
(2, 20, 1177, 0, 0),
(2, 20, 1178, 0, 0),
(2, 20, 1179, 0, 0),
(2, 20, 1180, 0, 0),
(2, 20, 1181, 0, 0),
(2, 20, 1182, 0, 0),
(2, 20, 1183, 0, 0),
(2, 21, 1184, 0, 0),
(2, 21, 1185, 0, 0),
(2, 21, 1186, 0, 0),
(2, 21, 1187, 0, 0),
(2, 21, 1188, 0, 0),
(2, 21, 1189, 0, 0),
(2, 21, 1190, 0, 0),
(2, 21, 1191, 0, 0),
(2, 21, 1192, 0, 0),
(2, 21, 1193, 0, 0),
(2, 21, 1194, 0, 0),
(2, 21, 1195, 0, 0),
(2, 21, 1196, 0, 0),
(2, 21, 1197, 0, 0),
(2, 21, 1199, 0, 0),
(2, 21, 1200, 0, 0),
(2, 22, 1201, 0, 0),
(2, 22, 1202, 0, 0),
(2, 22, 1203, 0, 0),
(2, 22, 1204, 0, 0),
(2, 22, 1205, 0, 0),
(2, 22, 1206, 0, 0),
(2, 22, 1207, 0, 0),
(2, 22, 1208, 0, 0),
(2, 22, 1209, 0, 0),
(2, 22, 1210, 0, 0),
(2, 22, 1211, 0, 0),
(2, 22, 1212, 0, 0),
(2, 22, 1213, 0, 0),
(2, 22, 1214, 0, 0),
(2, 22, 1215, 0, 0),
(2, 22, 1216, 0, 0),
(2, 23, 1217, 0, 0),
(2, 23, 1218, 0, 0),
(2, 23, 1219, 0, 0),
(2, 23, 1220, 0, 0),
(2, 23, 1221, 0, 0),
(2, 23, 1222, 0, 0),
(2, 23, 1223, 0, 0),
(2, 23, 1224, 0, 0),
(2, 23, 1225, 0, 0),
(2, 23, 1226, 0, 0),
(2, 23, 1227, 0, 0),
(2, 23, 1228, 0, 0),
(2, 23, 1229, 0, 0),
(2, 23, 1230, 0, 0),
(2, 23, 1231, 0, 0),
(2, 23, 1232, 0, 0),
(2, 70, 1233, 0, 0),
(2, 70, 1234, 0, 0),
(2, 70, 1235, 0, 0),
(2, 70, 1236, 0, 0),
(2, 70, 1237, 0, 0),
(2, 70, 1239, 0, 1),
(2, 70, 1240, 0, 1),
(2, 70, 1241, 0, 0),
(2, 70, 1242, 0, 0),
(2, 70, 1243, 0, 0),
(2, 70, 1244, 0, 0),
(2, 70, 1245, 0, 0),
(2, 70, 1246, 0, 0),
(2, 71, 1247, 0, 0),
(2, 71, 1248, 0, 0),
(2, 71, 1249, 0, 0),
(2, 71, 1250, 0, 0),
(2, 71, 1251, 0, 0),
(2, 71, 1252, 0, 0),
(2, 71, 1253, 0, 0),
(2, 71, 1254, 0, 0),
(2, 71, 1255, 0, 0),
(2, 71, 1256, 0, 0),
(2, 71, 1257, 0, 0),
(2, 71, 1258, 0, 0),
(2, 71, 1259, 0, 0),
(2, 71, 1260, 0, 1),
(2, 71, 1261, 0, 1),
(2, 71, 1262, 0, 0),
(2, 71, 1263, 0, 0),
(2, 71, 1265, 0, 0),
(2, 71, 1266, 0, 0),
(2, 71, 1267, 0, 0),
(2, 71, 1268, 0, 0),
(2, 71, 1269, 0, 0),
(2, 71, 1271, 0, 0),
(2, 71, 1272, 0, 0),
(2, 71, 1273, 0, 0),
(2, 66, 1275, 0, 0),
(2, 7, 1276, 0, 0),
(2, 6, 1277, 0, 0),
(2, 4, 1278, 0, 0),
(2, 18, 1279, 0, 0),
(2, 51, 1280, 0, 0),
(2, 2, 1281, 0, 0),
(2, 70, 1282, 0, 0),
(2, 70, 1283, 0, 0),
(2, 70, 1284, 0, 0),
(2, 6, 1285, 0, 0),
(2, 6, 1286, 0, 0),
(2, 6, 1287, 0, 0),
(2, 6, 1288, 0, 0),
(2, 6, 1289, 0, 0),
(2, 6, 1290, 0, 0),
(2, 7, 1291, 0, 0),
(2, 7, 1292, 0, 0),
(2, 4, 1293, 0, 0),
(2, 4, 1294, 0, 0),
(2, 4, 1295, 0, 0),
(2, 4, 1296, 0, 0),
(2, 20, 1297, 0, 0),
(2, 20, 1298, 0, 0),
(2, 20, 1299, 0, 0),
(2, 20, 1300, 0, 0),
(2, 21, 1301, 0, 0),
(2, 21, 1302, 0, 0),
(2, 21, 1303, 0, 0),
(2, 21, 1304, 0, 0),
(2, 22, 1305, 0, 0),
(2, 22, 1306, 0, 0),
(2, 22, 1307, 0, 0),
(2, 22, 1308, 0, 0),
(2, 23, 1309, 0, 0),
(2, 23, 1310, 0, 0),
(2, 23, 1311, 0, 0),
(2, 23, 1312, 0, 0),
(2, 37, 1314, 0, 0),
(2, 59, 1315, 0, 0),
(2, 57, 1316, 0, 0),
(2, 58, 1317, 0, 0),
(2, 42, 1318, 0, 0),
(2, 42, 1319, 0, 0),
(2, 42, 1320, 0, 0),
(2, 7, 1321, 0, 0),
(2, 29, 1322, 0, 0),
(2, 37, 1323, 0, 0),
(2, 37, 1324, 0, 0),
(2, 37, 1325, 0, 0),
(2, 51, 1326, 0, 0),
(2, 51, 1327, 0, 0),
(2, 51, 1328, 0, 0),
(2, 7, 1329, 0, 0),
(2, 6, 1330, 0, 0),
(2, 6, 1331, 0, 0),
(2, 4, 1332, 0, 0),
(2, 18, 1333, 0, 0),
(2, 20, 1334, 0, 0),
(2, 22, 1335, 0, 0),
(2, 21, 1336, 0, 0),
(2, 23, 1337, 0, 0),
(2, 71, 1338, 0, 0),
(2, 2, 1339, 0, 0),
(2, 43, 1340, 0, 0),
(2, 13, 1341, 0, 0),
(2, 58, 1342, 0, 0),
(2, 58, 1344, 0, 0),
(2, 20, 1345, 0, 0),
(2, 20, 1346, 0, 0),
(2, 20, 1347, 0, 0),
(2, 22, 1348, 0, 0),
(2, 22, 1349, 0, 0),
(2, 22, 1350, 0, 0),
(2, 23, 1351, 0, 0),
(2, 23, 1352, 0, 0),
(2, 23, 1353, 0, 0),
(2, 21, 1354, 0, 0),
(2, 21, 1355, 0, 0),
(2, 21, 1356, 0, 0),
(2, 2, 1357, 0, 0),
(2, 2, 1358, 0, 0),
(2, 2, 1359, 0, 0),
(2, 2, 1360, 0, 0),
(2, 6, 1363, 0, 0),
(2, 6, 1364, 0, 0),
(2, 23, 1367, 0, 0),
(2, 4, 1368, 0, 0),
(2, 6, 1369, 0, 0),
(2, 6, 1370, 0, 0),
(2, 71, 1371, 0, 0),
(2, 71, 1372, 0, 0),
(2, 71, 1373, 0, 0),
(2, 2, 1374, 0, 0),
(2, 6, 1375, 0, 0),
(2, 6, 1376, 0, 0),
(2, 26, 1377, 0, 0),
(2, 26, 1378, 0, 0),
(2, 2, 1379, 0, 0),
(2, 2, 1380, 0, 0),
(2, 43, 1381, 0, 0),
(2, 43, 1382, 0, 0),
(2, 13, 1383, 0, 0),
(2, 13, 1384, 0, 0),
(2, 4, 1385, 0, 0),
(2, 4, 1386, 0, 0),
(2, 70, 1387, 0, 0),
(2, 20, 1388, 0, 0),
(2, 23, 1389, 0, 0),
(2, 22, 1390, 0, 0),
(2, 4, 1391, 0, 0),
(2, 14, 1392, 0, 0),
(2, 14, 1393, 0, 0),
(2, 35, 1394, 0, 0),
(2, 35, 1395, 0, 0),
(2, 7, 1396, 0, 0),
(2, 7, 1397, 0, 0),
(2, 8, 1398, 0, 0),
(2, 8, 1399, 0, 0),
(2, 9, 1400, 0, 0),
(2, 9, 1401, 0, 0),
(2, 15, 1402, 0, 0),
(2, 15, 1403, 0, 0),
(2, 16, 1404, 0, 0),
(2, 16, 1405, 0, 0),
(2, 18, 1406, 0, 0),
(2, 18, 1407, 0, 0),
(2, 19, 1408, 0, 0),
(2, 19, 1409, 0, 0),
(2, 20, 1410, 0, 0),
(2, 20, 1411, 0, 0),
(2, 21, 1412, 0, 0),
(2, 21, 1413, 0, 0),
(2, 22, 1414, 0, 0),
(2, 22, 1415, 0, 0),
(2, 23, 1416, 0, 0),
(2, 23, 1417, 0, 0),
(2, 34, 1418, 0, 0),
(2, 34, 1419, 0, 0),
(2, 37, 1420, 0, 0),
(2, 37, 1421, 0, 0),
(2, 41, 1422, 0, 0),
(2, 41, 1423, 0, 0),
(2, 42, 1424, 0, 0),
(2, 42, 1425, 0, 0),
(2, 47, 1426, 0, 0),
(2, 47, 1427, 0, 0),
(2, 49, 1428, 0, 0),
(2, 49, 1429, 0, 0),
(2, 51, 1430, 0, 0),
(2, 51, 1431, 0, 0),
(2, 54, 1432, 0, 0),
(2, 54, 1433, 0, 0),
(2, 57, 1434, 0, 0),
(2, 57, 1435, 0, 0),
(2, 58, 1436, 0, 0),
(2, 58, 1437, 0, 0),
(2, 59, 1438, 0, 0),
(2, 59, 1439, 0, 0),
(2, 60, 1440, 0, 0),
(2, 60, 1441, 0, 0),
(2, 61, 1442, 0, 0),
(2, 61, 1443, 0, 0),
(2, 70, 1444, 0, 0),
(2, 70, 1445, 0, 0),
(2, 71, 1446, 0, 0),
(2, 71, 1447, 0, 0),
(2, 2, 1448, 0, 0),
(2, 4, 1449, 0, 0),
(2, 6, 1450, 0, 0),
(2, 7, 1451, 0, 0),
(2, 8, 1452, 0, 0),
(2, 9, 1453, 0, 0),
(2, 13, 1454, 0, 0),
(2, 14, 1455, 0, 0),
(2, 15, 1456, 0, 0),
(2, 16, 1457, 0, 0),
(2, 18, 1458, 0, 0),
(2, 19, 1459, 0, 0),
(2, 20, 1460, 0, 0),
(2, 21, 1461, 0, 0),
(2, 22, 1462, 0, 0),
(2, 23, 1463, 0, 0),
(2, 26, 1464, 0, 0),
(2, 34, 1465, 0, 0),
(2, 35, 1466, 0, 0),
(2, 37, 1467, 0, 0),
(2, 41, 1468, 0, 0),
(2, 42, 1469, 0, 0),
(2, 43, 1470, 0, 0),
(2, 47, 1471, 0, 0),
(2, 49, 1472, 0, 0),
(2, 51, 1473, 0, 0),
(2, 54, 1474, 0, 0),
(2, 57, 1475, 0, 0),
(2, 58, 1476, 0, 0),
(2, 59, 1477, 0, 0),
(2, 60, 1478, 0, 0),
(2, 61, 1479, 0, 0),
(2, 70, 1480, 0, 0),
(2, 71, 1481, 0, 0),
(2, 13, 1482, 0, 0),
(2, 13, 1483, 0, 0),
(2, 37, 1484, 0, 0),
(2, 58, 1485, 0, 0),
(2, 7, 1486, 0, 0),
(2, 4, 1487, 0, 0),
(2, 6, 1488, 0, 0),
(2, 18, 1489, 0, 0),
(2, 20, 1490, 0, 0),
(2, 21, 1491, 0, 0),
(2, 22, 1492, 0, 0),
(2, 23, 1493, 0, 0),
(2, 4, 1494, 0, 0),
(2, 6, 1495, 0, 0),
(2, 18, 1496, 0, 0),
(2, 20, 1497, 0, 0),
(2, 21, 1498, 0, 0),
(2, 22, 1499, 0, 0),
(2, 23, 1500, 0, 0),
(2, 18, 1501, 0, 0),
(2, 6, 1502, 0, 0),
(2, 4, 1503, 0, 0),
(3, 6, 1, 0, 0),
(3, 6, 2, 0, 0),
(3, 6, 3, 0, 0),
(3, 6, 4, 0, 0),
(3, 6, 5, 0, 0),
(3, 6, 7, 0, 0),
(3, 6, 8, 0, 0),
(3, 6, 9, 0, 0),
(3, 6, 10, 0, 0),
(3, 6, 11, 0, 0),
(3, 6, 12, 0, 0),
(3, 6, 14, 0, 0),
(3, 6, 15, 0, 0),
(3, 6, 16, 0, 0),
(3, 6, 17, 0, 0),
(3, 6, 18, 0, 0),
(3, 6, 20, 0, 0),
(3, 6, 21, 0, 1),
(3, 6, 22, 0, 1),
(3, 6, 23, 0, 0),
(3, 6, 36, 0, 0),
(3, 7, 37, 0, 0),
(3, 7, 39, 0, 0),
(3, 7, 40, 0, 0),
(3, 7, 41, 0, 0),
(3, 7, 42, 0, 0),
(3, 7, 43, 0, 0),
(3, 7, 44, 0, 0),
(3, 7, 46, 0, 0),
(3, 7, 47, 0, 0),
(3, 7, 48, 0, 0),
(3, 7, 49, 0, 0),
(3, 7, 50, 0, 0),
(3, 7, 51, 0, 0),
(3, 7, 53, 0, 0),
(3, 7, 54, 0, 0),
(3, 7, 55, 0, 0),
(3, 7, 56, 0, 1),
(3, 7, 57, 0, 1),
(3, 7, 58, 0, 0),
(3, 7, 65, 0, 0),
(3, 4, 66, 0, 0),
(3, 4, 67, 0, 0),
(3, 4, 68, 0, 0),
(3, 4, 69, 0, 0),
(3, 4, 70, 0, 0),
(3, 4, 71, 0, 0),
(3, 4, 72, 0, 0),
(3, 4, 74, 0, 0),
(3, 4, 79, 0, 0),
(3, 4, 80, 0, 0),
(3, 4, 81, 0, 0),
(3, 4, 85, 0, 0),
(3, 4, 86, 0, 0),
(3, 4, 87, 0, 0),
(3, 4, 90, 0, 1),
(3, 4, 91, 0, 1),
(3, 4, 92, 0, 0),
(3, 4, 93, 0, 0),
(3, 4, 94, 0, 0),
(3, 4, 95, 0, 0),
(3, 4, 108, 0, 0),
(3, 4, 109, 0, 0),
(3, 2, 110, 0, 0),
(3, 2, 111, 0, 0),
(3, 2, 113, 0, 0),
(3, 2, 114, 0, 0),
(3, 2, 115, 0, 0),
(3, 2, 117, 0, 0),
(3, 2, 118, 0, 0),
(3, 2, 119, 0, 0),
(3, 2, 121, 0, 0),
(3, 2, 122, 0, 1),
(3, 2, 123, 0, 1),
(3, 2, 124, 0, 0),
(3, 2, 125, 0, 0),
(3, 26, 126, 0, 0),
(3, 26, 127, 0, 0),
(3, 26, 128, 0, 0),
(3, 26, 129, 0, 0),
(3, 26, 130, 0, 0),
(3, 26, 131, 0, 0),
(3, 26, 132, 0, 0),
(3, 26, 133, 0, 0),
(3, 26, 134, 0, 0),
(3, 26, 135, 0, 0),
(3, 26, 136, 0, 0),
(3, 26, 137, 0, 1),
(3, 26, 138, 0, 1),
(3, 26, 139, 0, 0),
(3, 26, 140, 0, 0),
(3, 26, 141, 0, 0),
(3, 26, 142, 0, 0),
(3, 26, 143, 0, 0),
(3, 26, 144, 0, 0),
(3, 26, 145, 0, 0),
(3, 26, 146, 0, 0),
(3, 26, 147, 0, 0),
(3, 26, 148, 0, 0),
(3, 26, 149, 0, 0),
(3, 26, 150, 0, 0),
(3, 4, 151, 0, 0),
(3, 6, 152, 0, 0),
(3, 7, 153, 0, 0),
(3, 26, 154, 0, 0),
(3, 13, 155, 0, 0),
(3, 13, 156, 0, 0),
(3, 13, 157, 0, 0),
(3, 13, 158, 0, 0),
(3, 13, 159, 0, 0),
(3, 13, 160, 0, 0),
(3, 13, 161, 0, 0),
(3, 13, 162, 0, 0),
(3, 13, 163, 0, 0),
(3, 13, 166, 0, 1),
(3, 13, 167, 0, 1),
(3, 13, 168, 0, 0),
(3, 13, 169, 0, 0),
(3, 13, 170, 0, 0),
(3, 13, 171, 0, 0),
(3, 13, 172, 0, 0),
(3, 14, 173, 0, 0),
(3, 14, 174, 0, 0),
(3, 14, 175, 0, 0),
(3, 14, 176, 0, 0),
(3, 14, 177, 0, 0),
(3, 14, 178, 0, 0),
(3, 14, 179, 0, 0),
(3, 14, 180, 0, 0),
(3, 14, 181, 0, 0),
(3, 14, 182, 0, 0),
(3, 14, 183, 0, 0),
(3, 14, 184, 0, 0),
(3, 14, 185, 0, 0),
(3, 14, 186, 0, 0),
(3, 14, 187, 0, 0),
(3, 14, 188, 0, 0),
(3, 14, 189, 0, 0),
(3, 14, 190, 0, 1),
(3, 14, 191, 0, 1),
(3, 14, 192, 0, 0),
(3, 14, 193, 0, 0),
(3, 14, 194, 0, 0),
(3, 14, 195, 0, 0),
(3, 14, 196, 0, 0),
(3, 14, 197, 0, 0);
INSERT INTO `vtiger_profile2field` (`profileid`, `tabid`, `fieldid`, `visible`, `readonly`) VALUES
(3, 14, 198, 0, 0),
(3, 14, 199, 0, 0),
(3, 14, 200, 0, 0),
(3, 14, 201, 0, 0),
(3, 14, 202, 0, 0),
(3, 14, 203, 0, 0),
(3, 8, 204, 0, 0),
(3, 8, 205, 0, 1),
(3, 8, 206, 0, 1),
(3, 8, 207, 0, 0),
(3, 8, 208, 0, 0),
(3, 8, 209, 0, 0),
(3, 8, 210, 0, 1),
(3, 8, 211, 0, 1),
(3, 8, 212, 0, 0),
(3, 8, 213, 0, 0),
(3, 8, 214, 0, 0),
(3, 8, 215, 0, 1),
(3, 8, 216, 0, 0),
(3, 8, 217, 0, 0),
(3, 8, 218, 0, 0),
(3, 10, 219, 0, 0),
(3, 10, 220, 0, 0),
(3, 10, 221, 0, 0),
(3, 10, 222, 0, 0),
(3, 10, 223, 0, 0),
(3, 10, 224, 0, 0),
(3, 10, 225, 0, 0),
(3, 10, 226, 0, 0),
(3, 10, 227, 0, 0),
(3, 10, 228, 0, 1),
(3, 10, 229, 0, 0),
(3, 10, 230, 0, 0),
(3, 9, 231, 0, 0),
(3, 9, 232, 0, 0),
(3, 9, 233, 0, 0),
(3, 9, 234, 0, 0),
(3, 9, 235, 0, 0),
(3, 9, 236, 0, 0),
(3, 9, 237, 0, 0),
(3, 9, 238, 0, 0),
(3, 9, 239, 0, 0),
(3, 9, 240, 0, 0),
(3, 9, 241, 0, 0),
(3, 9, 242, 0, 0),
(3, 9, 243, 0, 1),
(3, 9, 244, 0, 1),
(3, 9, 245, 0, 0),
(3, 9, 246, 0, 0),
(3, 9, 247, 0, 0),
(3, 9, 248, 0, 0),
(3, 9, 249, 0, 0),
(3, 9, 250, 0, 0),
(3, 9, 251, 0, 0),
(3, 9, 252, 0, 0),
(3, 9, 253, 0, 0),
(3, 9, 254, 0, 0),
(3, 16, 255, 0, 0),
(3, 16, 256, 0, 0),
(3, 16, 257, 0, 0),
(3, 16, 258, 0, 0),
(3, 16, 259, 0, 0),
(3, 16, 260, 0, 0),
(3, 16, 261, 0, 0),
(3, 16, 262, 0, 0),
(3, 16, 263, 0, 0),
(3, 16, 264, 0, 0),
(3, 16, 265, 0, 0),
(3, 16, 266, 0, 0),
(3, 16, 267, 0, 0),
(3, 16, 268, 0, 0),
(3, 16, 269, 0, 1),
(3, 16, 270, 0, 1),
(3, 16, 271, 0, 0),
(3, 16, 272, 0, 0),
(3, 16, 273, 0, 0),
(3, 16, 274, 0, 0),
(3, 16, 275, 0, 0),
(3, 16, 276, 0, 0),
(3, 16, 277, 0, 0),
(3, 15, 278, 0, 0),
(3, 15, 279, 0, 0),
(3, 15, 280, 0, 0),
(3, 15, 281, 0, 0),
(3, 15, 282, 0, 0),
(3, 15, 283, 0, 0),
(3, 15, 284, 0, 0),
(3, 15, 285, 0, 1),
(3, 15, 286, 0, 1),
(3, 15, 287, 0, 0),
(3, 18, 288, 0, 0),
(3, 18, 289, 0, 0),
(3, 18, 290, 0, 0),
(3, 18, 291, 0, 0),
(3, 18, 292, 0, 0),
(3, 18, 293, 0, 0),
(3, 18, 294, 0, 0),
(3, 18, 295, 0, 1),
(3, 18, 296, 0, 1),
(3, 18, 297, 0, 0),
(3, 18, 304, 0, 0),
(3, 19, 305, 0, 0),
(3, 19, 306, 0, 0),
(3, 19, 307, 0, 0),
(3, 19, 308, 0, 1),
(3, 19, 309, 0, 1),
(3, 19, 310, 0, 0),
(3, 19, 311, 0, 0),
(3, 19, 312, 0, 0),
(3, 20, 313, 0, 0),
(3, 20, 314, 0, 0),
(3, 20, 315, 0, 0),
(3, 20, 316, 0, 0),
(3, 20, 317, 0, 0),
(3, 20, 318, 0, 0),
(3, 20, 319, 0, 0),
(3, 20, 320, 0, 0),
(3, 20, 321, 0, 0),
(3, 20, 324, 0, 0),
(3, 20, 325, 0, 0),
(3, 20, 326, 0, 0),
(3, 20, 327, 0, 0),
(3, 20, 329, 0, 0),
(3, 20, 330, 0, 0),
(3, 20, 331, 0, 1),
(3, 20, 332, 0, 1),
(3, 20, 333, 0, 0),
(3, 20, 334, 0, 0),
(3, 20, 335, 0, 0),
(3, 20, 348, 0, 0),
(3, 20, 349, 0, 0),
(3, 21, 350, 0, 0),
(3, 21, 351, 0, 0),
(3, 21, 352, 0, 0),
(3, 21, 353, 0, 0),
(3, 21, 354, 0, 0),
(3, 21, 355, 0, 0),
(3, 21, 356, 0, 0),
(3, 21, 357, 0, 0),
(3, 21, 359, 0, 0),
(3, 21, 360, 0, 0),
(3, 21, 361, 0, 0),
(3, 21, 362, 0, 0),
(3, 21, 363, 0, 0),
(3, 21, 364, 0, 0),
(3, 21, 365, 0, 0),
(3, 21, 367, 0, 0),
(3, 21, 368, 0, 0),
(3, 21, 369, 0, 1),
(3, 21, 370, 0, 1),
(3, 21, 371, 0, 0),
(3, 21, 372, 0, 0),
(3, 21, 373, 0, 0),
(3, 21, 386, 0, 0),
(3, 21, 387, 0, 0),
(3, 22, 388, 0, 0),
(3, 22, 389, 0, 0),
(3, 22, 390, 0, 0),
(3, 22, 391, 0, 0),
(3, 22, 392, 0, 0),
(3, 22, 393, 0, 0),
(3, 22, 394, 0, 0),
(3, 22, 395, 0, 0),
(3, 22, 396, 0, 0),
(3, 22, 397, 0, 0),
(3, 22, 398, 0, 0),
(3, 22, 400, 0, 0),
(3, 22, 401, 0, 0),
(3, 22, 402, 0, 0),
(3, 22, 403, 0, 0),
(3, 22, 404, 0, 0),
(3, 22, 405, 0, 0),
(3, 22, 406, 0, 0),
(3, 22, 408, 0, 0),
(3, 22, 409, 0, 0),
(3, 22, 410, 0, 1),
(3, 22, 411, 0, 1),
(3, 22, 412, 0, 0),
(3, 22, 413, 0, 0),
(3, 22, 414, 0, 0),
(3, 22, 427, 0, 0),
(3, 22, 428, 0, 0),
(3, 22, 429, 0, 0),
(3, 22, 430, 0, 0),
(3, 22, 431, 0, 0),
(3, 22, 432, 0, 0),
(3, 22, 433, 0, 0),
(3, 22, 434, 0, 0),
(3, 23, 435, 0, 0),
(3, 23, 436, 0, 0),
(3, 23, 437, 0, 0),
(3, 23, 438, 0, 0),
(3, 23, 439, 0, 0),
(3, 23, 440, 0, 0),
(3, 23, 441, 0, 0),
(3, 23, 443, 0, 0),
(3, 23, 444, 0, 0),
(3, 23, 445, 0, 0),
(3, 23, 446, 0, 0),
(3, 23, 447, 0, 0),
(3, 23, 448, 0, 0),
(3, 23, 449, 0, 0),
(3, 23, 451, 0, 0),
(3, 23, 452, 0, 0),
(3, 23, 453, 0, 0),
(3, 23, 454, 0, 1),
(3, 23, 455, 0, 1),
(3, 23, 456, 0, 0),
(3, 23, 457, 0, 0),
(3, 23, 458, 0, 0),
(3, 23, 471, 0, 0),
(3, 23, 472, 0, 0),
(3, 23, 473, 0, 0),
(3, 29, 474, 0, 0),
(3, 29, 478, 0, 0),
(3, 29, 479, 0, 0),
(3, 29, 481, 0, 0),
(3, 29, 513, 0, 0),
(3, 10, 518, 0, 0),
(3, 10, 519, 0, 0),
(3, 10, 520, 0, 0),
(3, 10, 521, 0, 0),
(3, 10, 522, 0, 0),
(3, 10, 523, 0, 0),
(3, 33, 524, 0, 0),
(3, 33, 525, 0, 0),
(3, 33, 526, 0, 0),
(3, 33, 527, 0, 0),
(3, 33, 528, 0, 0),
(3, 33, 529, 0, 0),
(3, 33, 530, 0, 0),
(3, 33, 531, 0, 0),
(3, 33, 532, 0, 0),
(3, 33, 533, 0, 0),
(3, 33, 534, 0, 0),
(3, 33, 535, 0, 0),
(3, 33, 536, 0, 0),
(3, 33, 537, 0, 0),
(3, 33, 538, 0, 1),
(3, 33, 539, 0, 1),
(3, 29, 540, 0, 0),
(3, 34, 541, 0, 0),
(3, 34, 542, 0, 1),
(3, 34, 543, 0, 1),
(3, 34, 544, 0, 0),
(3, 34, 545, 0, 1),
(3, 34, 546, 0, 0),
(3, 34, 547, 0, 0),
(3, 34, 548, 0, 0),
(3, 34, 549, 0, 0),
(3, 34, 550, 0, 0),
(3, 34, 551, 0, 0),
(3, 34, 552, 0, 1),
(3, 34, 553, 0, 1),
(3, 34, 554, 0, 0),
(3, 34, 555, 0, 0),
(3, 34, 556, 0, 0),
(3, 34, 557, 0, 1),
(3, 34, 558, 0, 0),
(3, 34, 559, 0, 0),
(3, 35, 560, 0, 0),
(3, 35, 561, 0, 0),
(3, 35, 562, 0, 0),
(3, 35, 563, 0, 0),
(3, 35, 564, 0, 0),
(3, 35, 565, 0, 0),
(3, 35, 566, 0, 0),
(3, 35, 567, 0, 0),
(3, 35, 568, 0, 1),
(3, 35, 569, 0, 1),
(3, 35, 570, 0, 0),
(3, 35, 571, 0, 0),
(3, 35, 572, 0, 0),
(3, 35, 573, 0, 0),
(3, 35, 574, 0, 0),
(3, 35, 575, 0, 0),
(3, 35, 576, 0, 0),
(3, 35, 577, 0, 0),
(3, 35, 578, 0, 0),
(3, 37, 579, 0, 0),
(3, 37, 580, 0, 0),
(3, 37, 581, 0, 0),
(3, 37, 582, 0, 0),
(3, 37, 583, 0, 0),
(3, 37, 584, 0, 0),
(3, 37, 585, 0, 0),
(3, 37, 586, 0, 0),
(3, 37, 587, 0, 0),
(3, 37, 589, 0, 0),
(3, 37, 590, 0, 0),
(3, 37, 592, 0, 0),
(3, 37, 593, 0, 1),
(3, 37, 594, 0, 1),
(3, 37, 595, 0, 0),
(3, 40, 597, 0, 0),
(3, 40, 598, 0, 0),
(3, 40, 599, 0, 1),
(3, 40, 600, 0, 1),
(3, 40, 601, 0, 0),
(3, 40, 602, 0, 1),
(3, 40, 603, 0, 0),
(3, 41, 604, 0, 0),
(3, 41, 605, 0, 0),
(3, 41, 606, 0, 0),
(3, 41, 607, 0, 0),
(3, 41, 608, 0, 0),
(3, 41, 609, 0, 0),
(3, 41, 610, 0, 1),
(3, 41, 611, 0, 1),
(3, 41, 612, 0, 0),
(3, 41, 613, 0, 0),
(3, 42, 614, 0, 0),
(3, 42, 615, 0, 0),
(3, 42, 616, 0, 0),
(3, 42, 617, 0, 0),
(3, 42, 618, 0, 0),
(3, 42, 619, 0, 0),
(3, 42, 620, 0, 0),
(3, 42, 621, 0, 0),
(3, 42, 622, 0, 0),
(3, 42, 623, 0, 0),
(3, 42, 624, 0, 0),
(3, 42, 625, 0, 1),
(3, 42, 626, 0, 1),
(3, 42, 627, 0, 0),
(3, 42, 628, 0, 0),
(3, 43, 629, 0, 0),
(3, 43, 630, 0, 0),
(3, 43, 631, 0, 0),
(3, 43, 632, 0, 0),
(3, 43, 633, 0, 0),
(3, 43, 634, 0, 0),
(3, 43, 635, 0, 0),
(3, 43, 636, 0, 0),
(3, 43, 637, 0, 0),
(3, 43, 638, 0, 0),
(3, 43, 639, 0, 0),
(3, 43, 640, 0, 0),
(3, 43, 641, 0, 0),
(3, 43, 642, 0, 1),
(3, 43, 643, 0, 1),
(3, 43, 644, 0, 0),
(3, 43, 645, 0, 0),
(3, 45, 646, 0, 0),
(3, 45, 647, 0, 1),
(3, 45, 648, 0, 1),
(3, 45, 649, 0, 0),
(3, 45, 650, 0, 0),
(3, 2, 651, 0, 0),
(3, 29, 652, 0, 0),
(3, 23, 653, 0, 1),
(3, 23, 654, 0, 1),
(3, 23, 655, 0, 1),
(3, 23, 656, 0, 1),
(3, 23, 657, 0, 1),
(3, 23, 658, 0, 1),
(3, 23, 659, 0, 1),
(3, 23, 660, 0, 1),
(3, 23, 661, 0, 1),
(3, 22, 662, 0, 1),
(3, 22, 663, 0, 1),
(3, 22, 664, 0, 1),
(3, 22, 665, 0, 1),
(3, 22, 666, 0, 1),
(3, 22, 667, 0, 1),
(3, 22, 668, 0, 1),
(3, 22, 669, 0, 1),
(3, 22, 670, 0, 1),
(3, 21, 671, 0, 1),
(3, 21, 672, 0, 1),
(3, 21, 673, 0, 1),
(3, 21, 674, 0, 1),
(3, 21, 675, 0, 1),
(3, 21, 676, 0, 1),
(3, 21, 677, 0, 1),
(3, 21, 678, 0, 1),
(3, 21, 679, 0, 1),
(3, 20, 680, 0, 1),
(3, 20, 681, 0, 1),
(3, 20, 682, 0, 1),
(3, 20, 683, 0, 1),
(3, 20, 684, 0, 1),
(3, 20, 685, 0, 1),
(3, 20, 686, 0, 1),
(3, 20, 687, 0, 1),
(3, 20, 688, 0, 1),
(3, 29, 689, 0, 0),
(3, 42, 690, 0, 0),
(3, 40, 691, 0, 0),
(3, 29, 692, 0, 0),
(3, 29, 693, 0, 0),
(3, 29, 694, 0, 0),
(3, 23, 695, 0, 0),
(3, 22, 696, 0, 0),
(3, 21, 697, 0, 0),
(3, 20, 698, 0, 0),
(3, 29, 699, 0, 0),
(3, 6, 700, 0, 1),
(3, 4, 701, 0, 1),
(3, 2, 702, 0, 1),
(3, 29, 703, 0, 0),
(3, 23, 704, 0, 0),
(3, 23, 705, 0, 0),
(3, 21, 706, 0, 0),
(3, 21, 707, 0, 0),
(3, 18, 708, 0, 0),
(3, 40, 710, 0, 0),
(3, 40, 711, 0, 0),
(3, 29, 716, 0, 0),
(3, 2, 717, 0, 0),
(3, 13, 718, 0, 0),
(3, 29, 719, 0, 0),
(3, 13, 720, 0, 0),
(3, 29, 721, 0, 0),
(3, 29, 722, 0, 0),
(3, 29, 723, 0, 0),
(3, 2, 724, 0, 1),
(3, 4, 725, 0, 1),
(3, 6, 726, 0, 1),
(3, 7, 727, 0, 1),
(3, 9, 729, 0, 1),
(3, 13, 730, 0, 1),
(3, 18, 734, 0, 1),
(3, 21, 737, 0, 1),
(3, 23, 739, 0, 1),
(3, 33, 741, 0, 1),
(3, 34, 742, 0, 1),
(3, 35, 743, 0, 1),
(3, 37, 744, 0, 1),
(3, 40, 745, 0, 1),
(3, 41, 746, 0, 1),
(3, 42, 747, 0, 1),
(3, 43, 748, 0, 1),
(3, 45, 749, 0, 1),
(3, 47, 750, 0, 0),
(3, 47, 751, 0, 0),
(3, 47, 752, 0, 0),
(3, 47, 753, 0, 0),
(3, 47, 754, 0, 0),
(3, 47, 755, 0, 0),
(3, 47, 756, 0, 0),
(3, 47, 757, 0, 0),
(3, 47, 758, 0, 0),
(3, 47, 759, 0, 0),
(3, 47, 760, 0, 0),
(3, 47, 761, 0, 0),
(3, 47, 762, 0, 0),
(3, 47, 763, 0, 0),
(3, 47, 764, 0, 0),
(3, 47, 765, 0, 1),
(3, 47, 766, 0, 1),
(3, 47, 767, 0, 0),
(3, 47, 768, 0, 0),
(3, 47, 769, 0, 0),
(3, 47, 770, 0, 0),
(3, 47, 771, 0, 0),
(3, 47, 772, 0, 0),
(3, 49, 773, 0, 0),
(3, 49, 774, 0, 0),
(3, 49, 775, 0, 1),
(3, 49, 776, 0, 1),
(3, 49, 777, 0, 0),
(3, 49, 778, 0, 0),
(3, 49, 779, 0, 0),
(3, 51, 780, 0, 0),
(3, 51, 781, 0, 0),
(3, 51, 782, 0, 0),
(3, 51, 783, 0, 0),
(3, 51, 784, 0, 0),
(3, 51, 785, 0, 0),
(3, 51, 786, 0, 0),
(3, 51, 787, 0, 0),
(3, 51, 788, 0, 0),
(3, 51, 789, 0, 0),
(3, 51, 790, 0, 0),
(3, 51, 791, 0, 1),
(3, 51, 792, 0, 1),
(3, 51, 793, 0, 0),
(3, 51, 794, 0, 0),
(3, 51, 795, 0, 0),
(3, 51, 796, 0, 0),
(3, 51, 797, 0, 0),
(3, 51, 798, 0, 0),
(3, 51, 799, 0, 0),
(3, 51, 800, 0, 0),
(3, 51, 801, 0, 0),
(3, 51, 802, 0, 0),
(3, 51, 804, 0, 0),
(3, 51, 805, 0, 0),
(3, 51, 806, 0, 0),
(3, 51, 807, 0, 0),
(3, 51, 808, 0, 0),
(3, 51, 809, 0, 0),
(3, 51, 810, 0, 0),
(3, 51, 811, 0, 0),
(3, 51, 812, 0, 0),
(3, 51, 813, 0, 0),
(3, 13, 814, 0, 0),
(3, 13, 815, 0, 0),
(3, 42, 816, 0, 0),
(3, 42, 817, 0, 0),
(3, 37, 818, 0, 0),
(3, 37, 819, 0, 0),
(3, 34, 820, 0, 0),
(3, 34, 821, 0, 0),
(3, 22, 822, 0, 0),
(3, 22, 823, 0, 0),
(3, 20, 824, 0, 0),
(3, 20, 825, 0, 0),
(3, 43, 826, 0, 0),
(3, 43, 827, 0, 0),
(3, 43, 828, 0, 0),
(3, 43, 830, 0, 0),
(3, 43, 832, 0, 0),
(3, 2, 834, 0, 0),
(3, 2, 835, 0, 0),
(3, 2, 836, 0, 0),
(3, 2, 838, 0, 0),
(3, 2, 840, 0, 0),
(3, 54, 842, 0, 0),
(3, 54, 843, 0, 0),
(3, 54, 844, 0, 0),
(3, 54, 845, 0, 0),
(3, 54, 846, 0, 0),
(3, 54, 847, 0, 0),
(3, 54, 848, 0, 0),
(3, 54, 849, 0, 0),
(3, 54, 850, 0, 0),
(3, 54, 851, 0, 0),
(3, 54, 852, 0, 0),
(3, 54, 853, 0, 0),
(3, 54, 854, 0, 0),
(3, 54, 855, 0, 0),
(3, 54, 856, 0, 0),
(3, 54, 857, 0, 0),
(3, 54, 858, 0, 1),
(3, 54, 859, 0, 1),
(3, 54, 860, 0, 0),
(3, 54, 861, 0, 1),
(3, 54, 862, 0, 1),
(3, 54, 863, 0, 0),
(3, 54, 864, 0, 0),
(3, 8, 865, 0, 0),
(3, 57, 866, 0, 0),
(3, 57, 867, 0, 0),
(3, 57, 868, 0, 0),
(3, 57, 869, 0, 0),
(3, 57, 870, 0, 0),
(3, 57, 871, 0, 0),
(3, 57, 872, 0, 0),
(3, 57, 873, 0, 0),
(3, 57, 874, 0, 0),
(3, 57, 875, 0, 1),
(3, 57, 876, 0, 1),
(3, 57, 877, 0, 0),
(3, 57, 878, 0, 0),
(3, 58, 879, 0, 0),
(3, 58, 880, 0, 0),
(3, 58, 881, 0, 0),
(3, 58, 882, 0, 0),
(3, 58, 883, 0, 0),
(3, 58, 884, 0, 0),
(3, 58, 885, 0, 0),
(3, 58, 886, 0, 0),
(3, 58, 887, 0, 0),
(3, 58, 888, 0, 1),
(3, 58, 889, 0, 1),
(3, 58, 890, 0, 0),
(3, 58, 891, 0, 0),
(3, 59, 892, 0, 0),
(3, 59, 893, 0, 0),
(3, 59, 894, 0, 0),
(3, 59, 895, 0, 0),
(3, 59, 896, 0, 0),
(3, 59, 897, 0, 0),
(3, 59, 898, 0, 0),
(3, 59, 899, 0, 0),
(3, 59, 900, 0, 0),
(3, 59, 901, 0, 0),
(3, 59, 902, 0, 1),
(3, 59, 903, 0, 1),
(3, 59, 904, 0, 0),
(3, 59, 905, 0, 0),
(3, 58, 909, 0, 0),
(3, 35, 910, 0, 0),
(3, 14, 911, 0, 0),
(3, 59, 912, 0, 0),
(3, 57, 913, 0, 0),
(3, 58, 914, 0, 0),
(3, 58, 915, 0, 0),
(3, 59, 916, 0, 0),
(3, 57, 917, 0, 0),
(3, 58, 918, 0, 0),
(3, 59, 923, 0, 0),
(3, 57, 924, 0, 0),
(3, 58, 925, 0, 0),
(3, 37, 926, 0, 0),
(3, 60, 927, 0, 0),
(3, 60, 928, 0, 0),
(3, 60, 929, 0, 0),
(3, 60, 930, 0, 0),
(3, 60, 931, 0, 0),
(3, 60, 932, 0, 0),
(3, 60, 933, 0, 0),
(3, 60, 934, 0, 1),
(3, 60, 935, 0, 1),
(3, 60, 936, 0, 0),
(3, 7, 938, 0, 0),
(3, 7, 940, 0, 0),
(3, 61, 941, 0, 0),
(3, 61, 942, 0, 0),
(3, 61, 943, 0, 0),
(3, 61, 944, 0, 0),
(3, 61, 945, 0, 0),
(3, 61, 946, 0, 0),
(3, 61, 947, 0, 0),
(3, 61, 948, 0, 0),
(3, 61, 949, 0, 0),
(3, 61, 950, 0, 0),
(3, 61, 951, 0, 1),
(3, 61, 952, 0, 1),
(3, 61, 953, 0, 0),
(3, 61, 954, 0, 0),
(3, 61, 955, 0, 0),
(3, 61, 956, 0, 0),
(3, 61, 957, 0, 0),
(3, 61, 958, 0, 0),
(3, 61, 959, 0, 0),
(3, 61, 960, 0, 0),
(3, 61, 961, 0, 0),
(3, 61, 962, 0, 0),
(3, 61, 963, 0, 0),
(3, 61, 964, 0, 0),
(3, 61, 965, 0, 0),
(3, 61, 966, 0, 0),
(3, 7, 967, 0, 0),
(3, 7, 968, 0, 0),
(3, 7, 969, 0, 0),
(3, 6, 970, 0, 0),
(3, 6, 971, 0, 0),
(3, 6, 972, 0, 0),
(3, 18, 973, 0, 0),
(3, 18, 974, 0, 0),
(3, 18, 975, 0, 0),
(3, 62, 976, 0, 0),
(3, 62, 977, 0, 0),
(3, 62, 978, 0, 0),
(3, 62, 979, 0, 0),
(3, 62, 980, 0, 1),
(3, 62, 981, 0, 1),
(3, 62, 982, 0, 0),
(3, 63, 983, 0, 0),
(3, 63, 984, 0, 0),
(3, 63, 985, 0, 0),
(3, 63, 986, 0, 0),
(3, 63, 987, 0, 1),
(3, 63, 988, 0, 1),
(3, 63, 989, 0, 0),
(3, 64, 990, 0, 0),
(3, 64, 991, 0, 0),
(3, 64, 992, 0, 0),
(3, 64, 993, 0, 0),
(3, 64, 994, 0, 1),
(3, 64, 995, 0, 1),
(3, 64, 996, 0, 0),
(3, 65, 997, 0, 0),
(3, 65, 998, 0, 0),
(3, 65, 999, 0, 0),
(3, 65, 1000, 0, 0),
(3, 65, 1001, 0, 0),
(3, 65, 1002, 0, 0),
(3, 65, 1003, 0, 0),
(3, 65, 1004, 0, 1),
(3, 65, 1005, 0, 1),
(3, 65, 1006, 0, 0),
(3, 66, 1007, 0, 0),
(3, 66, 1008, 0, 0),
(3, 66, 1009, 0, 0),
(3, 66, 1010, 0, 0),
(3, 66, 1011, 0, 0),
(3, 66, 1012, 0, 0),
(3, 66, 1013, 0, 1),
(3, 66, 1014, 0, 1),
(3, 66, 1015, 0, 0),
(3, 67, 1016, 0, 0),
(3, 67, 1017, 0, 0),
(3, 67, 1018, 0, 0),
(3, 67, 1019, 0, 0),
(3, 67, 1020, 0, 0),
(3, 67, 1021, 0, 1),
(3, 67, 1022, 0, 1),
(3, 67, 1023, 0, 0),
(3, 68, 1024, 0, 0),
(3, 68, 1025, 0, 0),
(3, 68, 1026, 0, 0),
(3, 68, 1027, 0, 0),
(3, 68, 1028, 0, 1),
(3, 68, 1029, 0, 1),
(3, 68, 1030, 0, 0),
(3, 69, 1031, 0, 0),
(3, 69, 1032, 0, 0),
(3, 69, 1033, 0, 0),
(3, 69, 1034, 0, 0),
(3, 69, 1035, 0, 0),
(3, 69, 1036, 0, 0),
(3, 69, 1037, 0, 0),
(3, 69, 1038, 0, 0),
(3, 69, 1039, 0, 0),
(3, 69, 1040, 0, 1),
(3, 69, 1041, 0, 1),
(3, 69, 1042, 0, 0),
(3, 13, 1043, 0, 0),
(3, 43, 1044, 0, 0),
(3, 29, 1045, 0, 0),
(3, 34, 1046, 0, 0),
(3, 34, 1047, 0, 0),
(3, 34, 1048, 0, 0),
(3, 13, 1049, 0, 0),
(3, 64, 1050, 0, 0),
(3, 64, 1051, 0, 0),
(3, 64, 1052, 0, 0),
(3, 64, 1053, 0, 0),
(3, 63, 1054, 0, 0),
(3, 63, 1055, 0, 0),
(3, 63, 1056, 0, 0),
(3, 63, 1057, 0, 0),
(3, 63, 1058, 0, 0),
(3, 62, 1059, 0, 0),
(3, 62, 1060, 0, 0),
(3, 62, 1061, 0, 0),
(3, 62, 1062, 0, 0),
(3, 62, 1063, 0, 0),
(3, 62, 1064, 0, 0),
(3, 7, 1065, 0, 0),
(3, 7, 1066, 0, 0),
(3, 7, 1067, 0, 0),
(3, 7, 1068, 0, 0),
(3, 7, 1069, 0, 0),
(3, 7, 1070, 0, 0),
(3, 7, 1071, 0, 0),
(3, 7, 1072, 0, 0),
(3, 4, 1073, 0, 0),
(3, 4, 1074, 0, 0),
(3, 4, 1075, 0, 0),
(3, 4, 1076, 0, 0),
(3, 4, 1077, 0, 0),
(3, 4, 1078, 0, 0),
(3, 4, 1079, 0, 0),
(3, 4, 1080, 0, 0),
(3, 4, 1081, 0, 0),
(3, 4, 1082, 0, 0),
(3, 4, 1083, 0, 0),
(3, 4, 1084, 0, 0),
(3, 4, 1085, 0, 0),
(3, 4, 1086, 0, 0),
(3, 4, 1087, 0, 0),
(3, 4, 1088, 0, 0),
(3, 6, 1089, 0, 0),
(3, 6, 1090, 0, 0),
(3, 6, 1091, 0, 0),
(3, 6, 1092, 0, 0),
(3, 6, 1093, 0, 0),
(3, 6, 1094, 0, 0),
(3, 6, 1095, 0, 0),
(3, 6, 1096, 0, 0),
(3, 6, 1097, 0, 0),
(3, 6, 1098, 0, 0),
(3, 6, 1099, 0, 0),
(3, 6, 1100, 0, 0),
(3, 6, 1101, 0, 0),
(3, 6, 1102, 0, 0),
(3, 6, 1103, 0, 0),
(3, 6, 1104, 0, 0),
(3, 18, 1105, 0, 0),
(3, 18, 1106, 0, 0),
(3, 18, 1107, 0, 0),
(3, 18, 1108, 0, 0),
(3, 18, 1109, 0, 0),
(3, 18, 1110, 0, 0),
(3, 18, 1111, 0, 0),
(3, 18, 1112, 0, 0),
(3, 18, 1113, 0, 0),
(3, 18, 1114, 0, 0),
(3, 18, 1115, 0, 0),
(3, 18, 1116, 0, 0),
(3, 18, 1117, 0, 0),
(3, 18, 1118, 0, 0),
(3, 18, 1119, 0, 0),
(3, 18, 1120, 0, 0),
(3, 18, 1121, 0, 0),
(3, 18, 1122, 0, 0),
(3, 18, 1123, 0, 0),
(3, 18, 1124, 0, 0),
(3, 18, 1125, 0, 0),
(3, 18, 1126, 0, 0),
(3, 18, 1127, 0, 0),
(3, 18, 1128, 0, 0),
(3, 68, 1129, 0, 0),
(3, 67, 1130, 0, 0),
(3, 67, 1131, 0, 0),
(3, 66, 1132, 0, 0),
(3, 66, 1133, 0, 0),
(3, 66, 1134, 0, 0),
(3, 65, 1135, 0, 0),
(3, 65, 1136, 0, 0),
(3, 65, 1137, 0, 0),
(3, 65, 1138, 0, 0),
(3, 64, 1139, 0, 0),
(3, 64, 1140, 0, 0),
(3, 64, 1141, 0, 0),
(3, 64, 1142, 0, 0),
(3, 64, 1143, 0, 0),
(3, 63, 1144, 0, 0),
(3, 63, 1145, 0, 0),
(3, 63, 1146, 0, 0),
(3, 63, 1147, 0, 0),
(3, 63, 1148, 0, 0),
(3, 63, 1149, 0, 0),
(3, 62, 1150, 0, 0),
(3, 62, 1151, 0, 0),
(3, 62, 1152, 0, 0),
(3, 62, 1153, 0, 0),
(3, 62, 1154, 0, 0),
(3, 62, 1155, 0, 0),
(3, 62, 1156, 0, 0),
(3, 65, 1157, 0, 0),
(3, 64, 1158, 0, 0),
(3, 62, 1159, 0, 0),
(3, 6, 1160, 0, 0),
(3, 6, 1161, 0, 0),
(3, 6, 1162, 0, 0),
(3, 6, 1163, 0, 0),
(3, 6, 1164, 0, 0),
(3, 6, 1165, 0, 0),
(3, 6, 1166, 0, 0),
(3, 6, 1167, 0, 0),
(3, 20, 1168, 0, 0),
(3, 20, 1169, 0, 0),
(3, 20, 1170, 0, 0),
(3, 20, 1171, 0, 0),
(3, 20, 1172, 0, 0),
(3, 20, 1173, 0, 0),
(3, 20, 1174, 0, 0),
(3, 20, 1175, 0, 0),
(3, 20, 1176, 0, 0),
(3, 20, 1177, 0, 0),
(3, 20, 1178, 0, 0),
(3, 20, 1179, 0, 0),
(3, 20, 1180, 0, 0),
(3, 20, 1181, 0, 0),
(3, 20, 1182, 0, 0),
(3, 20, 1183, 0, 0),
(3, 21, 1184, 0, 0),
(3, 21, 1185, 0, 0),
(3, 21, 1186, 0, 0),
(3, 21, 1187, 0, 0),
(3, 21, 1188, 0, 0),
(3, 21, 1189, 0, 0),
(3, 21, 1190, 0, 0),
(3, 21, 1191, 0, 0),
(3, 21, 1192, 0, 0),
(3, 21, 1193, 0, 0),
(3, 21, 1194, 0, 0),
(3, 21, 1195, 0, 0),
(3, 21, 1196, 0, 0),
(3, 21, 1197, 0, 0),
(3, 21, 1199, 0, 0),
(3, 21, 1200, 0, 0),
(3, 22, 1201, 0, 0),
(3, 22, 1202, 0, 0),
(3, 22, 1203, 0, 0),
(3, 22, 1204, 0, 0),
(3, 22, 1205, 0, 0),
(3, 22, 1206, 0, 0),
(3, 22, 1207, 0, 0),
(3, 22, 1208, 0, 0),
(3, 22, 1209, 0, 0),
(3, 22, 1210, 0, 0),
(3, 22, 1211, 0, 0),
(3, 22, 1212, 0, 0),
(3, 22, 1213, 0, 0),
(3, 22, 1214, 0, 0),
(3, 22, 1215, 0, 0),
(3, 22, 1216, 0, 0),
(3, 23, 1217, 0, 0),
(3, 23, 1218, 0, 0),
(3, 23, 1219, 0, 0),
(3, 23, 1220, 0, 0),
(3, 23, 1221, 0, 0),
(3, 23, 1222, 0, 0),
(3, 23, 1223, 0, 0),
(3, 23, 1224, 0, 0),
(3, 23, 1225, 0, 0),
(3, 23, 1226, 0, 0),
(3, 23, 1227, 0, 0),
(3, 23, 1228, 0, 0),
(3, 23, 1229, 0, 0),
(3, 23, 1230, 0, 0),
(3, 23, 1231, 0, 0),
(3, 23, 1232, 0, 0),
(3, 70, 1233, 0, 0),
(3, 70, 1234, 0, 0),
(3, 70, 1235, 0, 0),
(3, 70, 1236, 0, 0),
(3, 70, 1237, 0, 0),
(3, 70, 1239, 0, 1),
(3, 70, 1240, 0, 1),
(3, 70, 1241, 0, 0),
(3, 70, 1242, 0, 0),
(3, 70, 1243, 0, 0),
(3, 70, 1244, 0, 0),
(3, 70, 1245, 0, 0),
(3, 70, 1246, 0, 0),
(3, 71, 1247, 0, 0),
(3, 71, 1248, 0, 0),
(3, 71, 1249, 0, 0),
(3, 71, 1250, 0, 0),
(3, 71, 1251, 0, 0),
(3, 71, 1252, 0, 0),
(3, 71, 1253, 0, 0),
(3, 71, 1254, 0, 0),
(3, 71, 1255, 0, 0),
(3, 71, 1256, 0, 0),
(3, 71, 1257, 0, 0),
(3, 71, 1258, 0, 0),
(3, 71, 1259, 0, 0),
(3, 71, 1260, 0, 1),
(3, 71, 1261, 0, 1),
(3, 71, 1262, 0, 0),
(3, 71, 1263, 0, 0),
(3, 71, 1265, 0, 0),
(3, 71, 1266, 0, 0),
(3, 71, 1267, 0, 0),
(3, 71, 1268, 0, 0),
(3, 71, 1269, 0, 0),
(3, 71, 1271, 0, 0),
(3, 71, 1272, 0, 0),
(3, 71, 1273, 0, 0),
(3, 66, 1275, 0, 0),
(3, 7, 1276, 0, 0),
(3, 6, 1277, 0, 0),
(3, 4, 1278, 0, 0),
(3, 18, 1279, 0, 0),
(3, 51, 1280, 0, 0),
(3, 2, 1281, 0, 0),
(3, 70, 1282, 0, 0),
(3, 70, 1283, 0, 0),
(3, 70, 1284, 0, 0),
(3, 6, 1285, 0, 0),
(3, 6, 1286, 0, 0),
(3, 6, 1287, 0, 0),
(3, 6, 1288, 0, 0),
(3, 6, 1289, 0, 0),
(3, 6, 1290, 0, 0),
(3, 7, 1291, 0, 0),
(3, 7, 1292, 0, 0),
(3, 4, 1293, 0, 0),
(3, 4, 1294, 0, 0),
(3, 4, 1295, 0, 0),
(3, 4, 1296, 0, 0),
(3, 20, 1297, 0, 0),
(3, 20, 1298, 0, 0),
(3, 20, 1299, 0, 0),
(3, 20, 1300, 0, 0),
(3, 21, 1301, 0, 0),
(3, 21, 1302, 0, 0),
(3, 21, 1303, 0, 0),
(3, 21, 1304, 0, 0),
(3, 22, 1305, 0, 0),
(3, 22, 1306, 0, 0),
(3, 22, 1307, 0, 0),
(3, 22, 1308, 0, 0),
(3, 23, 1309, 0, 0),
(3, 23, 1310, 0, 0),
(3, 23, 1311, 0, 0),
(3, 23, 1312, 0, 0),
(3, 37, 1314, 0, 0),
(3, 59, 1315, 0, 0),
(3, 57, 1316, 0, 0),
(3, 58, 1317, 0, 0),
(3, 42, 1318, 0, 0),
(3, 42, 1319, 0, 0),
(3, 42, 1320, 0, 0),
(3, 7, 1321, 0, 0),
(3, 29, 1322, 0, 0),
(3, 37, 1323, 0, 0),
(3, 37, 1324, 0, 0),
(3, 37, 1325, 0, 0),
(3, 51, 1326, 0, 0),
(3, 51, 1327, 0, 0),
(3, 51, 1328, 0, 0),
(3, 7, 1329, 0, 0),
(3, 6, 1330, 0, 0),
(3, 6, 1331, 0, 0),
(3, 4, 1332, 0, 0),
(3, 18, 1333, 0, 0),
(3, 20, 1334, 0, 0),
(3, 22, 1335, 0, 0),
(3, 21, 1336, 0, 0),
(3, 23, 1337, 0, 0),
(3, 71, 1338, 0, 0),
(3, 2, 1339, 0, 0),
(3, 43, 1340, 0, 0),
(3, 13, 1341, 0, 0),
(3, 58, 1342, 0, 0),
(3, 58, 1344, 0, 0),
(3, 20, 1345, 0, 0),
(3, 20, 1346, 0, 0),
(3, 20, 1347, 0, 0),
(3, 22, 1348, 0, 0),
(3, 22, 1349, 0, 0),
(3, 22, 1350, 0, 0),
(3, 23, 1351, 0, 0),
(3, 23, 1352, 0, 0),
(3, 23, 1353, 0, 0),
(3, 21, 1354, 0, 0),
(3, 21, 1355, 0, 0),
(3, 21, 1356, 0, 0),
(3, 2, 1357, 0, 0),
(3, 2, 1358, 0, 0),
(3, 2, 1359, 0, 0),
(3, 2, 1360, 0, 0),
(3, 6, 1363, 0, 0),
(3, 6, 1364, 0, 0),
(3, 23, 1367, 0, 0),
(3, 4, 1368, 0, 0),
(3, 6, 1369, 0, 0),
(3, 6, 1370, 0, 0),
(3, 71, 1371, 0, 0),
(3, 71, 1372, 0, 0),
(3, 71, 1373, 0, 0),
(3, 2, 1374, 0, 0),
(3, 6, 1375, 0, 0),
(3, 6, 1376, 0, 0),
(3, 26, 1377, 0, 0),
(3, 26, 1378, 0, 0),
(3, 2, 1379, 0, 0),
(3, 2, 1380, 0, 0),
(3, 43, 1381, 0, 0),
(3, 43, 1382, 0, 0),
(3, 13, 1383, 0, 0),
(3, 13, 1384, 0, 0),
(3, 4, 1385, 0, 0),
(3, 4, 1386, 0, 0),
(3, 70, 1387, 0, 0),
(3, 20, 1388, 0, 0),
(3, 23, 1389, 0, 0),
(3, 22, 1390, 0, 0),
(3, 4, 1391, 0, 0),
(3, 14, 1392, 0, 0),
(3, 14, 1393, 0, 0),
(3, 35, 1394, 0, 0),
(3, 35, 1395, 0, 0),
(3, 7, 1396, 0, 0),
(3, 7, 1397, 0, 0),
(3, 8, 1398, 0, 0),
(3, 8, 1399, 0, 0),
(3, 9, 1400, 0, 0),
(3, 9, 1401, 0, 0),
(3, 15, 1402, 0, 0),
(3, 15, 1403, 0, 0),
(3, 16, 1404, 0, 0),
(3, 16, 1405, 0, 0),
(3, 18, 1406, 0, 0),
(3, 18, 1407, 0, 0),
(3, 19, 1408, 0, 0),
(3, 19, 1409, 0, 0),
(3, 20, 1410, 0, 0),
(3, 20, 1411, 0, 0),
(3, 21, 1412, 0, 0),
(3, 21, 1413, 0, 0),
(3, 22, 1414, 0, 0),
(3, 22, 1415, 0, 0),
(3, 23, 1416, 0, 0),
(3, 23, 1417, 0, 0),
(3, 34, 1418, 0, 0),
(3, 34, 1419, 0, 0),
(3, 37, 1420, 0, 0),
(3, 37, 1421, 0, 0),
(3, 41, 1422, 0, 0),
(3, 41, 1423, 0, 0),
(3, 42, 1424, 0, 0),
(3, 42, 1425, 0, 0),
(3, 47, 1426, 0, 0),
(3, 47, 1427, 0, 0),
(3, 49, 1428, 0, 0),
(3, 49, 1429, 0, 0),
(3, 51, 1430, 0, 0),
(3, 51, 1431, 0, 0),
(3, 54, 1432, 0, 0),
(3, 54, 1433, 0, 0),
(3, 57, 1434, 0, 0),
(3, 57, 1435, 0, 0),
(3, 58, 1436, 0, 0),
(3, 58, 1437, 0, 0),
(3, 59, 1438, 0, 0),
(3, 59, 1439, 0, 0),
(3, 60, 1440, 0, 0),
(3, 60, 1441, 0, 0),
(3, 61, 1442, 0, 0),
(3, 61, 1443, 0, 0),
(3, 70, 1444, 0, 0),
(3, 70, 1445, 0, 0),
(3, 71, 1446, 0, 0),
(3, 71, 1447, 0, 0),
(3, 2, 1448, 0, 0),
(3, 4, 1449, 0, 0),
(3, 6, 1450, 0, 0),
(3, 7, 1451, 0, 0),
(3, 8, 1452, 0, 0),
(3, 9, 1453, 0, 0),
(3, 13, 1454, 0, 0),
(3, 14, 1455, 0, 0),
(3, 15, 1456, 0, 0),
(3, 16, 1457, 0, 0),
(3, 18, 1458, 0, 0),
(3, 19, 1459, 0, 0),
(3, 20, 1460, 0, 0),
(3, 21, 1461, 0, 0),
(3, 22, 1462, 0, 0),
(3, 23, 1463, 0, 0),
(3, 26, 1464, 0, 0),
(3, 34, 1465, 0, 0),
(3, 35, 1466, 0, 0),
(3, 37, 1467, 0, 0),
(3, 41, 1468, 0, 0),
(3, 42, 1469, 0, 0),
(3, 43, 1470, 0, 0),
(3, 47, 1471, 0, 0),
(3, 49, 1472, 0, 0),
(3, 51, 1473, 0, 0),
(3, 54, 1474, 0, 0),
(3, 57, 1475, 0, 0),
(3, 58, 1476, 0, 0),
(3, 59, 1477, 0, 0),
(3, 60, 1478, 0, 0),
(3, 61, 1479, 0, 0),
(3, 70, 1480, 0, 0),
(3, 71, 1481, 0, 0),
(3, 13, 1482, 0, 0),
(3, 13, 1483, 0, 0),
(3, 37, 1484, 0, 0),
(3, 58, 1485, 0, 0),
(3, 7, 1486, 0, 0),
(3, 4, 1487, 0, 0),
(3, 6, 1488, 0, 0),
(3, 18, 1489, 0, 0),
(3, 20, 1490, 0, 0),
(3, 21, 1491, 0, 0),
(3, 22, 1492, 0, 0),
(3, 23, 1493, 0, 0),
(3, 4, 1494, 0, 0),
(3, 6, 1495, 0, 0),
(3, 18, 1496, 0, 0),
(3, 20, 1497, 0, 0),
(3, 21, 1498, 0, 0),
(3, 22, 1499, 0, 0),
(3, 23, 1500, 0, 0),
(3, 18, 1501, 0, 0),
(3, 6, 1502, 0, 0),
(3, 4, 1503, 0, 0),
(4, 6, 1, 0, 0),
(4, 6, 2, 0, 0),
(4, 6, 3, 0, 0),
(4, 6, 4, 0, 0),
(4, 6, 5, 0, 0),
(4, 6, 7, 0, 0),
(4, 6, 8, 0, 0),
(4, 6, 9, 0, 0),
(4, 6, 10, 0, 0),
(4, 6, 11, 0, 0),
(4, 6, 12, 0, 0),
(4, 6, 14, 0, 0),
(4, 6, 15, 0, 0),
(4, 6, 16, 0, 0),
(4, 6, 17, 0, 0),
(4, 6, 18, 0, 0),
(4, 6, 20, 0, 0),
(4, 6, 21, 0, 1),
(4, 6, 22, 0, 1),
(4, 6, 23, 0, 0),
(4, 6, 36, 0, 0),
(4, 7, 37, 0, 0),
(4, 7, 39, 0, 0),
(4, 7, 40, 0, 0),
(4, 7, 41, 0, 0),
(4, 7, 42, 0, 0),
(4, 7, 43, 0, 0),
(4, 7, 44, 0, 0),
(4, 7, 46, 0, 0),
(4, 7, 47, 0, 0),
(4, 7, 48, 0, 0),
(4, 7, 49, 0, 0),
(4, 7, 50, 0, 0),
(4, 7, 51, 0, 0),
(4, 7, 53, 0, 0),
(4, 7, 54, 0, 0),
(4, 7, 55, 0, 0),
(4, 7, 56, 0, 1),
(4, 7, 57, 0, 1),
(4, 7, 58, 0, 0),
(4, 7, 65, 0, 0),
(4, 4, 66, 0, 0),
(4, 4, 67, 0, 0),
(4, 4, 68, 0, 0),
(4, 4, 69, 0, 0),
(4, 4, 70, 0, 0),
(4, 4, 71, 0, 0),
(4, 4, 72, 0, 0),
(4, 4, 74, 0, 0),
(4, 4, 79, 0, 0),
(4, 4, 80, 0, 0),
(4, 4, 81, 0, 0),
(4, 4, 85, 0, 0),
(4, 4, 86, 0, 0),
(4, 4, 87, 0, 0),
(4, 4, 90, 0, 1),
(4, 4, 91, 0, 1),
(4, 4, 92, 0, 0),
(4, 4, 93, 0, 0),
(4, 4, 94, 0, 0),
(4, 4, 95, 0, 0),
(4, 4, 108, 0, 0),
(4, 4, 109, 0, 0),
(4, 2, 110, 0, 0),
(4, 2, 111, 0, 0),
(4, 2, 113, 0, 0),
(4, 2, 114, 0, 0),
(4, 2, 115, 0, 0),
(4, 2, 117, 0, 0),
(4, 2, 118, 0, 0),
(4, 2, 119, 0, 0),
(4, 2, 121, 0, 0),
(4, 2, 122, 0, 1),
(4, 2, 123, 0, 1),
(4, 2, 124, 0, 0),
(4, 2, 125, 0, 0),
(4, 26, 126, 0, 0),
(4, 26, 127, 0, 0),
(4, 26, 128, 0, 0),
(4, 26, 129, 0, 0),
(4, 26, 130, 0, 0),
(4, 26, 131, 0, 0),
(4, 26, 132, 0, 0),
(4, 26, 133, 0, 0),
(4, 26, 134, 0, 0),
(4, 26, 135, 0, 0),
(4, 26, 136, 0, 0),
(4, 26, 137, 0, 1),
(4, 26, 138, 0, 1),
(4, 26, 139, 0, 0),
(4, 26, 140, 0, 0),
(4, 26, 141, 0, 0),
(4, 26, 142, 0, 0),
(4, 26, 143, 0, 0),
(4, 26, 144, 0, 0),
(4, 26, 145, 0, 0),
(4, 26, 146, 0, 0),
(4, 26, 147, 0, 0),
(4, 26, 148, 0, 0),
(4, 26, 149, 0, 0),
(4, 26, 150, 0, 0),
(4, 4, 151, 0, 0),
(4, 6, 152, 0, 0),
(4, 7, 153, 0, 0),
(4, 26, 154, 0, 0),
(4, 13, 155, 0, 0),
(4, 13, 156, 0, 0),
(4, 13, 157, 0, 0),
(4, 13, 158, 0, 0),
(4, 13, 159, 0, 0),
(4, 13, 160, 0, 0),
(4, 13, 161, 0, 0),
(4, 13, 162, 0, 0),
(4, 13, 163, 0, 0),
(4, 13, 166, 0, 1),
(4, 13, 167, 0, 1),
(4, 13, 168, 0, 0),
(4, 13, 169, 0, 0),
(4, 13, 170, 0, 0),
(4, 13, 171, 0, 0),
(4, 13, 172, 0, 0),
(4, 14, 173, 0, 0),
(4, 14, 174, 0, 0),
(4, 14, 175, 0, 0),
(4, 14, 176, 0, 0),
(4, 14, 177, 0, 0),
(4, 14, 178, 0, 0),
(4, 14, 179, 0, 0),
(4, 14, 180, 0, 0),
(4, 14, 181, 0, 0),
(4, 14, 182, 0, 0),
(4, 14, 183, 0, 0),
(4, 14, 184, 0, 0),
(4, 14, 185, 0, 0),
(4, 14, 186, 0, 0),
(4, 14, 187, 0, 0),
(4, 14, 188, 0, 0),
(4, 14, 189, 0, 0),
(4, 14, 190, 0, 1),
(4, 14, 191, 0, 1),
(4, 14, 192, 0, 0),
(4, 14, 193, 0, 0),
(4, 14, 194, 0, 0),
(4, 14, 195, 0, 0),
(4, 14, 196, 0, 0),
(4, 14, 197, 0, 0),
(4, 14, 198, 0, 0),
(4, 14, 199, 0, 0),
(4, 14, 200, 0, 0),
(4, 14, 201, 0, 0),
(4, 14, 202, 0, 0),
(4, 14, 203, 0, 0),
(4, 8, 204, 0, 0),
(4, 8, 205, 0, 1),
(4, 8, 206, 0, 1),
(4, 8, 207, 0, 0),
(4, 8, 208, 0, 0),
(4, 8, 209, 0, 0),
(4, 8, 210, 0, 1),
(4, 8, 211, 0, 1),
(4, 8, 212, 0, 0),
(4, 8, 213, 0, 0),
(4, 8, 214, 0, 0),
(4, 8, 215, 0, 1),
(4, 8, 216, 0, 0),
(4, 8, 217, 0, 0),
(4, 8, 218, 0, 0),
(4, 10, 219, 0, 0),
(4, 10, 220, 0, 0),
(4, 10, 221, 0, 0),
(4, 10, 222, 0, 0),
(4, 10, 223, 0, 0),
(4, 10, 224, 0, 0),
(4, 10, 225, 0, 0),
(4, 10, 226, 0, 0),
(4, 10, 227, 0, 0),
(4, 10, 228, 0, 1),
(4, 10, 229, 0, 0),
(4, 10, 230, 0, 0),
(4, 9, 231, 0, 0),
(4, 9, 232, 0, 0),
(4, 9, 233, 0, 0),
(4, 9, 234, 0, 0),
(4, 9, 235, 0, 0),
(4, 9, 236, 0, 0),
(4, 9, 237, 0, 0),
(4, 9, 238, 0, 0),
(4, 9, 239, 0, 0),
(4, 9, 240, 0, 0),
(4, 9, 241, 0, 0),
(4, 9, 242, 0, 0),
(4, 9, 243, 0, 1),
(4, 9, 244, 0, 1),
(4, 9, 245, 0, 0),
(4, 9, 246, 0, 0),
(4, 9, 247, 0, 0),
(4, 9, 248, 0, 0),
(4, 9, 249, 0, 0),
(4, 9, 250, 0, 0),
(4, 9, 251, 0, 0),
(4, 9, 252, 0, 0),
(4, 9, 253, 0, 0),
(4, 9, 254, 0, 0),
(4, 16, 255, 0, 0),
(4, 16, 256, 0, 0),
(4, 16, 257, 0, 0),
(4, 16, 258, 0, 0),
(4, 16, 259, 0, 0),
(4, 16, 260, 0, 0),
(4, 16, 261, 0, 0),
(4, 16, 262, 0, 0),
(4, 16, 263, 0, 0),
(4, 16, 264, 0, 0),
(4, 16, 265, 0, 0),
(4, 16, 266, 0, 0),
(4, 16, 267, 0, 0),
(4, 16, 268, 0, 0),
(4, 16, 269, 0, 1),
(4, 16, 270, 0, 1),
(4, 16, 271, 0, 0),
(4, 16, 272, 0, 0),
(4, 16, 273, 0, 0),
(4, 16, 274, 0, 0),
(4, 16, 275, 0, 0),
(4, 16, 276, 0, 0),
(4, 16, 277, 0, 0),
(4, 15, 278, 0, 0),
(4, 15, 279, 0, 0),
(4, 15, 280, 0, 0),
(4, 15, 281, 0, 0),
(4, 15, 282, 0, 0),
(4, 15, 283, 0, 0),
(4, 15, 284, 0, 0),
(4, 15, 285, 0, 1),
(4, 15, 286, 0, 1),
(4, 15, 287, 0, 0),
(4, 18, 288, 0, 0),
(4, 18, 289, 0, 0),
(4, 18, 290, 0, 0),
(4, 18, 291, 0, 0),
(4, 18, 292, 0, 0),
(4, 18, 293, 0, 0),
(4, 18, 294, 0, 0),
(4, 18, 295, 0, 1),
(4, 18, 296, 0, 1),
(4, 18, 297, 0, 0),
(4, 18, 304, 0, 0),
(4, 19, 305, 0, 0),
(4, 19, 306, 0, 0),
(4, 19, 307, 0, 0),
(4, 19, 308, 0, 1),
(4, 19, 309, 0, 1),
(4, 19, 310, 0, 0),
(4, 19, 311, 0, 0),
(4, 19, 312, 0, 0),
(4, 20, 313, 0, 0),
(4, 20, 314, 0, 0),
(4, 20, 315, 0, 0),
(4, 20, 316, 0, 0),
(4, 20, 317, 0, 0),
(4, 20, 318, 0, 0),
(4, 20, 319, 0, 0),
(4, 20, 320, 0, 0),
(4, 20, 321, 0, 0),
(4, 20, 324, 0, 0),
(4, 20, 325, 0, 0),
(4, 20, 326, 0, 0),
(4, 20, 327, 0, 0),
(4, 20, 329, 0, 0),
(4, 20, 330, 0, 0),
(4, 20, 331, 0, 1),
(4, 20, 332, 0, 1),
(4, 20, 333, 0, 0),
(4, 20, 334, 0, 0),
(4, 20, 335, 0, 0),
(4, 20, 348, 0, 0),
(4, 20, 349, 0, 0),
(4, 21, 350, 0, 0),
(4, 21, 351, 0, 0),
(4, 21, 352, 0, 0),
(4, 21, 353, 0, 0),
(4, 21, 354, 0, 0),
(4, 21, 355, 0, 0),
(4, 21, 356, 0, 0),
(4, 21, 357, 0, 0),
(4, 21, 359, 0, 0),
(4, 21, 360, 0, 0),
(4, 21, 361, 0, 0),
(4, 21, 362, 0, 0),
(4, 21, 363, 0, 0),
(4, 21, 364, 0, 0),
(4, 21, 365, 0, 0),
(4, 21, 367, 0, 0),
(4, 21, 368, 0, 0),
(4, 21, 369, 0, 1),
(4, 21, 370, 0, 1),
(4, 21, 371, 0, 0),
(4, 21, 372, 0, 0),
(4, 21, 373, 0, 0),
(4, 21, 386, 0, 0),
(4, 21, 387, 0, 0),
(4, 22, 388, 0, 0),
(4, 22, 389, 0, 0),
(4, 22, 390, 0, 0),
(4, 22, 391, 0, 0),
(4, 22, 392, 0, 0),
(4, 22, 393, 0, 0),
(4, 22, 394, 0, 0),
(4, 22, 395, 0, 0),
(4, 22, 396, 0, 0),
(4, 22, 397, 0, 0),
(4, 22, 398, 0, 0),
(4, 22, 400, 0, 0),
(4, 22, 401, 0, 0),
(4, 22, 402, 0, 0),
(4, 22, 403, 0, 0),
(4, 22, 404, 0, 0),
(4, 22, 405, 0, 0),
(4, 22, 406, 0, 0),
(4, 22, 408, 0, 0),
(4, 22, 409, 0, 0),
(4, 22, 410, 0, 1),
(4, 22, 411, 0, 1),
(4, 22, 412, 0, 0),
(4, 22, 413, 0, 0),
(4, 22, 414, 0, 0),
(4, 22, 427, 0, 0),
(4, 22, 428, 0, 0),
(4, 22, 429, 0, 0),
(4, 22, 430, 0, 0),
(4, 22, 431, 0, 0),
(4, 22, 432, 0, 0),
(4, 22, 433, 0, 0),
(4, 22, 434, 0, 0),
(4, 23, 435, 0, 0),
(4, 23, 436, 0, 0),
(4, 23, 437, 0, 0),
(4, 23, 438, 0, 0),
(4, 23, 439, 0, 0),
(4, 23, 440, 0, 0),
(4, 23, 441, 0, 0),
(4, 23, 443, 0, 0),
(4, 23, 444, 0, 0),
(4, 23, 445, 0, 0),
(4, 23, 446, 0, 0),
(4, 23, 447, 0, 0),
(4, 23, 448, 0, 0),
(4, 23, 449, 0, 0),
(4, 23, 451, 0, 0),
(4, 23, 452, 0, 0),
(4, 23, 453, 0, 0),
(4, 23, 454, 0, 1),
(4, 23, 455, 0, 1),
(4, 23, 456, 0, 0),
(4, 23, 457, 0, 0),
(4, 23, 458, 0, 0),
(4, 23, 471, 0, 0),
(4, 23, 472, 0, 0),
(4, 23, 473, 0, 0),
(4, 29, 474, 0, 0),
(4, 29, 478, 0, 0),
(4, 29, 479, 0, 0),
(4, 29, 481, 0, 0),
(4, 29, 513, 0, 0),
(4, 10, 518, 0, 0),
(4, 10, 519, 0, 0),
(4, 10, 520, 0, 0),
(4, 10, 521, 0, 0),
(4, 10, 522, 0, 0),
(4, 10, 523, 0, 0),
(4, 33, 524, 0, 0),
(4, 33, 525, 0, 0),
(4, 33, 526, 0, 0),
(4, 33, 527, 0, 0),
(4, 33, 528, 0, 0),
(4, 33, 529, 0, 0),
(4, 33, 530, 0, 0),
(4, 33, 531, 0, 0),
(4, 33, 532, 0, 0),
(4, 33, 533, 0, 0),
(4, 33, 534, 0, 0),
(4, 33, 535, 0, 0),
(4, 33, 536, 0, 0),
(4, 33, 537, 0, 0),
(4, 33, 538, 0, 1),
(4, 33, 539, 0, 1),
(4, 29, 540, 0, 0),
(4, 34, 541, 0, 0),
(4, 34, 542, 0, 1),
(4, 34, 543, 0, 1),
(4, 34, 544, 0, 0),
(4, 34, 545, 0, 1),
(4, 34, 546, 0, 0),
(4, 34, 547, 0, 0),
(4, 34, 548, 0, 0),
(4, 34, 549, 0, 0),
(4, 34, 550, 0, 0),
(4, 34, 551, 0, 0),
(4, 34, 552, 0, 1),
(4, 34, 553, 0, 1),
(4, 34, 554, 0, 0),
(4, 34, 555, 0, 0),
(4, 34, 556, 0, 0),
(4, 34, 557, 0, 1),
(4, 34, 558, 0, 0),
(4, 34, 559, 0, 0),
(4, 35, 560, 0, 0),
(4, 35, 561, 0, 0),
(4, 35, 562, 0, 0),
(4, 35, 563, 0, 0),
(4, 35, 564, 0, 0),
(4, 35, 565, 0, 0),
(4, 35, 566, 0, 0),
(4, 35, 567, 0, 0),
(4, 35, 568, 0, 1),
(4, 35, 569, 0, 1),
(4, 35, 570, 0, 0),
(4, 35, 571, 0, 0),
(4, 35, 572, 0, 0),
(4, 35, 573, 0, 0),
(4, 35, 574, 0, 0),
(4, 35, 575, 0, 0),
(4, 35, 576, 0, 0),
(4, 35, 577, 0, 0),
(4, 35, 578, 0, 0),
(4, 37, 579, 0, 0),
(4, 37, 580, 0, 0),
(4, 37, 581, 0, 0),
(4, 37, 582, 0, 0),
(4, 37, 583, 0, 0),
(4, 37, 584, 0, 0),
(4, 37, 585, 0, 0),
(4, 37, 586, 0, 0),
(4, 37, 587, 0, 0),
(4, 37, 589, 0, 0),
(4, 37, 590, 0, 0),
(4, 37, 592, 0, 0),
(4, 37, 593, 0, 1),
(4, 37, 594, 0, 1),
(4, 37, 595, 0, 0),
(4, 40, 597, 0, 0),
(4, 40, 598, 0, 0),
(4, 40, 599, 0, 1),
(4, 40, 600, 0, 1),
(4, 40, 601, 0, 0),
(4, 40, 602, 0, 1),
(4, 40, 603, 0, 0),
(4, 41, 604, 0, 0),
(4, 41, 605, 0, 0),
(4, 41, 606, 0, 0),
(4, 41, 607, 0, 0),
(4, 41, 608, 0, 0),
(4, 41, 609, 0, 0),
(4, 41, 610, 0, 1),
(4, 41, 611, 0, 1),
(4, 41, 612, 0, 0),
(4, 41, 613, 0, 0),
(4, 42, 614, 0, 0),
(4, 42, 615, 0, 0),
(4, 42, 616, 0, 0),
(4, 42, 617, 0, 0),
(4, 42, 618, 0, 0),
(4, 42, 619, 0, 0),
(4, 42, 620, 0, 0),
(4, 42, 621, 0, 0),
(4, 42, 622, 0, 0),
(4, 42, 623, 0, 0),
(4, 42, 624, 0, 0),
(4, 42, 625, 0, 1),
(4, 42, 626, 0, 1),
(4, 42, 627, 0, 0),
(4, 42, 628, 0, 0),
(4, 43, 629, 0, 0),
(4, 43, 630, 0, 0),
(4, 43, 631, 0, 0),
(4, 43, 632, 0, 0),
(4, 43, 633, 0, 0),
(4, 43, 634, 0, 0),
(4, 43, 635, 0, 0),
(4, 43, 636, 0, 0),
(4, 43, 637, 0, 0),
(4, 43, 638, 0, 0),
(4, 43, 639, 0, 0),
(4, 43, 640, 0, 0),
(4, 43, 641, 0, 0),
(4, 43, 642, 0, 1),
(4, 43, 643, 0, 1),
(4, 43, 644, 0, 0),
(4, 43, 645, 0, 0),
(4, 45, 646, 0, 0),
(4, 45, 647, 0, 1),
(4, 45, 648, 0, 1),
(4, 45, 649, 0, 0),
(4, 45, 650, 0, 0),
(4, 2, 651, 0, 0),
(4, 29, 652, 0, 0),
(4, 23, 653, 0, 1),
(4, 23, 654, 0, 1),
(4, 23, 655, 0, 1),
(4, 23, 656, 0, 1),
(4, 23, 657, 0, 1),
(4, 23, 658, 0, 1),
(4, 23, 659, 0, 1),
(4, 23, 660, 0, 1),
(4, 23, 661, 0, 1),
(4, 22, 662, 0, 1),
(4, 22, 663, 0, 1),
(4, 22, 664, 0, 1),
(4, 22, 665, 0, 1),
(4, 22, 666, 0, 1),
(4, 22, 667, 0, 1),
(4, 22, 668, 0, 1),
(4, 22, 669, 0, 1),
(4, 22, 670, 0, 1),
(4, 21, 671, 0, 1),
(4, 21, 672, 0, 1),
(4, 21, 673, 0, 1),
(4, 21, 674, 0, 1),
(4, 21, 675, 0, 1),
(4, 21, 676, 0, 1),
(4, 21, 677, 0, 1),
(4, 21, 678, 0, 1),
(4, 21, 679, 0, 1),
(4, 20, 680, 0, 1),
(4, 20, 681, 0, 1),
(4, 20, 682, 0, 1),
(4, 20, 683, 0, 1),
(4, 20, 684, 0, 1),
(4, 20, 685, 0, 1),
(4, 20, 686, 0, 1),
(4, 20, 687, 0, 1),
(4, 20, 688, 0, 1),
(4, 29, 689, 0, 0),
(4, 42, 690, 0, 0),
(4, 40, 691, 0, 0),
(4, 29, 692, 0, 0),
(4, 29, 693, 0, 0),
(4, 29, 694, 0, 0),
(4, 23, 695, 0, 0),
(4, 22, 696, 0, 0),
(4, 21, 697, 0, 0),
(4, 20, 698, 0, 0),
(4, 29, 699, 0, 0),
(4, 6, 700, 0, 1),
(4, 4, 701, 0, 1),
(4, 2, 702, 0, 1),
(4, 29, 703, 0, 0),
(4, 23, 704, 0, 0),
(4, 23, 705, 0, 0),
(4, 21, 706, 0, 0),
(4, 21, 707, 0, 0),
(4, 18, 708, 0, 0),
(4, 40, 710, 0, 0),
(4, 40, 711, 0, 0),
(4, 29, 716, 0, 0),
(4, 2, 717, 0, 0),
(4, 13, 718, 0, 0),
(4, 29, 719, 0, 0),
(4, 13, 720, 0, 0),
(4, 29, 721, 0, 0),
(4, 29, 722, 0, 0),
(4, 29, 723, 0, 0),
(4, 2, 724, 0, 1),
(4, 4, 725, 0, 1),
(4, 6, 726, 0, 1),
(4, 7, 727, 0, 1),
(4, 9, 729, 0, 1),
(4, 13, 730, 0, 1),
(4, 18, 734, 0, 1),
(4, 21, 737, 0, 1),
(4, 23, 739, 0, 1),
(4, 33, 741, 0, 1),
(4, 34, 742, 0, 1),
(4, 35, 743, 0, 1),
(4, 37, 744, 0, 1),
(4, 40, 745, 0, 1),
(4, 41, 746, 0, 1),
(4, 42, 747, 0, 1),
(4, 43, 748, 0, 1),
(4, 45, 749, 0, 1),
(4, 47, 750, 0, 0),
(4, 47, 751, 0, 0),
(4, 47, 752, 0, 0),
(4, 47, 753, 0, 0),
(4, 47, 754, 0, 0),
(4, 47, 755, 0, 0),
(4, 47, 756, 0, 0),
(4, 47, 757, 0, 0),
(4, 47, 758, 0, 0),
(4, 47, 759, 0, 0),
(4, 47, 760, 0, 0),
(4, 47, 761, 0, 0),
(4, 47, 762, 0, 0),
(4, 47, 763, 0, 0),
(4, 47, 764, 0, 0),
(4, 47, 765, 0, 1),
(4, 47, 766, 0, 1),
(4, 47, 767, 0, 0),
(4, 47, 768, 0, 0),
(4, 47, 769, 0, 0),
(4, 47, 770, 0, 0),
(4, 47, 771, 0, 0),
(4, 47, 772, 0, 0),
(4, 49, 773, 0, 0),
(4, 49, 774, 0, 0),
(4, 49, 775, 0, 1),
(4, 49, 776, 0, 1),
(4, 49, 777, 0, 0),
(4, 49, 778, 0, 0),
(4, 49, 779, 0, 0),
(4, 51, 780, 0, 0),
(4, 51, 781, 0, 0),
(4, 51, 782, 0, 0),
(4, 51, 783, 0, 0),
(4, 51, 784, 0, 0),
(4, 51, 785, 0, 0),
(4, 51, 786, 0, 0),
(4, 51, 787, 0, 0),
(4, 51, 788, 0, 0),
(4, 51, 789, 0, 0),
(4, 51, 790, 0, 0),
(4, 51, 791, 0, 1),
(4, 51, 792, 0, 1),
(4, 51, 793, 0, 0),
(4, 51, 794, 0, 0),
(4, 51, 795, 0, 0),
(4, 51, 796, 0, 0),
(4, 51, 797, 0, 0),
(4, 51, 798, 0, 0),
(4, 51, 799, 0, 0),
(4, 51, 800, 0, 0),
(4, 51, 801, 0, 0),
(4, 51, 802, 0, 0),
(4, 51, 804, 0, 0),
(4, 51, 805, 0, 0),
(4, 51, 806, 0, 0),
(4, 51, 807, 0, 0),
(4, 51, 808, 0, 0),
(4, 51, 809, 0, 0),
(4, 51, 810, 0, 0),
(4, 51, 811, 0, 0),
(4, 51, 812, 0, 0),
(4, 51, 813, 0, 0),
(4, 13, 814, 0, 0),
(4, 13, 815, 0, 0),
(4, 42, 816, 0, 0),
(4, 42, 817, 0, 0),
(4, 37, 818, 0, 0),
(4, 37, 819, 0, 0),
(4, 34, 820, 0, 0),
(4, 34, 821, 0, 0),
(4, 22, 822, 0, 0),
(4, 22, 823, 0, 0),
(4, 20, 824, 0, 0),
(4, 20, 825, 0, 0),
(4, 43, 826, 0, 0),
(4, 43, 827, 0, 0),
(4, 43, 828, 0, 0),
(4, 43, 830, 0, 0),
(4, 43, 832, 0, 0),
(4, 2, 834, 0, 0),
(4, 2, 835, 0, 0),
(4, 2, 836, 0, 0),
(4, 2, 838, 0, 0),
(4, 2, 840, 0, 0),
(4, 54, 842, 0, 0),
(4, 54, 843, 0, 0),
(4, 54, 844, 0, 0),
(4, 54, 845, 0, 0),
(4, 54, 846, 0, 0),
(4, 54, 847, 0, 0),
(4, 54, 848, 0, 0),
(4, 54, 849, 0, 0),
(4, 54, 850, 0, 0),
(4, 54, 851, 0, 0),
(4, 54, 852, 0, 0),
(4, 54, 853, 0, 0),
(4, 54, 854, 0, 0),
(4, 54, 855, 0, 0),
(4, 54, 856, 0, 0),
(4, 54, 857, 0, 0),
(4, 54, 858, 0, 1),
(4, 54, 859, 0, 1),
(4, 54, 860, 0, 0),
(4, 54, 861, 0, 1),
(4, 54, 862, 0, 1),
(4, 54, 863, 0, 0),
(4, 54, 864, 0, 0),
(4, 8, 865, 0, 0),
(4, 57, 866, 0, 0),
(4, 57, 867, 0, 0),
(4, 57, 868, 0, 0),
(4, 57, 869, 0, 0),
(4, 57, 870, 0, 0),
(4, 57, 871, 0, 0),
(4, 57, 872, 0, 0),
(4, 57, 873, 0, 0),
(4, 57, 874, 0, 0),
(4, 57, 875, 0, 1),
(4, 57, 876, 0, 1),
(4, 57, 877, 0, 0),
(4, 57, 878, 0, 0),
(4, 58, 879, 0, 0),
(4, 58, 880, 0, 0),
(4, 58, 881, 0, 0),
(4, 58, 882, 0, 0),
(4, 58, 883, 0, 0),
(4, 58, 884, 0, 0),
(4, 58, 885, 0, 0),
(4, 58, 886, 0, 0),
(4, 58, 887, 0, 0),
(4, 58, 888, 0, 1),
(4, 58, 889, 0, 1),
(4, 58, 890, 0, 0),
(4, 58, 891, 0, 0),
(4, 59, 892, 0, 0),
(4, 59, 893, 0, 0),
(4, 59, 894, 0, 0),
(4, 59, 895, 0, 0),
(4, 59, 896, 0, 0),
(4, 59, 897, 0, 0),
(4, 59, 898, 0, 0),
(4, 59, 899, 0, 0),
(4, 59, 900, 0, 0),
(4, 59, 901, 0, 0),
(4, 59, 902, 0, 1),
(4, 59, 903, 0, 1),
(4, 59, 904, 0, 0),
(4, 59, 905, 0, 0),
(4, 58, 909, 0, 0),
(4, 35, 910, 0, 0),
(4, 14, 911, 0, 0),
(4, 59, 912, 0, 0),
(4, 57, 913, 0, 0),
(4, 58, 914, 0, 0),
(4, 58, 915, 0, 0),
(4, 59, 916, 0, 0),
(4, 57, 917, 0, 0),
(4, 58, 918, 0, 0),
(4, 59, 923, 0, 0),
(4, 57, 924, 0, 0),
(4, 58, 925, 0, 0),
(4, 37, 926, 0, 0),
(4, 60, 927, 0, 0),
(4, 60, 928, 0, 0),
(4, 60, 929, 0, 0),
(4, 60, 930, 0, 0),
(4, 60, 931, 0, 0),
(4, 60, 932, 0, 0),
(4, 60, 933, 0, 0),
(4, 60, 934, 0, 1),
(4, 60, 935, 0, 1),
(4, 60, 936, 0, 0),
(4, 7, 938, 0, 0),
(4, 7, 940, 0, 0),
(4, 61, 941, 0, 0),
(4, 61, 942, 0, 0),
(4, 61, 943, 0, 0),
(4, 61, 944, 0, 0),
(4, 61, 945, 0, 0),
(4, 61, 946, 0, 0),
(4, 61, 947, 0, 0),
(4, 61, 948, 0, 0),
(4, 61, 949, 0, 0),
(4, 61, 950, 0, 0),
(4, 61, 951, 0, 1),
(4, 61, 952, 0, 1),
(4, 61, 953, 0, 0),
(4, 61, 954, 0, 0),
(4, 61, 955, 0, 0),
(4, 61, 956, 0, 0),
(4, 61, 957, 0, 0),
(4, 61, 958, 0, 0),
(4, 61, 959, 0, 0),
(4, 61, 960, 0, 0),
(4, 61, 961, 0, 0),
(4, 61, 962, 0, 0),
(4, 61, 963, 0, 0),
(4, 61, 964, 0, 0),
(4, 61, 965, 0, 0),
(4, 61, 966, 0, 0),
(4, 7, 967, 0, 0),
(4, 7, 968, 0, 0),
(4, 7, 969, 0, 0),
(4, 6, 970, 0, 0),
(4, 6, 971, 0, 0),
(4, 6, 972, 0, 0),
(4, 18, 973, 0, 0),
(4, 18, 974, 0, 0),
(4, 18, 975, 0, 0),
(4, 62, 976, 0, 0),
(4, 62, 977, 0, 0),
(4, 62, 978, 0, 0),
(4, 62, 979, 0, 0),
(4, 62, 980, 0, 1),
(4, 62, 981, 0, 1),
(4, 62, 982, 0, 0),
(4, 63, 983, 0, 0),
(4, 63, 984, 0, 0),
(4, 63, 985, 0, 0),
(4, 63, 986, 0, 0),
(4, 63, 987, 0, 1),
(4, 63, 988, 0, 1),
(4, 63, 989, 0, 0),
(4, 64, 990, 0, 0),
(4, 64, 991, 0, 0),
(4, 64, 992, 0, 0),
(4, 64, 993, 0, 0),
(4, 64, 994, 0, 1),
(4, 64, 995, 0, 1),
(4, 64, 996, 0, 0),
(4, 65, 997, 0, 0),
(4, 65, 998, 0, 0),
(4, 65, 999, 0, 0),
(4, 65, 1000, 0, 0),
(4, 65, 1001, 0, 0),
(4, 65, 1002, 0, 0),
(4, 65, 1003, 0, 0),
(4, 65, 1004, 0, 1),
(4, 65, 1005, 0, 1),
(4, 65, 1006, 0, 0),
(4, 66, 1007, 0, 0),
(4, 66, 1008, 0, 0),
(4, 66, 1009, 0, 0),
(4, 66, 1010, 0, 0),
(4, 66, 1011, 0, 0),
(4, 66, 1012, 0, 0),
(4, 66, 1013, 0, 1),
(4, 66, 1014, 0, 1),
(4, 66, 1015, 0, 0),
(4, 67, 1016, 0, 0),
(4, 67, 1017, 0, 0),
(4, 67, 1018, 0, 0),
(4, 67, 1019, 0, 0),
(4, 67, 1020, 0, 0),
(4, 67, 1021, 0, 1),
(4, 67, 1022, 0, 1),
(4, 67, 1023, 0, 0),
(4, 68, 1024, 0, 0),
(4, 68, 1025, 0, 0),
(4, 68, 1026, 0, 0),
(4, 68, 1027, 0, 0),
(4, 68, 1028, 0, 1),
(4, 68, 1029, 0, 1),
(4, 68, 1030, 0, 0),
(4, 69, 1031, 0, 0),
(4, 69, 1032, 0, 0),
(4, 69, 1033, 0, 0),
(4, 69, 1034, 0, 0),
(4, 69, 1035, 0, 0),
(4, 69, 1036, 0, 0),
(4, 69, 1037, 0, 0),
(4, 69, 1038, 0, 0),
(4, 69, 1039, 0, 0),
(4, 69, 1040, 0, 1),
(4, 69, 1041, 0, 1),
(4, 69, 1042, 0, 0),
(4, 13, 1043, 0, 0),
(4, 43, 1044, 0, 0),
(4, 29, 1045, 0, 0),
(4, 34, 1046, 0, 0),
(4, 34, 1047, 0, 0),
(4, 34, 1048, 0, 0),
(4, 13, 1049, 0, 0),
(4, 64, 1050, 0, 0),
(4, 64, 1051, 0, 0),
(4, 64, 1052, 0, 0),
(4, 64, 1053, 0, 0),
(4, 63, 1054, 0, 0),
(4, 63, 1055, 0, 0),
(4, 63, 1056, 0, 0),
(4, 63, 1057, 0, 0),
(4, 63, 1058, 0, 0),
(4, 62, 1059, 0, 0),
(4, 62, 1060, 0, 0),
(4, 62, 1061, 0, 0),
(4, 62, 1062, 0, 0),
(4, 62, 1063, 0, 0),
(4, 62, 1064, 0, 0),
(4, 7, 1065, 0, 0),
(4, 7, 1066, 0, 0),
(4, 7, 1067, 0, 0),
(4, 7, 1068, 0, 0),
(4, 7, 1069, 0, 0),
(4, 7, 1070, 0, 0),
(4, 7, 1071, 0, 0),
(4, 7, 1072, 0, 0),
(4, 4, 1073, 0, 0),
(4, 4, 1074, 0, 0),
(4, 4, 1075, 0, 0),
(4, 4, 1076, 0, 0),
(4, 4, 1077, 0, 0),
(4, 4, 1078, 0, 0),
(4, 4, 1079, 0, 0),
(4, 4, 1080, 0, 0),
(4, 4, 1081, 0, 0),
(4, 4, 1082, 0, 0),
(4, 4, 1083, 0, 0),
(4, 4, 1084, 0, 0),
(4, 4, 1085, 0, 0),
(4, 4, 1086, 0, 0),
(4, 4, 1087, 0, 0),
(4, 4, 1088, 0, 0),
(4, 6, 1089, 0, 0),
(4, 6, 1090, 0, 0),
(4, 6, 1091, 0, 0),
(4, 6, 1092, 0, 0),
(4, 6, 1093, 0, 0),
(4, 6, 1094, 0, 0),
(4, 6, 1095, 0, 0),
(4, 6, 1096, 0, 0),
(4, 6, 1097, 0, 0),
(4, 6, 1098, 0, 0),
(4, 6, 1099, 0, 0),
(4, 6, 1100, 0, 0),
(4, 6, 1101, 0, 0),
(4, 6, 1102, 0, 0),
(4, 6, 1103, 0, 0),
(4, 6, 1104, 0, 0),
(4, 18, 1105, 0, 0),
(4, 18, 1106, 0, 0),
(4, 18, 1107, 0, 0),
(4, 18, 1108, 0, 0),
(4, 18, 1109, 0, 0),
(4, 18, 1110, 0, 0),
(4, 18, 1111, 0, 0),
(4, 18, 1112, 0, 0),
(4, 18, 1113, 0, 0),
(4, 18, 1114, 0, 0),
(4, 18, 1115, 0, 0),
(4, 18, 1116, 0, 0),
(4, 18, 1117, 0, 0),
(4, 18, 1118, 0, 0),
(4, 18, 1119, 0, 0),
(4, 18, 1120, 0, 0),
(4, 18, 1121, 0, 0),
(4, 18, 1122, 0, 0),
(4, 18, 1123, 0, 0),
(4, 18, 1124, 0, 0),
(4, 18, 1125, 0, 0),
(4, 18, 1126, 0, 0),
(4, 18, 1127, 0, 0),
(4, 18, 1128, 0, 0),
(4, 68, 1129, 0, 0),
(4, 67, 1130, 0, 0),
(4, 67, 1131, 0, 0),
(4, 66, 1132, 0, 0),
(4, 66, 1133, 0, 0),
(4, 66, 1134, 0, 0),
(4, 65, 1135, 0, 0),
(4, 65, 1136, 0, 0),
(4, 65, 1137, 0, 0),
(4, 65, 1138, 0, 0),
(4, 64, 1139, 0, 0),
(4, 64, 1140, 0, 0),
(4, 64, 1141, 0, 0),
(4, 64, 1142, 0, 0),
(4, 64, 1143, 0, 0),
(4, 63, 1144, 0, 0),
(4, 63, 1145, 0, 0),
(4, 63, 1146, 0, 0),
(4, 63, 1147, 0, 0),
(4, 63, 1148, 0, 0),
(4, 63, 1149, 0, 0),
(4, 62, 1150, 0, 0),
(4, 62, 1151, 0, 0),
(4, 62, 1152, 0, 0),
(4, 62, 1153, 0, 0),
(4, 62, 1154, 0, 0),
(4, 62, 1155, 0, 0),
(4, 62, 1156, 0, 0),
(4, 65, 1157, 0, 0),
(4, 64, 1158, 0, 0),
(4, 62, 1159, 0, 0),
(4, 6, 1160, 0, 0),
(4, 6, 1161, 0, 0),
(4, 6, 1162, 0, 0),
(4, 6, 1163, 0, 0),
(4, 6, 1164, 0, 0),
(4, 6, 1165, 0, 0),
(4, 6, 1166, 0, 0),
(4, 6, 1167, 0, 0),
(4, 20, 1168, 0, 0),
(4, 20, 1169, 0, 0),
(4, 20, 1170, 0, 0),
(4, 20, 1171, 0, 0),
(4, 20, 1172, 0, 0),
(4, 20, 1173, 0, 0),
(4, 20, 1174, 0, 0),
(4, 20, 1175, 0, 0),
(4, 20, 1176, 0, 0),
(4, 20, 1177, 0, 0),
(4, 20, 1178, 0, 0),
(4, 20, 1179, 0, 0),
(4, 20, 1180, 0, 0),
(4, 20, 1181, 0, 0),
(4, 20, 1182, 0, 0),
(4, 20, 1183, 0, 0),
(4, 21, 1184, 0, 0),
(4, 21, 1185, 0, 0),
(4, 21, 1186, 0, 0),
(4, 21, 1187, 0, 0),
(4, 21, 1188, 0, 0),
(4, 21, 1189, 0, 0),
(4, 21, 1190, 0, 0),
(4, 21, 1191, 0, 0),
(4, 21, 1192, 0, 0),
(4, 21, 1193, 0, 0),
(4, 21, 1194, 0, 0),
(4, 21, 1195, 0, 0),
(4, 21, 1196, 0, 0),
(4, 21, 1197, 0, 0),
(4, 21, 1199, 0, 0),
(4, 21, 1200, 0, 0),
(4, 22, 1201, 0, 0),
(4, 22, 1202, 0, 0),
(4, 22, 1203, 0, 0),
(4, 22, 1204, 0, 0),
(4, 22, 1205, 0, 0),
(4, 22, 1206, 0, 0),
(4, 22, 1207, 0, 0),
(4, 22, 1208, 0, 0),
(4, 22, 1209, 0, 0),
(4, 22, 1210, 0, 0),
(4, 22, 1211, 0, 0),
(4, 22, 1212, 0, 0),
(4, 22, 1213, 0, 0),
(4, 22, 1214, 0, 0),
(4, 22, 1215, 0, 0),
(4, 22, 1216, 0, 0),
(4, 23, 1217, 0, 0),
(4, 23, 1218, 0, 0),
(4, 23, 1219, 0, 0),
(4, 23, 1220, 0, 0),
(4, 23, 1221, 0, 0),
(4, 23, 1222, 0, 0),
(4, 23, 1223, 0, 0),
(4, 23, 1224, 0, 0),
(4, 23, 1225, 0, 0),
(4, 23, 1226, 0, 0),
(4, 23, 1227, 0, 0),
(4, 23, 1228, 0, 0),
(4, 23, 1229, 0, 0),
(4, 23, 1230, 0, 0),
(4, 23, 1231, 0, 0),
(4, 23, 1232, 0, 0),
(4, 70, 1233, 0, 0),
(4, 70, 1234, 0, 0),
(4, 70, 1235, 0, 0),
(4, 70, 1236, 0, 0),
(4, 70, 1237, 0, 0),
(4, 70, 1239, 0, 1),
(4, 70, 1240, 0, 1),
(4, 70, 1241, 0, 0),
(4, 70, 1242, 0, 0),
(4, 70, 1243, 0, 0),
(4, 70, 1244, 0, 0),
(4, 70, 1245, 0, 0),
(4, 70, 1246, 0, 0),
(4, 71, 1247, 0, 0),
(4, 71, 1248, 0, 0),
(4, 71, 1249, 0, 0),
(4, 71, 1250, 0, 0),
(4, 71, 1251, 0, 0),
(4, 71, 1252, 0, 0),
(4, 71, 1253, 0, 0),
(4, 71, 1254, 0, 0),
(4, 71, 1255, 0, 0),
(4, 71, 1256, 0, 0),
(4, 71, 1257, 0, 0),
(4, 71, 1258, 0, 0),
(4, 71, 1259, 0, 0),
(4, 71, 1260, 0, 1),
(4, 71, 1261, 0, 1),
(4, 71, 1262, 0, 0),
(4, 71, 1263, 0, 0),
(4, 71, 1265, 0, 0),
(4, 71, 1266, 0, 0),
(4, 71, 1267, 0, 0),
(4, 71, 1268, 0, 0),
(4, 71, 1269, 0, 0),
(4, 71, 1271, 0, 0),
(4, 71, 1272, 0, 0),
(4, 71, 1273, 0, 0),
(4, 66, 1275, 0, 0),
(4, 7, 1276, 0, 0),
(4, 6, 1277, 0, 0),
(4, 4, 1278, 0, 0),
(4, 18, 1279, 0, 0),
(4, 51, 1280, 0, 0),
(4, 2, 1281, 0, 0),
(4, 70, 1282, 0, 0),
(4, 70, 1283, 0, 0),
(4, 70, 1284, 0, 0),
(4, 6, 1285, 0, 0),
(4, 6, 1286, 0, 0),
(4, 6, 1287, 0, 0),
(4, 6, 1288, 0, 0),
(4, 6, 1289, 0, 0),
(4, 6, 1290, 0, 0),
(4, 7, 1291, 0, 0),
(4, 7, 1292, 0, 0),
(4, 4, 1293, 0, 0),
(4, 4, 1294, 0, 0),
(4, 4, 1295, 0, 0),
(4, 4, 1296, 0, 0),
(4, 20, 1297, 0, 0),
(4, 20, 1298, 0, 0),
(4, 20, 1299, 0, 0),
(4, 20, 1300, 0, 0),
(4, 21, 1301, 0, 0),
(4, 21, 1302, 0, 0),
(4, 21, 1303, 0, 0),
(4, 21, 1304, 0, 0),
(4, 22, 1305, 0, 0),
(4, 22, 1306, 0, 0),
(4, 22, 1307, 0, 0),
(4, 22, 1308, 0, 0),
(4, 23, 1309, 0, 0),
(4, 23, 1310, 0, 0),
(4, 23, 1311, 0, 0),
(4, 23, 1312, 0, 0),
(4, 37, 1314, 0, 0),
(4, 59, 1315, 0, 0),
(4, 57, 1316, 0, 0),
(4, 58, 1317, 0, 0),
(4, 42, 1318, 0, 0),
(4, 42, 1319, 0, 0),
(4, 42, 1320, 0, 0),
(4, 7, 1321, 0, 0),
(4, 29, 1322, 0, 0),
(4, 37, 1323, 0, 0),
(4, 37, 1324, 0, 0),
(4, 37, 1325, 0, 0),
(4, 51, 1326, 0, 0),
(4, 51, 1327, 0, 0),
(4, 51, 1328, 0, 0),
(4, 7, 1329, 0, 0),
(4, 6, 1330, 0, 0),
(4, 6, 1331, 0, 0),
(4, 4, 1332, 0, 0),
(4, 18, 1333, 0, 0),
(4, 20, 1334, 0, 0),
(4, 22, 1335, 0, 0),
(4, 21, 1336, 0, 0),
(4, 23, 1337, 0, 0),
(4, 71, 1338, 0, 0),
(4, 2, 1339, 0, 0),
(4, 43, 1340, 0, 0),
(4, 13, 1341, 0, 0),
(4, 58, 1342, 0, 0),
(4, 58, 1344, 0, 0),
(4, 20, 1345, 0, 0),
(4, 20, 1346, 0, 0),
(4, 20, 1347, 0, 0),
(4, 22, 1348, 0, 0),
(4, 22, 1349, 0, 0),
(4, 22, 1350, 0, 0),
(4, 23, 1351, 0, 0),
(4, 23, 1352, 0, 0),
(4, 23, 1353, 0, 0),
(4, 21, 1354, 0, 0),
(4, 21, 1355, 0, 0),
(4, 21, 1356, 0, 0),
(4, 2, 1357, 0, 0),
(4, 2, 1358, 0, 0),
(4, 2, 1359, 0, 0),
(4, 2, 1360, 0, 0),
(4, 6, 1363, 0, 0),
(4, 6, 1364, 0, 0),
(4, 23, 1367, 0, 0),
(4, 4, 1368, 0, 0),
(4, 6, 1369, 0, 0),
(4, 6, 1370, 0, 0),
(4, 71, 1371, 0, 0),
(4, 71, 1372, 0, 0),
(4, 71, 1373, 0, 0),
(4, 2, 1374, 0, 0),
(4, 6, 1375, 0, 0),
(4, 6, 1376, 0, 0),
(4, 26, 1377, 0, 0),
(4, 26, 1378, 0, 0),
(4, 2, 1379, 0, 0),
(4, 2, 1380, 0, 0),
(4, 43, 1381, 0, 0),
(4, 43, 1382, 0, 0),
(4, 13, 1383, 0, 0),
(4, 13, 1384, 0, 0),
(4, 4, 1385, 0, 0),
(4, 4, 1386, 0, 0),
(4, 70, 1387, 0, 0),
(4, 20, 1388, 0, 0),
(4, 23, 1389, 0, 0),
(4, 22, 1390, 0, 0),
(4, 4, 1391, 0, 0),
(4, 14, 1392, 0, 0),
(4, 14, 1393, 0, 0),
(4, 35, 1394, 0, 0),
(4, 35, 1395, 0, 0),
(4, 7, 1396, 0, 0),
(4, 7, 1397, 0, 0),
(4, 8, 1398, 0, 0),
(4, 8, 1399, 0, 0),
(4, 9, 1400, 0, 0),
(4, 9, 1401, 0, 0),
(4, 15, 1402, 0, 0),
(4, 15, 1403, 0, 0),
(4, 16, 1404, 0, 0),
(4, 16, 1405, 0, 0),
(4, 18, 1406, 0, 0),
(4, 18, 1407, 0, 0),
(4, 19, 1408, 0, 0),
(4, 19, 1409, 0, 0),
(4, 20, 1410, 0, 0),
(4, 20, 1411, 0, 0),
(4, 21, 1412, 0, 0),
(4, 21, 1413, 0, 0),
(4, 22, 1414, 0, 0),
(4, 22, 1415, 0, 0),
(4, 23, 1416, 0, 0),
(4, 23, 1417, 0, 0),
(4, 34, 1418, 0, 0),
(4, 34, 1419, 0, 0),
(4, 37, 1420, 0, 0),
(4, 37, 1421, 0, 0),
(4, 41, 1422, 0, 0),
(4, 41, 1423, 0, 0),
(4, 42, 1424, 0, 0),
(4, 42, 1425, 0, 0),
(4, 47, 1426, 0, 0),
(4, 47, 1427, 0, 0),
(4, 49, 1428, 0, 0),
(4, 49, 1429, 0, 0),
(4, 51, 1430, 0, 0),
(4, 51, 1431, 0, 0),
(4, 54, 1432, 0, 0),
(4, 54, 1433, 0, 0),
(4, 57, 1434, 0, 0),
(4, 57, 1435, 0, 0),
(4, 58, 1436, 0, 0),
(4, 58, 1437, 0, 0),
(4, 59, 1438, 0, 0),
(4, 59, 1439, 0, 0),
(4, 60, 1440, 0, 0),
(4, 60, 1441, 0, 0),
(4, 61, 1442, 0, 0),
(4, 61, 1443, 0, 0),
(4, 70, 1444, 0, 0),
(4, 70, 1445, 0, 0),
(4, 71, 1446, 0, 0),
(4, 71, 1447, 0, 0),
(4, 2, 1448, 0, 0),
(4, 4, 1449, 0, 0),
(4, 6, 1450, 0, 0),
(4, 7, 1451, 0, 0),
(4, 8, 1452, 0, 0),
(4, 9, 1453, 0, 0),
(4, 13, 1454, 0, 0),
(4, 14, 1455, 0, 0),
(4, 15, 1456, 0, 0),
(4, 16, 1457, 0, 0),
(4, 18, 1458, 0, 0),
(4, 19, 1459, 0, 0),
(4, 20, 1460, 0, 0),
(4, 21, 1461, 0, 0),
(4, 22, 1462, 0, 0),
(4, 23, 1463, 0, 0),
(4, 26, 1464, 0, 0),
(4, 34, 1465, 0, 0),
(4, 35, 1466, 0, 0),
(4, 37, 1467, 0, 0),
(4, 41, 1468, 0, 0),
(4, 42, 1469, 0, 0),
(4, 43, 1470, 0, 0),
(4, 47, 1471, 0, 0),
(4, 49, 1472, 0, 0),
(4, 51, 1473, 0, 0),
(4, 54, 1474, 0, 0),
(4, 57, 1475, 0, 0),
(4, 58, 1476, 0, 0),
(4, 59, 1477, 0, 0),
(4, 60, 1478, 0, 0),
(4, 61, 1479, 0, 0),
(4, 70, 1480, 0, 0),
(4, 71, 1481, 0, 0),
(4, 13, 1482, 0, 0),
(4, 13, 1483, 0, 0),
(4, 37, 1484, 0, 0),
(4, 58, 1485, 0, 0),
(4, 7, 1486, 0, 0),
(4, 4, 1487, 0, 0),
(4, 6, 1488, 0, 0),
(4, 18, 1489, 0, 0),
(4, 20, 1490, 0, 0),
(4, 21, 1491, 0, 0),
(4, 22, 1492, 0, 0),
(4, 23, 1493, 0, 0),
(4, 4, 1494, 0, 0),
(4, 6, 1495, 0, 0),
(4, 18, 1496, 0, 0),
(4, 20, 1497, 0, 0),
(4, 21, 1498, 0, 0),
(4, 22, 1499, 0, 0),
(4, 23, 1500, 0, 0),
(4, 18, 1501, 0, 0),
(4, 6, 1502, 0, 0),
(4, 4, 1503, 0, 0);

-- --------------------------------------------------------

--
-- Table structure for table `vtiger_profile2globalpermissions`
--

CREATE TABLE IF NOT EXISTS `vtiger_profile2globalpermissions` (
  `profileid` int(19) NOT NULL,
  `globalactionid` int(19) NOT NULL,
  `globalactionpermission` int(19) DEFAULT NULL,
  PRIMARY KEY (`profileid`,`globalactionid`),
  KEY `idx_profile2globalpermissions` (`profileid`,`globalactionid`)
) ENGINE=InnoDB DEFAULT CHARSET=utf8;

--
-- Dumping data for table `vtiger_profile2globalpermissions`
--

INSERT INTO `vtiger_profile2globalpermissions` (`profileid`, `globalactionid`, `globalactionpermission`) VALUES
(1, 1, 1),
(1, 2, 1),
(2, 1, 1),
(2, 2, 1),
(3, 1, 1),
(3, 2, 1),
(4, 1, 1),
(4, 2, 1);

-- --------------------------------------------------------

--
-- Table structure for table `vtiger_profile2standardpermissions`
--

CREATE TABLE IF NOT EXISTS `vtiger_profile2standardpermissions` (
  `profileid` int(11) NOT NULL,
  `tabid` int(10) NOT NULL,
  `operation` int(10) NOT NULL,
  `permissions` int(1) DEFAULT NULL,
  PRIMARY KEY (`profileid`,`tabid`,`operation`),
  KEY `profile2standardpermissions_profileid_tabid_operation_idx` (`profileid`,`tabid`,`operation`)
) ENGINE=InnoDB DEFAULT CHARSET=utf8;

--
-- Dumping data for table `vtiger_profile2standardpermissions`
--

INSERT INTO `vtiger_profile2standardpermissions` (`profileid`, `tabid`, `operation`, `permissions`) VALUES
(1, 2, 0, 0),
(1, 2, 1, 0),
(1, 2, 2, 0),
(1, 2, 3, 0),
(1, 2, 4, 0),
(1, 4, 0, 0),
(1, 4, 1, 0),
(1, 4, 2, 0),
(1, 4, 3, 0),
(1, 4, 4, 0),
(1, 6, 0, 0),
(1, 6, 1, 0),
(1, 6, 2, 0),
(1, 6, 3, 0),
(1, 6, 4, 0),
(1, 7, 0, 0),
(1, 7, 1, 0),
(1, 7, 2, 0),
(1, 7, 3, 0),
(1, 7, 4, 0),
(1, 8, 0, 0),
(1, 8, 1, 0),
(1, 8, 2, 0),
(1, 8, 3, 0),
(1, 8, 4, 0),
(1, 9, 0, 0),
(1, 9, 1, 0),
(1, 9, 2, 0),
(1, 9, 3, 0),
(1, 9, 4, 0),
(1, 13, 0, 0),
(1, 13, 1, 0),
(1, 13, 2, 0),
(1, 13, 3, 0),
(1, 13, 4, 0),
(1, 14, 0, 0),
(1, 14, 1, 0),
(1, 14, 2, 0),
(1, 14, 3, 0),
(1, 14, 4, 0),
(1, 15, 0, 0),
(1, 15, 1, 0),
(1, 15, 2, 0),
(1, 15, 3, 0),
(1, 15, 4, 0),
(1, 16, 0, 0),
(1, 16, 1, 0),
(1, 16, 2, 0),
(1, 16, 3, 0),
(1, 16, 4, 0),
(1, 18, 0, 0),
(1, 18, 1, 0),
(1, 18, 2, 0),
(1, 18, 3, 0),
(1, 18, 4, 0),
(1, 19, 0, 0),
(1, 19, 1, 0),
(1, 19, 2, 0),
(1, 19, 3, 0),
(1, 19, 4, 0),
(1, 20, 0, 0),
(1, 20, 1, 0),
(1, 20, 2, 0),
(1, 20, 3, 0),
(1, 20, 4, 0),
(1, 21, 0, 0),
(1, 21, 1, 0),
(1, 21, 2, 0),
(1, 21, 3, 0),
(1, 21, 4, 0),
(1, 22, 0, 0),
(1, 22, 1, 0),
(1, 22, 2, 0),
(1, 22, 3, 0),
(1, 22, 4, 0),
(1, 23, 0, 0),
(1, 23, 1, 0),
(1, 23, 2, 0),
(1, 23, 3, 0),
(1, 23, 4, 0),
(1, 25, 0, 1),
(1, 25, 1, 1),
(1, 25, 2, 1),
(1, 25, 4, 1),
(1, 26, 0, 0),
(1, 26, 1, 0),
(1, 26, 2, 0),
(1, 26, 3, 0),
(1, 26, 4, 0),
(1, 33, 0, 0),
(1, 33, 1, 0),
(1, 33, 2, 0),
(1, 33, 3, 0),
(1, 33, 4, 0),
(1, 34, 0, 0),
(1, 34, 1, 0),
(1, 34, 2, 0),
(1, 34, 3, 0),
(1, 34, 4, 0),
(1, 35, 0, 0),
(1, 35, 1, 0),
(1, 35, 2, 0),
(1, 35, 3, 0),
(1, 35, 4, 0),
(1, 37, 0, 0),
(1, 37, 1, 0),
(1, 37, 2, 0),
(1, 37, 3, 0),
(1, 37, 4, 0),
(1, 40, 0, 0),
(1, 40, 1, 0),
(1, 40, 2, 0),
(1, 40, 3, 0),
(1, 40, 4, 0),
(1, 41, 0, 0),
(1, 41, 1, 0),
(1, 41, 2, 0),
(1, 41, 3, 0),
(1, 41, 4, 0),
(1, 42, 0, 0),
(1, 42, 1, 0),
(1, 42, 2, 0),
(1, 42, 3, 0),
(1, 42, 4, 0),
(1, 43, 0, 0),
(1, 43, 1, 0),
(1, 43, 2, 0),
(1, 43, 3, 0),
(1, 43, 4, 0),
(1, 45, 0, 0),
(1, 45, 1, 0),
(1, 45, 2, 0),
(1, 45, 3, 0),
(1, 45, 4, 0),
(1, 47, 0, 0),
(1, 47, 1, 0),
(1, 47, 2, 0),
(1, 47, 3, 0),
(1, 47, 4, 0),
(1, 49, 0, 0),
(1, 49, 1, 0),
(1, 49, 2, 0),
(1, 49, 3, 0),
(1, 49, 4, 0),
(1, 51, 0, 0),
(1, 51, 1, 0),
(1, 51, 2, 0),
(1, 51, 3, 0),
(1, 51, 4, 0),
(1, 54, 0, 0),
(1, 54, 1, 0),
(1, 54, 2, 0),
(1, 54, 3, 0),
(1, 54, 4, 0),
(1, 55, 0, 0),
(1, 55, 1, 0),
(1, 55, 2, 0),
(1, 55, 3, 0),
(1, 55, 4, 0),
(1, 57, 0, 0),
(1, 57, 1, 0),
(1, 57, 2, 0),
(1, 57, 3, 0),
(1, 57, 4, 0),
(1, 58, 0, 0),
(1, 58, 1, 0),
(1, 58, 2, 0),
(1, 58, 3, 0),
(1, 58, 4, 0),
(1, 59, 0, 0),
(1, 59, 1, 0),
(1, 59, 2, 0),
(1, 59, 3, 0),
(1, 59, 4, 0),
(1, 60, 0, 0),
(1, 60, 1, 0),
(1, 60, 2, 0),
(1, 60, 3, 0),
(1, 60, 4, 0),
(1, 61, 0, 0),
(1, 61, 1, 0),
(1, 61, 2, 0),
(1, 61, 3, 0),
(1, 61, 4, 0),
(1, 70, 0, 0),
(1, 70, 1, 0),
(1, 70, 2, 0),
(1, 70, 3, 0),
(1, 70, 4, 0),
(1, 71, 0, 0),
(1, 71, 1, 0),
(1, 71, 2, 0),
(1, 71, 3, 0),
(1, 71, 4, 0),
(2, 2, 0, 0),
(2, 2, 1, 0),
(2, 2, 2, 1),
(2, 2, 3, 0),
(2, 2, 4, 0),
(2, 4, 0, 0),
(2, 4, 1, 0),
(2, 4, 2, 1),
(2, 4, 3, 0),
(2, 4, 4, 0),
(2, 6, 0, 0),
(2, 6, 1, 0),
(2, 6, 2, 1),
(2, 6, 3, 0),
(2, 6, 4, 0),
(2, 7, 0, 0),
(2, 7, 1, 0),
(2, 7, 2, 1),
(2, 7, 3, 0),
(2, 7, 4, 0),
(2, 8, 0, 0),
(2, 8, 1, 0),
(2, 8, 2, 1),
(2, 8, 3, 0),
(2, 8, 4, 0),
(2, 9, 0, 0),
(2, 9, 1, 0),
(2, 9, 2, 1),
(2, 9, 3, 0),
(2, 9, 4, 0),
(2, 13, 0, 0),
(2, 13, 1, 0),
(2, 13, 2, 1),
(2, 13, 3, 0),
(2, 13, 4, 0),
(2, 14, 0, 0),
(2, 14, 1, 0),
(2, 14, 2, 1),
(2, 14, 3, 0),
(2, 14, 4, 0),
(2, 15, 0, 0),
(2, 15, 1, 0),
(2, 15, 2, 1),
(2, 15, 3, 0),
(2, 15, 4, 0),
(2, 16, 0, 0),
(2, 16, 1, 0),
(2, 16, 2, 1),
(2, 16, 3, 0),
(2, 16, 4, 0),
(2, 18, 0, 0),
(2, 18, 1, 0),
(2, 18, 2, 1),
(2, 18, 3, 0),
(2, 18, 4, 0),
(2, 19, 0, 0),
(2, 19, 1, 0),
(2, 19, 2, 1),
(2, 19, 3, 0),
(2, 19, 4, 0),
(2, 20, 0, 0),
(2, 20, 1, 0),
(2, 20, 2, 1),
(2, 20, 3, 0),
(2, 20, 4, 0),
(2, 21, 0, 0),
(2, 21, 1, 0),
(2, 21, 2, 1),
(2, 21, 3, 0),
(2, 21, 4, 0),
(2, 22, 0, 0),
(2, 22, 1, 0),
(2, 22, 2, 1),
(2, 22, 3, 0),
(2, 22, 4, 0),
(2, 23, 0, 0),
(2, 23, 1, 0),
(2, 23, 2, 1),
(2, 23, 3, 0),
(2, 23, 4, 0),
(2, 25, 0, 1),
(2, 25, 1, 1),
(2, 25, 2, 1),
(2, 25, 4, 1),
(2, 26, 0, 0),
(2, 26, 1, 0),
(2, 26, 2, 1),
(2, 26, 3, 0),
(2, 26, 4, 0),
(2, 33, 0, 0),
(2, 33, 1, 0),
(2, 33, 2, 1),
(2, 33, 3, 0),
(2, 33, 4, 0),
(2, 34, 0, 0),
(2, 34, 1, 0),
(2, 34, 2, 1),
(2, 34, 3, 0),
(2, 34, 4, 0),
(2, 35, 0, 0),
(2, 35, 1, 0),
(2, 35, 2, 1),
(2, 35, 3, 0),
(2, 35, 4, 0),
(2, 37, 0, 0),
(2, 37, 1, 0),
(2, 37, 2, 1),
(2, 37, 3, 0),
(2, 37, 4, 0),
(2, 40, 0, 0),
(2, 40, 1, 0),
(2, 40, 2, 1),
(2, 40, 3, 0),
(2, 40, 4, 0),
(2, 41, 0, 0),
(2, 41, 1, 0),
(2, 41, 2, 1),
(2, 41, 3, 0),
(2, 41, 4, 0),
(2, 42, 0, 0),
(2, 42, 1, 0),
(2, 42, 2, 1),
(2, 42, 3, 0),
(2, 42, 4, 0),
(2, 43, 0, 0),
(2, 43, 1, 0),
(2, 43, 2, 1),
(2, 43, 3, 0),
(2, 43, 4, 0),
(2, 45, 0, 0),
(2, 45, 1, 0),
(2, 45, 2, 1),
(2, 45, 3, 0),
(2, 45, 4, 0),
(2, 47, 0, 0),
(2, 47, 1, 0),
(2, 47, 2, 1),
(2, 47, 3, 0),
(2, 47, 4, 0),
(2, 49, 0, 0),
(2, 49, 1, 0),
(2, 49, 2, 1),
(2, 49, 3, 0),
(2, 49, 4, 0),
(2, 51, 0, 0),
(2, 51, 1, 0),
(2, 51, 2, 1),
(2, 51, 3, 0),
(2, 51, 4, 0),
(2, 54, 0, 0),
(2, 54, 1, 0),
(2, 54, 2, 1),
(2, 54, 3, 0),
(2, 54, 4, 0),
(2, 55, 0, 0),
(2, 55, 1, 0),
(2, 55, 2, 1),
(2, 55, 3, 0),
(2, 55, 4, 0),
(2, 57, 0, 0),
(2, 57, 1, 0),
(2, 57, 2, 1),
(2, 57, 3, 0),
(2, 57, 4, 0),
(2, 58, 0, 0),
(2, 58, 1, 0),
(2, 58, 2, 1),
(2, 58, 3, 0),
(2, 58, 4, 0),
(2, 59, 0, 0),
(2, 59, 1, 0),
(2, 59, 2, 1),
(2, 59, 3, 0),
(2, 59, 4, 0),
(2, 60, 0, 0),
(2, 60, 1, 0),
(2, 60, 2, 1),
(2, 60, 3, 0),
(2, 60, 4, 0),
(2, 61, 0, 0),
(2, 61, 1, 0),
(2, 61, 2, 1),
(2, 61, 3, 0),
(2, 61, 4, 0),
(2, 70, 0, 0),
(2, 70, 1, 0),
(2, 70, 2, 1),
(2, 70, 3, 0),
(2, 70, 4, 0),
(2, 71, 0, 0),
(2, 71, 1, 0),
(2, 71, 2, 1),
(2, 71, 3, 0),
(2, 71, 4, 0),
(3, 2, 0, 0),
(3, 2, 1, 0),
(3, 2, 2, 1),
(3, 2, 3, 0),
(3, 2, 4, 0),
(3, 4, 0, 0),
(3, 4, 1, 0),
(3, 4, 2, 1),
(3, 4, 3, 0),
(3, 4, 4, 0),
(3, 6, 0, 0),
(3, 6, 1, 0),
(3, 6, 2, 1),
(3, 6, 3, 0),
(3, 6, 4, 0),
(3, 7, 0, 0),
(3, 7, 1, 0),
(3, 7, 2, 1),
(3, 7, 3, 0),
(3, 7, 4, 0),
(3, 8, 0, 0),
(3, 8, 1, 0),
(3, 8, 2, 1),
(3, 8, 3, 0),
(3, 8, 4, 0),
(3, 9, 0, 0),
(3, 9, 1, 0),
(3, 9, 2, 1),
(3, 9, 3, 0),
(3, 9, 4, 0),
(3, 13, 0, 0),
(3, 13, 1, 0),
(3, 13, 2, 1),
(3, 13, 3, 0),
(3, 13, 4, 0),
(3, 14, 0, 0),
(3, 14, 1, 0),
(3, 14, 2, 1),
(3, 14, 3, 0),
(3, 14, 4, 0),
(3, 15, 0, 0),
(3, 15, 1, 0),
(3, 15, 2, 1),
(3, 15, 3, 0),
(3, 15, 4, 0),
(3, 16, 0, 0),
(3, 16, 1, 0),
(3, 16, 2, 1),
(3, 16, 3, 0),
(3, 16, 4, 0),
(3, 18, 0, 0),
(3, 18, 1, 0),
(3, 18, 2, 1),
(3, 18, 3, 0),
(3, 18, 4, 0),
(3, 19, 0, 0),
(3, 19, 1, 0),
(3, 19, 2, 1),
(3, 19, 3, 0),
(3, 19, 4, 0),
(3, 20, 0, 0),
(3, 20, 1, 0),
(3, 20, 2, 1),
(3, 20, 3, 0),
(3, 20, 4, 0),
(3, 21, 0, 0),
(3, 21, 1, 0),
(3, 21, 2, 1),
(3, 21, 3, 0),
(3, 21, 4, 0),
(3, 22, 0, 0),
(3, 22, 1, 0),
(3, 22, 2, 1),
(3, 22, 3, 0),
(3, 22, 4, 0),
(3, 23, 0, 0),
(3, 23, 1, 0),
(3, 23, 2, 1),
(3, 23, 3, 0),
(3, 23, 4, 0),
(3, 25, 0, 1),
(3, 25, 1, 1),
(3, 25, 2, 1),
(3, 25, 4, 1),
(3, 26, 0, 0),
(3, 26, 1, 0),
(3, 26, 2, 1),
(3, 26, 3, 0),
(3, 26, 4, 0),
(3, 33, 0, 0),
(3, 33, 1, 0),
(3, 33, 2, 1),
(3, 33, 3, 0),
(3, 33, 4, 0),
(3, 34, 0, 0),
(3, 34, 1, 0),
(3, 34, 2, 1),
(3, 34, 3, 0),
(3, 34, 4, 0),
(3, 35, 0, 0),
(3, 35, 1, 0),
(3, 35, 2, 1),
(3, 35, 3, 0),
(3, 35, 4, 0),
(3, 37, 0, 0),
(3, 37, 1, 0),
(3, 37, 2, 1),
(3, 37, 3, 0),
(3, 37, 4, 0),
(3, 40, 0, 0),
(3, 40, 1, 0),
(3, 40, 2, 1),
(3, 40, 3, 0),
(3, 40, 4, 0),
(3, 41, 0, 0),
(3, 41, 1, 0),
(3, 41, 2, 1),
(3, 41, 3, 0),
(3, 41, 4, 0),
(3, 42, 0, 0),
(3, 42, 1, 0),
(3, 42, 2, 1),
(3, 42, 3, 0),
(3, 42, 4, 0),
(3, 43, 0, 0),
(3, 43, 1, 0),
(3, 43, 2, 1),
(3, 43, 3, 0),
(3, 43, 4, 0),
(3, 45, 0, 0),
(3, 45, 1, 0),
(3, 45, 2, 1),
(3, 45, 3, 0),
(3, 45, 4, 0),
(3, 47, 0, 0),
(3, 47, 1, 0),
(3, 47, 2, 1),
(3, 47, 3, 0),
(3, 47, 4, 0),
(3, 49, 0, 0),
(3, 49, 1, 0),
(3, 49, 2, 1),
(3, 49, 3, 0),
(3, 49, 4, 0),
(3, 51, 0, 0),
(3, 51, 1, 0),
(3, 51, 2, 1),
(3, 51, 3, 0),
(3, 51, 4, 0),
(3, 54, 0, 0),
(3, 54, 1, 0),
(3, 54, 2, 1),
(3, 54, 3, 0),
(3, 54, 4, 0),
(3, 55, 0, 0),
(3, 55, 1, 0),
(3, 55, 2, 1),
(3, 55, 3, 0),
(3, 55, 4, 0),
(3, 57, 0, 0),
(3, 57, 1, 0),
(3, 57, 2, 1),
(3, 57, 3, 0),
(3, 57, 4, 0),
(3, 58, 0, 0),
(3, 58, 1, 0),
(3, 58, 2, 1),
(3, 58, 3, 0),
(3, 58, 4, 0),
(3, 59, 0, 0),
(3, 59, 1, 0),
(3, 59, 2, 1),
(3, 59, 3, 0),
(3, 59, 4, 0),
(3, 60, 0, 0),
(3, 60, 1, 0),
(3, 60, 2, 1),
(3, 60, 3, 0),
(3, 60, 4, 0),
(3, 61, 0, 0),
(3, 61, 1, 0),
(3, 61, 2, 1),
(3, 61, 3, 0),
(3, 61, 4, 0),
(3, 70, 0, 0),
(3, 70, 1, 0),
(3, 70, 2, 1),
(3, 70, 3, 0),
(3, 70, 4, 0),
(3, 71, 0, 0),
(3, 71, 1, 0),
(3, 71, 2, 1),
(3, 71, 3, 0),
(3, 71, 4, 0),
(4, 2, 0, 1),
(4, 2, 1, 1),
(4, 2, 2, 1),
(4, 2, 3, 0),
(4, 2, 4, 0),
(4, 4, 0, 1),
(4, 4, 1, 1),
(4, 4, 2, 1),
(4, 4, 3, 0),
(4, 4, 4, 0),
(4, 6, 0, 1),
(4, 6, 1, 1),
(4, 6, 2, 1),
(4, 6, 3, 0),
(4, 6, 4, 0),
(4, 7, 0, 1),
(4, 7, 1, 1),
(4, 7, 2, 1),
(4, 7, 3, 0),
(4, 7, 4, 0),
(4, 8, 0, 1),
(4, 8, 1, 1),
(4, 8, 2, 1),
(4, 8, 3, 0),
(4, 8, 4, 0),
(4, 9, 0, 1),
(4, 9, 1, 1),
(4, 9, 2, 1),
(4, 9, 3, 0),
(4, 9, 4, 0),
(4, 13, 0, 1),
(4, 13, 1, 1),
(4, 13, 2, 1),
(4, 13, 3, 0),
(4, 13, 4, 0),
(4, 14, 0, 1),
(4, 14, 1, 1),
(4, 14, 2, 1),
(4, 14, 3, 0),
(4, 14, 4, 0),
(4, 15, 0, 1),
(4, 15, 1, 1),
(4, 15, 2, 1),
(4, 15, 3, 0),
(4, 15, 4, 0),
(4, 16, 0, 1),
(4, 16, 1, 1),
(4, 16, 2, 1),
(4, 16, 3, 0),
(4, 16, 4, 0),
(4, 18, 0, 1),
(4, 18, 1, 1),
(4, 18, 2, 1),
(4, 18, 3, 0),
(4, 18, 4, 0),
(4, 19, 0, 1),
(4, 19, 1, 1),
(4, 19, 2, 1),
(4, 19, 3, 0),
(4, 19, 4, 0),
(4, 20, 0, 1),
(4, 20, 1, 1),
(4, 20, 2, 1),
(4, 20, 3, 0),
(4, 20, 4, 0),
(4, 21, 0, 1),
(4, 21, 1, 1),
(4, 21, 2, 1),
(4, 21, 3, 0),
(4, 21, 4, 0),
(4, 22, 0, 1),
(4, 22, 1, 1),
(4, 22, 2, 1),
(4, 22, 3, 0),
(4, 22, 4, 0),
(4, 23, 0, 1),
(4, 23, 1, 1),
(4, 23, 2, 1),
(4, 23, 3, 0),
(4, 23, 4, 0),
(4, 25, 0, 1),
(4, 25, 1, 1),
(4, 25, 2, 1),
(4, 25, 4, 1),
(4, 26, 0, 1),
(4, 26, 1, 1),
(4, 26, 2, 1),
(4, 26, 3, 0),
(4, 26, 4, 0),
(4, 33, 0, 1),
(4, 33, 1, 1),
(4, 33, 2, 1),
(4, 33, 3, 0),
(4, 33, 4, 0),
(4, 34, 0, 1),
(4, 34, 1, 1),
(4, 34, 2, 1),
(4, 34, 3, 0),
(4, 34, 4, 0),
(4, 35, 0, 1),
(4, 35, 1, 1),
(4, 35, 2, 1),
(4, 35, 3, 0),
(4, 35, 4, 0),
(4, 37, 0, 1),
(4, 37, 1, 1),
(4, 37, 2, 1),
(4, 37, 3, 0),
(4, 37, 4, 0),
(4, 40, 0, 1),
(4, 40, 1, 1),
(4, 40, 2, 1),
(4, 40, 3, 0),
(4, 40, 4, 0),
(4, 41, 0, 1),
(4, 41, 1, 1),
(4, 41, 2, 1),
(4, 41, 3, 0),
(4, 41, 4, 0),
(4, 42, 0, 1),
(4, 42, 1, 1),
(4, 42, 2, 1),
(4, 42, 3, 0),
(4, 42, 4, 0),
(4, 43, 0, 1),
(4, 43, 1, 1),
(4, 43, 2, 1),
(4, 43, 3, 0),
(4, 43, 4, 0),
(4, 45, 0, 1),
(4, 45, 1, 1),
(4, 45, 2, 1),
(4, 45, 3, 0),
(4, 45, 4, 0),
(4, 47, 0, 1),
(4, 47, 1, 1),
(4, 47, 2, 1),
(4, 47, 3, 0),
(4, 47, 4, 0),
(4, 49, 0, 1),
(4, 49, 1, 1),
(4, 49, 2, 1),
(4, 49, 3, 0),
(4, 49, 4, 0),
(4, 51, 0, 1),
(4, 51, 1, 1),
(4, 51, 2, 1),
(4, 51, 3, 0),
(4, 51, 4, 0),
(4, 54, 0, 1),
(4, 54, 1, 1),
(4, 54, 2, 1),
(4, 54, 3, 0),
(4, 54, 4, 0),
(4, 55, 0, 1),
(4, 55, 1, 1),
(4, 55, 2, 1),
(4, 55, 3, 0),
(4, 55, 4, 0),
(4, 57, 0, 1),
(4, 57, 1, 1),
(4, 57, 2, 1),
(4, 57, 3, 0),
(4, 57, 4, 0),
(4, 58, 0, 1),
(4, 58, 1, 1),
(4, 58, 2, 1),
(4, 58, 3, 0),
(4, 58, 4, 0),
(4, 59, 0, 1),
(4, 59, 1, 1),
(4, 59, 2, 1),
(4, 59, 3, 0),
(4, 59, 4, 0),
(4, 60, 0, 1),
(4, 60, 1, 1),
(4, 60, 2, 1),
(4, 60, 3, 0),
(4, 60, 4, 0),
(4, 61, 0, 1),
(4, 61, 1, 1),
(4, 61, 2, 1),
(4, 61, 3, 0),
(4, 61, 4, 0),
(4, 70, 0, 1),
(4, 70, 1, 1),
(4, 70, 2, 1),
(4, 70, 3, 0),
(4, 70, 4, 0),
(4, 71, 0, 1),
(4, 71, 1, 1),
(4, 71, 2, 1),
(4, 71, 3, 0),
(4, 71, 4, 0);

-- --------------------------------------------------------

--
-- Table structure for table `vtiger_profile2tab`
--

CREATE TABLE IF NOT EXISTS `vtiger_profile2tab` (
  `profileid` int(11) DEFAULT NULL,
  `tabid` int(10) DEFAULT NULL,
  `permissions` int(10) NOT NULL DEFAULT '0',
  KEY `profile2tab_profileid_tabid_idx` (`profileid`,`tabid`)
) ENGINE=InnoDB DEFAULT CHARSET=utf8;

--
-- Dumping data for table `vtiger_profile2tab`
--

INSERT INTO `vtiger_profile2tab` (`profileid`, `tabid`, `permissions`) VALUES
(1, 3, 0),
(1, 27, 0),
(2, 3, 0),
(2, 27, 0),
(3, 3, 0),
(3, 27, 0),
(4, 3, 0),
(4, 27, 0),
(1, 30, 0),
(2, 30, 0),
(3, 30, 0),
(4, 30, 0),
(1, 31, 0),
(2, 31, 0),
(3, 31, 0),
(4, 31, 0),
(1, 32, 0),
(2, 32, 0),
(3, 32, 0),
(4, 32, 0),
(1, 36, 0),
(2, 36, 0),
(3, 36, 0),
(4, 36, 0),
(1, 38, 0),
(2, 38, 0),
(3, 38, 0),
(4, 38, 0),
(1, 1, 0),
(1, 2, 0),
(1, 4, 0),
(1, 6, 0),
(1, 7, 0),
(1, 8, 0),
(1, 9, 0),
(1, 10, 0),
(1, 13, 0),
(1, 14, 0),
(1, 15, 0),
(1, 18, 0),
(1, 19, 0),
(1, 20, 0),
(1, 21, 0),
(1, 22, 0),
(1, 23, 0),
(1, 24, 0),
(1, 25, 0),
(1, 26, 0),
(1, 33, 0),
(1, 34, 0),
(1, 35, 0),
(1, 37, 0),
(1, 40, 0),
(1, 41, 0),
(1, 42, 0),
(1, 43, 0),
(1, 44, 0),
(1, 45, 0),
(1, 46, 0),
(1, 47, 0),
(1, 48, 0),
(1, 49, 0),
(1, 50, 0),
(1, 51, 0),
(1, 52, 0),
(1, 53, 0),
(1, 54, 0),
(1, 55, 0),
(1, 56, 0),
(1, 57, 0),
(1, 58, 0),
(1, 59, 0),
(1, 60, 0),
(1, 61, 0),
(1, 70, 0),
(1, 71, 0),
(1, 72, 0),
(1, 16, 0),
(2, 1, 0),
(2, 2, 0),
(2, 4, 0),
(2, 6, 0),
(2, 7, 0),
(2, 8, 0),
(2, 9, 0),
(2, 10, 0),
(2, 13, 0),
(2, 14, 0),
(2, 15, 0),
(2, 18, 0),
(2, 19, 0),
(2, 20, 0),
(2, 21, 0),
(2, 22, 0),
(2, 23, 0),
(2, 24, 0),
(2, 25, 0),
(2, 26, 0),
(2, 33, 0),
(2, 34, 0),
(2, 35, 0),
(2, 37, 0),
(2, 40, 0),
(2, 41, 0),
(2, 42, 0),
(2, 43, 0),
(2, 44, 0),
(2, 45, 0),
(2, 46, 0),
(2, 47, 0),
(2, 48, 0),
(2, 49, 0),
(2, 50, 0),
(2, 51, 0),
(2, 52, 0),
(2, 53, 0),
(2, 54, 0),
(2, 55, 0),
(2, 56, 0),
(2, 57, 0),
(2, 58, 0),
(2, 59, 0),
(2, 60, 0),
(2, 61, 0),
(2, 70, 0),
(2, 71, 0),
(2, 72, 0),
(2, 16, 0),
(3, 1, 0),
(3, 2, 0),
(3, 4, 0),
(3, 6, 0),
(3, 7, 0),
(3, 8, 0),
(3, 9, 0),
(3, 10, 0),
(3, 13, 0),
(3, 14, 0),
(3, 15, 0),
(3, 18, 0),
(3, 19, 0),
(3, 20, 0),
(3, 21, 0),
(3, 22, 0),
(3, 23, 0),
(3, 24, 0),
(3, 25, 0),
(3, 26, 0),
(3, 33, 0),
(3, 34, 0),
(3, 35, 0),
(3, 37, 0),
(3, 40, 0),
(3, 41, 0),
(3, 42, 0),
(3, 43, 0),
(3, 44, 0),
(3, 45, 0),
(3, 46, 0),
(3, 47, 0),
(3, 48, 0),
(3, 49, 0),
(3, 50, 0),
(3, 51, 0),
(3, 52, 0),
(3, 53, 0),
(3, 54, 0),
(3, 55, 0),
(3, 56, 0),
(3, 57, 0),
(3, 58, 0),
(3, 59, 0),
(3, 60, 0),
(3, 61, 0),
(3, 70, 0),
(3, 71, 0),
(3, 72, 0),
(3, 16, 0),
(4, 1, 0),
(4, 2, 0),
(4, 4, 0),
(4, 6, 0),
(4, 7, 0),
(4, 8, 0),
(4, 9, 0),
(4, 10, 0),
(4, 13, 0),
(4, 14, 0),
(4, 15, 0),
(4, 18, 0),
(4, 19, 0),
(4, 20, 0),
(4, 21, 0),
(4, 22, 0),
(4, 23, 0),
(4, 24, 0),
(4, 25, 0),
(4, 26, 0),
(4, 33, 0),
(4, 34, 0),
(4, 35, 0),
(4, 37, 0),
(4, 40, 0),
(4, 41, 0),
(4, 42, 0),
(4, 43, 0),
(4, 44, 0),
(4, 45, 0),
(4, 46, 0),
(4, 47, 0),
(4, 48, 0),
(4, 49, 0),
(4, 50, 0),
(4, 51, 0),
(4, 52, 0),
(4, 53, 0),
(4, 54, 0),
(4, 55, 0),
(4, 56, 0),
(4, 57, 0),
(4, 58, 0),
(4, 59, 0),
(4, 60, 0),
(4, 61, 0),
(4, 70, 0),
(4, 71, 0),
(4, 72, 0),
(4, 16, 0),
(1, 73, 0),
(2, 73, 0),
(3, 73, 0),
(4, 73, 0);

-- --------------------------------------------------------

--
-- Table structure for table `vtiger_profile2utility`
--

CREATE TABLE IF NOT EXISTS `vtiger_profile2utility` (
  `profileid` int(11) NOT NULL,
  `tabid` int(11) NOT NULL,
  `activityid` int(11) NOT NULL,
  `permission` int(1) DEFAULT NULL,
  PRIMARY KEY (`profileid`,`tabid`,`activityid`),
  KEY `profile2utility_profileid_tabid_activityid_idx` (`profileid`,`tabid`,`activityid`)
) ENGINE=InnoDB DEFAULT CHARSET=utf8;

--
-- Dumping data for table `vtiger_profile2utility`
--

INSERT INTO `vtiger_profile2utility` (`profileid`, `tabid`, `activityid`, `permission`) VALUES
(1, 2, 5, 0),
(1, 2, 6, 0),
(1, 2, 10, 0),
(1, 2, 14, 0),
(1, 2, 15, 0),
(1, 4, 5, 0),
(1, 4, 6, 0),
(1, 4, 8, 0),
(1, 4, 10, 0),
(1, 4, 14, 0),
(1, 4, 15, 0),
(1, 6, 5, 0),
(1, 6, 6, 0),
(1, 6, 8, 0),
(1, 6, 10, 0),
(1, 6, 14, 0),
(1, 6, 15, 0),
(1, 7, 5, 0),
(1, 7, 6, 0),
(1, 7, 8, 0),
(1, 7, 9, 0),
(1, 7, 10, 0),
(1, 7, 14, 0),
(1, 7, 15, 0),
(1, 8, 6, 0),
(1, 8, 14, 0),
(1, 8, 15, 0),
(1, 9, 5, 0),
(1, 9, 6, 0),
(1, 9, 14, 0),
(1, 9, 15, 0),
(1, 13, 5, 0),
(1, 13, 6, 0),
(1, 13, 8, 0),
(1, 13, 10, 0),
(1, 13, 14, 0),
(1, 13, 15, 0),
(1, 14, 5, 0),
(1, 14, 6, 0),
(1, 14, 10, 0),
(1, 14, 14, 0),
(1, 14, 15, 0),
(1, 15, 14, 0),
(1, 15, 15, 0),
(1, 16, 5, 0),
(1, 16, 6, 0),
(1, 16, 15, 0),
(1, 18, 5, 0),
(1, 18, 6, 0),
(1, 18, 10, 0),
(1, 18, 14, 0),
(1, 18, 15, 0),
(1, 19, 14, 0),
(1, 19, 15, 0),
(1, 20, 5, 0),
(1, 20, 6, 0),
(1, 20, 14, 0),
(1, 20, 15, 0),
(1, 21, 5, 0),
(1, 21, 6, 0),
(1, 21, 14, 0),
(1, 21, 15, 0),
(1, 22, 5, 0),
(1, 22, 6, 0),
(1, 22, 14, 0),
(1, 22, 15, 0),
(1, 23, 5, 0),
(1, 23, 6, 0),
(1, 23, 14, 0),
(1, 23, 15, 0),
(1, 25, 6, 0),
(1, 25, 13, 0),
(1, 26, 14, 0),
(1, 26, 15, 0),
(1, 33, 11, 0),
(1, 33, 12, 0),
(1, 34, 5, 0),
(1, 34, 6, 0),
(1, 34, 10, 0),
(1, 34, 14, 0),
(1, 34, 15, 0),
(1, 35, 5, 0),
(1, 35, 6, 0),
(1, 35, 10, 0),
(1, 35, 14, 0),
(1, 35, 15, 0),
(1, 37, 5, 0),
(1, 37, 6, 0),
(1, 37, 10, 0),
(1, 37, 14, 0),
(1, 37, 15, 0),
(1, 40, 16, 0),
(1, 41, 5, 0),
(1, 41, 6, 0),
(1, 41, 10, 0),
(1, 41, 14, 0),
(1, 41, 15, 0),
(1, 42, 5, 0),
(1, 42, 6, 0),
(1, 42, 10, 0),
(1, 42, 14, 0),
(1, 42, 15, 0),
(1, 43, 5, 0),
(1, 43, 6, 0),
(1, 43, 10, 0),
(1, 43, 14, 0),
(1, 43, 15, 0),
(1, 47, 5, 1),
(1, 47, 6, 1),
(1, 47, 8, 1),
(1, 47, 14, 0),
(1, 47, 15, 0),
(1, 49, 5, 0),
(1, 49, 6, 0),
(1, 49, 8, 0),
(1, 49, 14, 0),
(1, 49, 15, 0),
(1, 51, 5, 0),
(1, 51, 6, 0),
(1, 51, 8, 0),
(1, 51, 14, 0),
(1, 51, 15, 0),
(1, 54, 5, 0),
(1, 54, 6, 0),
(1, 54, 10, 1),
(1, 54, 14, 0),
(1, 54, 15, 0),
(1, 57, 5, 0),
(1, 57, 6, 0),
(1, 57, 8, 0),
(1, 57, 14, 0),
(1, 57, 15, 0),
(1, 58, 5, 0),
(1, 58, 6, 0),
(1, 58, 8, 0),
(1, 58, 14, 0),
(1, 58, 15, 0),
(1, 59, 5, 1),
(1, 59, 6, 1),
(1, 59, 8, 1),
(1, 59, 14, 0),
(1, 59, 15, 0),
(1, 60, 5, 0),
(1, 60, 6, 0),
(1, 60, 10, 0),
(1, 60, 14, 0),
(1, 60, 15, 0),
(1, 61, 5, 0),
(1, 61, 6, 0),
(1, 61, 8, 0),
(1, 61, 14, 0),
(1, 61, 15, 0),
(1, 70, 5, 0),
(1, 70, 6, 0),
(1, 70, 10, 0),
(1, 70, 14, 0),
(1, 70, 15, 0),
(1, 71, 5, 0),
(1, 71, 6, 0),
(1, 71, 10, 0),
(1, 71, 14, 0),
(1, 71, 15, 0),
(2, 2, 5, 1),
(2, 2, 6, 1),
(2, 2, 10, 0),
(2, 2, 14, 0),
(2, 2, 15, 0),
(2, 4, 5, 1),
(2, 4, 6, 1),
(2, 4, 8, 0),
(2, 4, 10, 0),
(2, 4, 14, 0),
(2, 4, 15, 0),
(2, 6, 5, 1),
(2, 6, 6, 1),
(2, 6, 8, 0),
(2, 6, 10, 0),
(2, 6, 14, 0),
(2, 6, 15, 0),
(2, 7, 5, 1),
(2, 7, 6, 1),
(2, 7, 8, 0),
(2, 7, 9, 0),
(2, 7, 10, 0),
(2, 7, 14, 0),
(2, 7, 15, 0),
(2, 8, 6, 1),
(2, 8, 14, 0),
(2, 8, 15, 0),
(2, 9, 5, 0),
(2, 9, 6, 0),
(2, 9, 14, 0),
(2, 9, 15, 0),
(2, 13, 5, 1),
(2, 13, 6, 1),
(2, 13, 8, 0),
(2, 13, 10, 0),
(2, 13, 14, 0),
(2, 13, 15, 0),
(2, 14, 5, 1),
(2, 14, 6, 1),
(2, 14, 10, 0),
(2, 14, 14, 0),
(2, 14, 15, 0),
(2, 15, 14, 0),
(2, 15, 15, 0),
(2, 16, 5, 0),
(2, 16, 6, 0),
(2, 16, 15, 0),
(2, 18, 5, 1),
(2, 18, 6, 1),
(2, 18, 10, 0),
(2, 18, 14, 0),
(2, 18, 15, 0),
(2, 19, 14, 0),
(2, 19, 15, 0),
(2, 20, 5, 0),
(2, 20, 6, 0),
(2, 20, 14, 0),
(2, 20, 15, 0),
(2, 21, 5, 0),
(2, 21, 6, 0),
(2, 21, 14, 0),
(2, 21, 15, 0),
(2, 22, 5, 0),
(2, 22, 6, 0),
(2, 22, 14, 0),
(2, 22, 15, 0),
(2, 23, 5, 0),
(2, 23, 6, 0),
(2, 23, 14, 0),
(2, 23, 15, 0),
(2, 25, 6, 0),
(2, 25, 13, 0),
(2, 26, 14, 0),
(2, 26, 15, 0),
(2, 33, 11, 0),
(2, 33, 12, 0),
(2, 34, 5, 0),
(2, 34, 6, 0),
(2, 34, 10, 0),
(2, 34, 14, 0),
(2, 34, 15, 0),
(2, 35, 5, 0),
(2, 35, 6, 0),
(2, 35, 10, 0),
(2, 35, 14, 0),
(2, 35, 15, 0),
(2, 37, 5, 0),
(2, 37, 6, 0),
(2, 37, 10, 0),
(2, 37, 14, 0),
(2, 37, 15, 0),
(2, 40, 16, 0),
(2, 41, 5, 0),
(2, 41, 6, 0),
(2, 41, 10, 0),
(2, 41, 14, 0),
(2, 41, 15, 0),
(2, 42, 5, 0),
(2, 42, 6, 0),
(2, 42, 10, 0),
(2, 42, 14, 0),
(2, 42, 15, 0),
(2, 43, 5, 0),
(2, 43, 6, 0),
(2, 43, 10, 0),
(2, 43, 14, 0),
(2, 43, 15, 0),
(2, 47, 5, 1),
(2, 47, 6, 1),
(2, 47, 8, 1),
(2, 47, 14, 0),
(2, 47, 15, 0),
(2, 49, 5, 0),
(2, 49, 6, 0),
(2, 49, 8, 0),
(2, 49, 14, 0),
(2, 49, 15, 0),
(2, 51, 5, 0),
(2, 51, 6, 0),
(2, 51, 8, 0),
(2, 51, 14, 0),
(2, 51, 15, 0),
(2, 54, 5, 0),
(2, 54, 6, 0),
(2, 54, 10, 1),
(2, 54, 14, 0),
(2, 54, 15, 0),
(2, 57, 5, 0),
(2, 57, 6, 0),
(2, 57, 8, 0),
(2, 57, 14, 0),
(2, 57, 15, 0),
(2, 58, 5, 0),
(2, 58, 6, 0),
(2, 58, 8, 0),
(2, 58, 14, 0),
(2, 58, 15, 0),
(2, 59, 5, 1),
(2, 59, 6, 1),
(2, 59, 8, 1),
(2, 59, 14, 0),
(2, 59, 15, 0),
(2, 60, 5, 0),
(2, 60, 6, 0),
(2, 60, 10, 0),
(2, 60, 14, 0),
(2, 60, 15, 0),
(2, 61, 5, 0),
(2, 61, 6, 0),
(2, 61, 8, 0),
(2, 61, 14, 0),
(2, 61, 15, 0),
(2, 70, 5, 0),
(2, 70, 6, 0),
(2, 70, 10, 0),
(2, 70, 14, 0),
(2, 70, 15, 0),
(2, 71, 5, 0),
(2, 71, 6, 0),
(2, 71, 10, 0),
(2, 71, 14, 0),
(2, 71, 15, 0),
(3, 2, 5, 1),
(3, 2, 6, 1),
(3, 2, 10, 0),
(3, 2, 14, 0),
(3, 2, 15, 0),
(3, 4, 5, 1),
(3, 4, 6, 1),
(3, 4, 8, 0),
(3, 4, 10, 0),
(3, 4, 14, 0),
(3, 4, 15, 0),
(3, 6, 5, 1),
(3, 6, 6, 1),
(3, 6, 8, 0),
(3, 6, 10, 0),
(3, 6, 14, 0),
(3, 6, 15, 0),
(3, 7, 5, 1),
(3, 7, 6, 1),
(3, 7, 8, 0),
(3, 7, 9, 0),
(3, 7, 10, 0),
(3, 7, 14, 0),
(3, 7, 15, 0),
(3, 8, 6, 1),
(3, 8, 14, 0),
(3, 8, 15, 0),
(3, 9, 5, 0),
(3, 9, 6, 0),
(3, 9, 14, 0),
(3, 9, 15, 0),
(3, 13, 5, 1),
(3, 13, 6, 1),
(3, 13, 8, 0),
(3, 13, 10, 0),
(3, 13, 14, 0),
(3, 13, 15, 0),
(3, 14, 5, 1),
(3, 14, 6, 1),
(3, 14, 10, 0),
(3, 14, 14, 0),
(3, 14, 15, 0),
(3, 15, 14, 0),
(3, 15, 15, 0),
(3, 16, 5, 0),
(3, 16, 6, 0),
(3, 16, 15, 0),
(3, 18, 5, 1),
(3, 18, 6, 1),
(3, 18, 10, 0),
(3, 18, 14, 0),
(3, 18, 15, 0),
(3, 19, 14, 0),
(3, 19, 15, 0),
(3, 20, 5, 0),
(3, 20, 6, 0),
(3, 20, 14, 0),
(3, 20, 15, 0),
(3, 21, 5, 0),
(3, 21, 6, 0),
(3, 21, 14, 0),
(3, 21, 15, 0),
(3, 22, 5, 0),
(3, 22, 6, 0),
(3, 22, 14, 0),
(3, 22, 15, 0),
(3, 23, 5, 0),
(3, 23, 6, 0),
(3, 23, 14, 0),
(3, 23, 15, 0),
(3, 25, 6, 0),
(3, 25, 13, 0),
(3, 26, 14, 0),
(3, 26, 15, 0),
(3, 33, 11, 0),
(3, 33, 12, 0),
(3, 34, 5, 0),
(3, 34, 6, 0),
(3, 34, 10, 0),
(3, 34, 14, 0),
(3, 34, 15, 0),
(3, 35, 5, 0),
(3, 35, 6, 0),
(3, 35, 10, 0),
(3, 35, 14, 0),
(3, 35, 15, 0),
(3, 37, 5, 0),
(3, 37, 6, 0),
(3, 37, 10, 0),
(3, 37, 14, 0),
(3, 37, 15, 0),
(3, 40, 16, 0),
(3, 41, 5, 0),
(3, 41, 6, 0),
(3, 41, 10, 0),
(3, 41, 14, 0),
(3, 41, 15, 0),
(3, 42, 5, 0),
(3, 42, 6, 0),
(3, 42, 10, 0),
(3, 42, 14, 0),
(3, 42, 15, 0),
(3, 43, 5, 0),
(3, 43, 6, 0),
(3, 43, 10, 0),
(3, 43, 14, 0),
(3, 43, 15, 0),
(3, 47, 5, 1),
(3, 47, 6, 1),
(3, 47, 8, 1),
(3, 47, 14, 0),
(3, 47, 15, 0),
(3, 49, 5, 0),
(3, 49, 6, 0),
(3, 49, 8, 0),
(3, 49, 14, 0),
(3, 49, 15, 0),
(3, 51, 5, 0),
(3, 51, 6, 0),
(3, 51, 8, 0),
(3, 51, 14, 0),
(3, 51, 15, 0),
(3, 54, 5, 0),
(3, 54, 6, 0),
(3, 54, 10, 1),
(3, 54, 14, 0),
(3, 54, 15, 0),
(3, 57, 5, 0),
(3, 57, 6, 0),
(3, 57, 8, 0),
(3, 57, 14, 0),
(3, 57, 15, 0),
(3, 58, 5, 0),
(3, 58, 6, 0),
(3, 58, 8, 0),
(3, 58, 14, 0),
(3, 58, 15, 0),
(3, 59, 5, 1),
(3, 59, 6, 1),
(3, 59, 8, 1),
(3, 59, 14, 0),
(3, 59, 15, 0),
(3, 60, 5, 0),
(3, 60, 6, 0),
(3, 60, 10, 0),
(3, 60, 14, 0),
(3, 60, 15, 0),
(3, 61, 5, 0),
(3, 61, 6, 0),
(3, 61, 8, 0),
(3, 61, 14, 0),
(3, 61, 15, 0),
(3, 70, 5, 0),
(3, 70, 6, 0),
(3, 70, 10, 0),
(3, 70, 14, 0),
(3, 70, 15, 0),
(3, 71, 5, 0),
(3, 71, 6, 0),
(3, 71, 10, 0),
(3, 71, 14, 0),
(3, 71, 15, 0),
(4, 2, 5, 1),
(4, 2, 6, 1),
(4, 2, 10, 0),
(4, 2, 14, 0),
(4, 2, 15, 0),
(4, 4, 5, 1),
(4, 4, 6, 1),
(4, 4, 8, 1),
(4, 4, 10, 0),
(4, 4, 14, 0),
(4, 4, 15, 0),
(4, 6, 5, 1),
(4, 6, 6, 1),
(4, 6, 8, 1),
(4, 6, 10, 0),
(4, 6, 14, 0),
(4, 6, 15, 0),
(4, 7, 5, 1),
(4, 7, 6, 1),
(4, 7, 8, 1),
(4, 7, 9, 0),
(4, 7, 10, 0),
(4, 7, 14, 0),
(4, 7, 15, 0),
(4, 8, 6, 1),
(4, 8, 14, 0),
(4, 8, 15, 0),
(4, 9, 5, 0),
(4, 9, 6, 0),
(4, 9, 14, 0),
(4, 9, 15, 0),
(4, 13, 5, 1),
(4, 13, 6, 1),
(4, 13, 8, 1),
(4, 13, 10, 0),
(4, 13, 14, 0),
(4, 13, 15, 0),
(4, 14, 5, 1),
(4, 14, 6, 1),
(4, 14, 10, 0),
(4, 14, 14, 0),
(4, 14, 15, 0),
(4, 15, 14, 0),
(4, 15, 15, 0),
(4, 16, 5, 0),
(4, 16, 6, 0),
(4, 16, 15, 0),
(4, 18, 5, 1),
(4, 18, 6, 1),
(4, 18, 10, 0),
(4, 18, 14, 0),
(4, 18, 15, 0),
(4, 19, 14, 0),
(4, 19, 15, 0),
(4, 20, 5, 0),
(4, 20, 6, 0),
(4, 20, 14, 0),
(4, 20, 15, 0),
(4, 21, 5, 0),
(4, 21, 6, 0),
(4, 21, 14, 0),
(4, 21, 15, 0),
(4, 22, 5, 0),
(4, 22, 6, 0),
(4, 22, 14, 0),
(4, 22, 15, 0),
(4, 23, 5, 0),
(4, 23, 6, 0),
(4, 23, 14, 0),
(4, 23, 15, 0),
(4, 25, 6, 0),
(4, 25, 13, 0),
(4, 26, 14, 0),
(4, 26, 15, 0),
(4, 33, 11, 0),
(4, 33, 12, 0),
(4, 34, 5, 0),
(4, 34, 6, 0),
(4, 34, 10, 0),
(4, 34, 14, 0),
(4, 34, 15, 0),
(4, 35, 5, 0),
(4, 35, 6, 0),
(4, 35, 10, 0),
(4, 35, 14, 0),
(4, 35, 15, 0),
(4, 37, 5, 0),
(4, 37, 6, 0),
(4, 37, 10, 0),
(4, 37, 14, 0),
(4, 37, 15, 0),
(4, 40, 16, 0),
(4, 41, 5, 0),
(4, 41, 6, 0),
(4, 41, 10, 0),
(4, 41, 14, 0),
(4, 41, 15, 0),
(4, 42, 5, 0),
(4, 42, 6, 0),
(4, 42, 10, 0),
(4, 42, 14, 0),
(4, 42, 15, 0),
(4, 43, 5, 0),
(4, 43, 6, 0),
(4, 43, 10, 0),
(4, 43, 14, 0),
(4, 43, 15, 0),
(4, 47, 5, 1),
(4, 47, 6, 1),
(4, 47, 8, 1),
(4, 47, 14, 0),
(4, 47, 15, 0),
(4, 49, 5, 0),
(4, 49, 6, 0),
(4, 49, 8, 0),
(4, 49, 14, 0),
(4, 49, 15, 0),
(4, 51, 5, 0),
(4, 51, 6, 0),
(4, 51, 8, 0),
(4, 51, 14, 0),
(4, 51, 15, 0),
(4, 54, 5, 0),
(4, 54, 6, 0),
(4, 54, 10, 1),
(4, 54, 14, 0),
(4, 54, 15, 0),
(4, 57, 5, 0),
(4, 57, 6, 0),
(4, 57, 8, 0),
(4, 57, 14, 0),
(4, 57, 15, 0),
(4, 58, 5, 0),
(4, 58, 6, 0),
(4, 58, 8, 0),
(4, 58, 14, 0),
(4, 58, 15, 0),
(4, 59, 5, 1),
(4, 59, 6, 1),
(4, 59, 8, 1),
(4, 59, 14, 0),
(4, 59, 15, 0),
(4, 60, 5, 0),
(4, 60, 6, 0),
(4, 60, 10, 0),
(4, 60, 14, 0),
(4, 60, 15, 0),
(4, 61, 5, 0),
(4, 61, 6, 0),
(4, 61, 8, 0),
(4, 61, 14, 0),
(4, 61, 15, 0),
(4, 70, 5, 0),
(4, 70, 6, 0),
(4, 70, 10, 0),
(4, 70, 14, 0),
(4, 70, 15, 0),
(4, 71, 5, 0),
(4, 71, 6, 0),
(4, 71, 10, 0),
(4, 71, 14, 0),
(4, 71, 15, 0);

-- --------------------------------------------------------

--
-- Table structure for table `vtiger_profile_seq`
--

CREATE TABLE IF NOT EXISTS `vtiger_profile_seq` (
  `id` int(11) NOT NULL
) ENGINE=InnoDB DEFAULT CHARSET=utf8;

--
-- Dumping data for table `vtiger_profile_seq`
--

INSERT INTO `vtiger_profile_seq` (`id`) VALUES
(4);

-- --------------------------------------------------------

--
-- Table structure for table `vtiger_progress`
--

CREATE TABLE IF NOT EXISTS `vtiger_progress` (
  `progressid` int(11) NOT NULL AUTO_INCREMENT,
  `progress` varchar(200) NOT NULL,
  `presence` int(1) NOT NULL DEFAULT '1',
  `picklist_valueid` int(11) NOT NULL DEFAULT '0',
  `sortorderid` int(11) DEFAULT '0',
  PRIMARY KEY (`progressid`)
) ENGINE=InnoDB  DEFAULT CHARSET=utf8 AUTO_INCREMENT=12 ;

--
-- Dumping data for table `vtiger_progress`
--

INSERT INTO `vtiger_progress` (`progressid`, `progress`, `presence`, `picklist_valueid`, `sortorderid`) VALUES
(2, '10%', 1, 278, 2),
(3, '20%', 1, 279, 3),
(4, '30%', 1, 280, 4),
(5, '40%', 1, 281, 5),
(6, '50%', 1, 282, 6),
(7, '60%', 1, 283, 7),
(8, '70%', 1, 284, 8),
(9, '80%', 1, 285, 9),
(10, '90%', 1, 286, 10),
(11, '100%', 1, 287, 11);

-- --------------------------------------------------------

--
-- Table structure for table `vtiger_progress_seq`
--

CREATE TABLE IF NOT EXISTS `vtiger_progress_seq` (
  `id` int(11) NOT NULL
) ENGINE=InnoDB DEFAULT CHARSET=utf8;

--
-- Dumping data for table `vtiger_progress_seq`
--

INSERT INTO `vtiger_progress_seq` (`id`) VALUES
(11);

-- --------------------------------------------------------

--
-- Table structure for table `vtiger_project`
--

CREATE TABLE IF NOT EXISTS `vtiger_project` (
  `projectid` int(19) NOT NULL,
  `projectname` varchar(255) DEFAULT NULL,
  `project_no` varchar(100) DEFAULT NULL,
  `startdate` date DEFAULT NULL,
  `targetenddate` date DEFAULT NULL,
  `actualenddate` date DEFAULT NULL,
  `targetbudget` varchar(255) DEFAULT NULL,
  `projecturl` varchar(255) DEFAULT NULL,
  `projectstatus` varchar(100) DEFAULT NULL,
  `projectpriority` varchar(100) DEFAULT NULL,
  `projecttype` varchar(100) DEFAULT NULL,
  `progress` varchar(100) DEFAULT NULL,
  `linktoaccountscontacts` int(19) DEFAULT NULL,
  `sum_time` decimal(10,2) DEFAULT '0.00',
  `sum_time_pt` decimal(10,2) DEFAULT '0.00',
  `sum_time_h` decimal(10,2) DEFAULT '0.00',
  `sum_time_all` decimal(10,2) DEFAULT '0.00',
  `servicecontractsid` int(19) DEFAULT NULL,
  PRIMARY KEY (`projectid`),
  KEY `servicecontractsid` (`servicecontractsid`),
  KEY `linktoaccountscontacts` (`linktoaccountscontacts`)
) ENGINE=InnoDB DEFAULT CHARSET=utf8;

-- --------------------------------------------------------

--
-- Table structure for table `vtiger_projectcf`
--

CREATE TABLE IF NOT EXISTS `vtiger_projectcf` (
  `projectid` int(19) NOT NULL,
  PRIMARY KEY (`projectid`)
) ENGINE=InnoDB DEFAULT CHARSET=utf8;

-- --------------------------------------------------------

--
-- Table structure for table `vtiger_projectmilestone`
--

CREATE TABLE IF NOT EXISTS `vtiger_projectmilestone` (
  `projectmilestoneid` int(19) NOT NULL,
  `projectmilestonename` varchar(255) DEFAULT NULL,
  `projectmilestone_no` varchar(100) DEFAULT NULL,
  `projectmilestonedate` varchar(255) DEFAULT NULL,
  `projectid` int(19) DEFAULT NULL,
  `projectmilestonetype` varchar(100) DEFAULT NULL,
  PRIMARY KEY (`projectmilestoneid`),
  KEY `projectid` (`projectid`)
) ENGINE=InnoDB DEFAULT CHARSET=utf8;

-- --------------------------------------------------------

--
-- Table structure for table `vtiger_projectmilestonecf`
--

CREATE TABLE IF NOT EXISTS `vtiger_projectmilestonecf` (
  `projectmilestoneid` int(19) NOT NULL DEFAULT '0',
  PRIMARY KEY (`projectmilestoneid`)
) ENGINE=InnoDB DEFAULT CHARSET=utf8;

-- --------------------------------------------------------

--
-- Table structure for table `vtiger_projectmilestonetype`
--

CREATE TABLE IF NOT EXISTS `vtiger_projectmilestonetype` (
  `projectmilestonetypeid` int(11) NOT NULL AUTO_INCREMENT,
  `projectmilestonetype` varchar(200) NOT NULL,
  `presence` int(1) NOT NULL DEFAULT '1',
  `picklist_valueid` int(11) NOT NULL DEFAULT '0',
  `sortorderid` int(11) DEFAULT '0',
  PRIMARY KEY (`projectmilestonetypeid`)
) ENGINE=InnoDB  DEFAULT CHARSET=utf8 AUTO_INCREMENT=5 ;

--
-- Dumping data for table `vtiger_projectmilestonetype`
--

INSERT INTO `vtiger_projectmilestonetype` (`projectmilestonetypeid`, `projectmilestonetype`, `presence`, `picklist_valueid`, `sortorderid`) VALUES
(2, 'administrative', 1, 238, 2),
(3, 'operative', 1, 239, 3),
(4, 'other', 1, 240, 4);

-- --------------------------------------------------------

--
-- Table structure for table `vtiger_projectmilestonetype_seq`
--

CREATE TABLE IF NOT EXISTS `vtiger_projectmilestonetype_seq` (
  `id` int(11) NOT NULL
) ENGINE=InnoDB DEFAULT CHARSET=utf8;

--
-- Dumping data for table `vtiger_projectmilestonetype_seq`
--

INSERT INTO `vtiger_projectmilestonetype_seq` (`id`) VALUES
(4);

-- --------------------------------------------------------

--
-- Table structure for table `vtiger_projectpriority`
--

CREATE TABLE IF NOT EXISTS `vtiger_projectpriority` (
  `projectpriorityid` int(11) NOT NULL AUTO_INCREMENT,
  `projectpriority` varchar(200) NOT NULL,
  `presence` int(1) NOT NULL DEFAULT '1',
  `picklist_valueid` int(11) NOT NULL DEFAULT '0',
  `sortorderid` int(11) DEFAULT '0',
  PRIMARY KEY (`projectpriorityid`)
) ENGINE=InnoDB  DEFAULT CHARSET=utf8 AUTO_INCREMENT=5 ;

--
-- Dumping data for table `vtiger_projectpriority`
--

INSERT INTO `vtiger_projectpriority` (`projectpriorityid`, `projectpriority`, `presence`, `picklist_valueid`, `sortorderid`) VALUES
(2, 'low', 1, 274, 2),
(3, 'normal', 1, 275, 3),
(4, 'high', 1, 276, 4);

-- --------------------------------------------------------

--
-- Table structure for table `vtiger_projectpriority_seq`
--

CREATE TABLE IF NOT EXISTS `vtiger_projectpriority_seq` (
  `id` int(11) NOT NULL
) ENGINE=InnoDB DEFAULT CHARSET=utf8;

--
-- Dumping data for table `vtiger_projectpriority_seq`
--

INSERT INTO `vtiger_projectpriority_seq` (`id`) VALUES
(4);

-- --------------------------------------------------------

--
-- Table structure for table `vtiger_projectstatus`
--

CREATE TABLE IF NOT EXISTS `vtiger_projectstatus` (
  `projectstatusid` int(11) NOT NULL AUTO_INCREMENT,
  `projectstatus` varchar(200) NOT NULL,
  `presence` int(1) NOT NULL DEFAULT '1',
  `picklist_valueid` int(11) NOT NULL DEFAULT '0',
  `sortorderid` int(11) DEFAULT '0',
  PRIMARY KEY (`projectstatusid`)
) ENGINE=InnoDB  DEFAULT CHARSET=utf8 AUTO_INCREMENT=10 ;

--
-- Dumping data for table `vtiger_projectstatus`
--

INSERT INTO `vtiger_projectstatus` (`projectstatusid`, `projectstatus`, `presence`, `picklist_valueid`, `sortorderid`) VALUES
(2, 'prospecting', 1, 261, 2),
(3, 'initiated', 1, 262, 3),
(4, 'in progress', 1, 263, 4),
(5, 'waiting for feedback', 1, 264, 5),
(6, 'on hold', 1, 265, 6),
(7, 'completed', 1, 266, 7),
(8, 'delivered', 1, 267, 8),
(9, 'archived', 1, 268, 9);

-- --------------------------------------------------------

--
-- Table structure for table `vtiger_projectstatus_seq`
--

CREATE TABLE IF NOT EXISTS `vtiger_projectstatus_seq` (
  `id` int(11) NOT NULL
) ENGINE=InnoDB DEFAULT CHARSET=utf8;

--
-- Dumping data for table `vtiger_projectstatus_seq`
--

INSERT INTO `vtiger_projectstatus_seq` (`id`) VALUES
(9);

-- --------------------------------------------------------

--
-- Table structure for table `vtiger_projecttask`
--

CREATE TABLE IF NOT EXISTS `vtiger_projecttask` (
  `projecttaskid` int(19) NOT NULL,
  `projecttaskname` varchar(255) DEFAULT NULL,
  `projecttask_no` varchar(100) DEFAULT NULL,
  `projecttasktype` varchar(100) DEFAULT NULL,
  `projecttaskpriority` varchar(100) DEFAULT NULL,
  `projecttaskprogress` varchar(100) DEFAULT NULL,
  `startdate` date DEFAULT NULL,
  `enddate` date DEFAULT NULL,
  `projectid` int(19) DEFAULT NULL,
  `projecttasknumber` int(10) DEFAULT NULL,
  `projecttaskstatus` varchar(100) DEFAULT NULL,
  `sum_time` decimal(10,2) DEFAULT '0.00',
  `parentid` int(19) DEFAULT NULL,
  `projectmilestoneid` int(19) DEFAULT NULL,
  `targetenddate` date DEFAULT NULL,
  PRIMARY KEY (`projecttaskid`),
  KEY `parentid` (`parentid`),
  KEY `projectmilestoneid` (`projectmilestoneid`),
  KEY `projectid` (`projectid`)
) ENGINE=InnoDB DEFAULT CHARSET=utf8;

-- --------------------------------------------------------

--
-- Table structure for table `vtiger_projecttaskcf`
--

CREATE TABLE IF NOT EXISTS `vtiger_projecttaskcf` (
  `projecttaskid` int(19) NOT NULL DEFAULT '0',
  PRIMARY KEY (`projecttaskid`)
) ENGINE=InnoDB DEFAULT CHARSET=utf8;

-- --------------------------------------------------------

--
-- Table structure for table `vtiger_projecttaskpriority`
--

CREATE TABLE IF NOT EXISTS `vtiger_projecttaskpriority` (
  `projecttaskpriorityid` int(11) NOT NULL AUTO_INCREMENT,
  `projecttaskpriority` varchar(200) NOT NULL,
  `presence` int(1) NOT NULL DEFAULT '1',
  `picklist_valueid` int(11) NOT NULL DEFAULT '0',
  `sortorderid` int(11) DEFAULT '0',
  PRIMARY KEY (`projecttaskpriorityid`)
) ENGINE=InnoDB  DEFAULT CHARSET=utf8 AUTO_INCREMENT=5 ;

--
-- Dumping data for table `vtiger_projecttaskpriority`
--

INSERT INTO `vtiger_projecttaskpriority` (`projecttaskpriorityid`, `projecttaskpriority`, `presence`, `picklist_valueid`, `sortorderid`) VALUES
(2, 'low', 1, 246, 2),
(3, 'normal', 1, 247, 3),
(4, 'high', 1, 248, 4);

-- --------------------------------------------------------

--
-- Table structure for table `vtiger_projecttaskpriority_seq`
--

CREATE TABLE IF NOT EXISTS `vtiger_projecttaskpriority_seq` (
  `id` int(11) NOT NULL
) ENGINE=InnoDB DEFAULT CHARSET=utf8;

--
-- Dumping data for table `vtiger_projecttaskpriority_seq`
--

INSERT INTO `vtiger_projecttaskpriority_seq` (`id`) VALUES
(4);

-- --------------------------------------------------------

--
-- Table structure for table `vtiger_projecttaskprogress`
--

CREATE TABLE IF NOT EXISTS `vtiger_projecttaskprogress` (
  `projecttaskprogressid` int(11) NOT NULL AUTO_INCREMENT,
  `projecttaskprogress` varchar(200) NOT NULL,
  `presence` int(1) NOT NULL DEFAULT '1',
  `picklist_valueid` int(11) NOT NULL DEFAULT '0',
  `sortorderid` int(11) DEFAULT '0',
  PRIMARY KEY (`projecttaskprogressid`)
) ENGINE=InnoDB  DEFAULT CHARSET=utf8 AUTO_INCREMENT=12 ;

--
-- Dumping data for table `vtiger_projecttaskprogress`
--

INSERT INTO `vtiger_projecttaskprogress` (`projecttaskprogressid`, `projecttaskprogress`, `presence`, `picklist_valueid`, `sortorderid`) VALUES
(2, '10%', 1, 250, 2),
(3, '20%', 1, 251, 3),
(4, '30%', 1, 252, 4),
(5, '40%', 1, 253, 5),
(6, '50%', 1, 254, 6),
(7, '60%', 1, 255, 7),
(8, '70%', 1, 256, 8),
(9, '80%', 1, 257, 9),
(10, '90%', 1, 258, 10),
(11, '100%', 1, 259, 11);

-- --------------------------------------------------------

--
-- Table structure for table `vtiger_projecttaskprogress_seq`
--

CREATE TABLE IF NOT EXISTS `vtiger_projecttaskprogress_seq` (
  `id` int(11) NOT NULL
) ENGINE=InnoDB DEFAULT CHARSET=utf8;

--
-- Dumping data for table `vtiger_projecttaskprogress_seq`
--

INSERT INTO `vtiger_projecttaskprogress_seq` (`id`) VALUES
(11);

-- --------------------------------------------------------

--
-- Table structure for table `vtiger_projecttaskstatus`
--

CREATE TABLE IF NOT EXISTS `vtiger_projecttaskstatus` (
  `projecttaskstatusid` int(11) NOT NULL AUTO_INCREMENT,
  `projecttaskstatus` varchar(200) NOT NULL,
  `presence` int(1) NOT NULL DEFAULT '1',
  `picklist_valueid` int(11) NOT NULL DEFAULT '0',
  `sortorderid` int(11) DEFAULT '0',
  PRIMARY KEY (`projecttaskstatusid`)
) ENGINE=InnoDB  DEFAULT CHARSET=utf8 AUTO_INCREMENT=7 ;

--
-- Dumping data for table `vtiger_projecttaskstatus`
--

INSERT INTO `vtiger_projecttaskstatus` (`projecttaskstatusid`, `projecttaskstatus`, `presence`, `picklist_valueid`, `sortorderid`) VALUES
(2, 'Open', 0, 290, 2),
(3, 'In Progress', 0, 291, 3),
(4, 'Completed', 0, 292, 4),
(5, 'Deferred', 0, 293, 5),
(6, 'Cancelled', 0, 294, 6);

-- --------------------------------------------------------

--
-- Table structure for table `vtiger_projecttaskstatus_seq`
--

CREATE TABLE IF NOT EXISTS `vtiger_projecttaskstatus_seq` (
  `id` int(11) NOT NULL
) ENGINE=InnoDB DEFAULT CHARSET=utf8;

--
-- Dumping data for table `vtiger_projecttaskstatus_seq`
--

INSERT INTO `vtiger_projecttaskstatus_seq` (`id`) VALUES
(6);

-- --------------------------------------------------------

--
-- Table structure for table `vtiger_projecttasktype`
--

CREATE TABLE IF NOT EXISTS `vtiger_projecttasktype` (
  `projecttasktypeid` int(11) NOT NULL AUTO_INCREMENT,
  `projecttasktype` varchar(200) NOT NULL,
  `presence` int(1) NOT NULL DEFAULT '1',
  `picklist_valueid` int(11) NOT NULL DEFAULT '0',
  `sortorderid` int(11) DEFAULT '0',
  PRIMARY KEY (`projecttasktypeid`)
) ENGINE=InnoDB  DEFAULT CHARSET=utf8 AUTO_INCREMENT=5 ;

--
-- Dumping data for table `vtiger_projecttasktype`
--

INSERT INTO `vtiger_projecttasktype` (`projecttasktypeid`, `projecttasktype`, `presence`, `picklist_valueid`, `sortorderid`) VALUES
(2, 'administrative', 1, 242, 2),
(3, 'operative', 1, 243, 3),
(4, 'other', 1, 244, 4);

-- --------------------------------------------------------

--
-- Table structure for table `vtiger_projecttasktype_seq`
--

CREATE TABLE IF NOT EXISTS `vtiger_projecttasktype_seq` (
  `id` int(11) NOT NULL
) ENGINE=InnoDB DEFAULT CHARSET=utf8;

--
-- Dumping data for table `vtiger_projecttasktype_seq`
--

INSERT INTO `vtiger_projecttasktype_seq` (`id`) VALUES
(4);

-- --------------------------------------------------------

--
-- Table structure for table `vtiger_projecttype`
--

CREATE TABLE IF NOT EXISTS `vtiger_projecttype` (
  `projecttypeid` int(11) NOT NULL AUTO_INCREMENT,
  `projecttype` varchar(200) NOT NULL,
  `presence` int(1) NOT NULL DEFAULT '1',
  `picklist_valueid` int(11) NOT NULL DEFAULT '0',
  `sortorderid` int(11) DEFAULT '0',
  PRIMARY KEY (`projecttypeid`)
) ENGINE=InnoDB  DEFAULT CHARSET=utf8 AUTO_INCREMENT=5 ;

--
-- Dumping data for table `vtiger_projecttype`
--

INSERT INTO `vtiger_projecttype` (`projecttypeid`, `projecttype`, `presence`, `picklist_valueid`, `sortorderid`) VALUES
(2, 'administrative', 1, 270, 2),
(3, 'operative', 1, 271, 3),
(4, 'other', 1, 272, 4);

-- --------------------------------------------------------

--
-- Table structure for table `vtiger_projecttype_seq`
--

CREATE TABLE IF NOT EXISTS `vtiger_projecttype_seq` (
  `id` int(11) NOT NULL
) ENGINE=InnoDB DEFAULT CHARSET=utf8;

--
-- Dumping data for table `vtiger_projecttype_seq`
--

INSERT INTO `vtiger_projecttype_seq` (`id`) VALUES
(4);

-- --------------------------------------------------------

--
-- Table structure for table `vtiger_pscategory`
--

CREATE TABLE IF NOT EXISTS `vtiger_pscategory` (
  `pscategoryid` int(11) NOT NULL AUTO_INCREMENT,
  `pscategory` varchar(200) NOT NULL,
  `presence` int(1) NOT NULL DEFAULT '1',
  `picklist_valueid` int(11) NOT NULL DEFAULT '0',
  `sortorderid` int(11) DEFAULT '0',
  PRIMARY KEY (`pscategoryid`)
) ENGINE=InnoDB  DEFAULT CHARSET=utf8 AUTO_INCREMENT=6 ;

--
-- Dumping data for table `vtiger_pscategory`
--

INSERT INTO `vtiger_pscategory` (`pscategoryid`, `pscategory`, `presence`, `picklist_valueid`, `sortorderid`) VALUES
(1, 'Hardware', 1, 406, 1),
(2, 'Software', 1, 407, 2),
(3, 'CRM Applications', 1, 408, 3),
(4, 'Antivirus', 1, 409, 4),
(5, 'Backup', 1, 410, 5);

-- --------------------------------------------------------

--
-- Table structure for table `vtiger_pscategory_seq`
--

CREATE TABLE IF NOT EXISTS `vtiger_pscategory_seq` (
  `id` int(11) NOT NULL
) ENGINE=InnoDB DEFAULT CHARSET=utf8;

--
-- Dumping data for table `vtiger_pscategory_seq`
--

INSERT INTO `vtiger_pscategory_seq` (`id`) VALUES
(5);

-- --------------------------------------------------------

--
-- Table structure for table `vtiger_pssubcategory`
--

CREATE TABLE IF NOT EXISTS `vtiger_pssubcategory` (
  `pssubcategoryid` int(11) NOT NULL AUTO_INCREMENT,
  `pssubcategory` varchar(200) NOT NULL,
  `presence` int(1) NOT NULL DEFAULT '1',
  `picklist_valueid` int(11) NOT NULL DEFAULT '0',
  `sortorderid` int(11) DEFAULT '0',
  PRIMARY KEY (`pssubcategoryid`)
) ENGINE=InnoDB  DEFAULT CHARSET=utf8 AUTO_INCREMENT=6 ;

--
-- Dumping data for table `vtiger_pssubcategory`
--

INSERT INTO `vtiger_pssubcategory` (`pssubcategoryid`, `pssubcategory`, `presence`, `picklist_valueid`, `sortorderid`) VALUES
(1, 'Dell', 1, 411, 1),
(2, 'Symantec', 1, 412, 2),
(3, 'Eset', 1, 413, 3),
(4, 'Kaspersky', 1, 414, 4),
(5, 'Sophos', 1, 415, 5);

-- --------------------------------------------------------

--
-- Table structure for table `vtiger_pssubcategory_seq`
--

CREATE TABLE IF NOT EXISTS `vtiger_pssubcategory_seq` (
  `id` int(11) NOT NULL
) ENGINE=InnoDB DEFAULT CHARSET=utf8;

--
-- Dumping data for table `vtiger_pssubcategory_seq`
--

INSERT INTO `vtiger_pssubcategory_seq` (`id`) VALUES
(5);

-- --------------------------------------------------------

--
-- Table structure for table `vtiger_purchaseorder`
--

CREATE TABLE IF NOT EXISTS `vtiger_purchaseorder` (
  `purchaseorderid` int(19) NOT NULL DEFAULT '0',
  `subject` varchar(100) DEFAULT NULL,
  `quoteid` int(19) DEFAULT NULL,
  `vendorid` int(19) DEFAULT NULL,
  `requisition_no` varchar(100) DEFAULT NULL,
  `purchaseorder_no` varchar(100) DEFAULT NULL,
  `tracking_no` varchar(100) DEFAULT NULL,
  `contactid` int(19) DEFAULT NULL,
  `duedate` date DEFAULT NULL,
  `carrier` varchar(200) DEFAULT NULL,
  `type` varchar(100) DEFAULT NULL,
  `salescommission` decimal(25,3) DEFAULT NULL,
  `exciseduty` decimal(25,3) DEFAULT NULL,
  `total` decimal(25,8) DEFAULT NULL,
  `subtotal` decimal(25,8) DEFAULT NULL,
  `taxtype` varchar(25) DEFAULT NULL,
  `discount_percent` decimal(25,3) DEFAULT NULL,
  `discount_amount` decimal(25,8) DEFAULT NULL,
  `terms_conditions` text,
  `postatus` varchar(200) DEFAULT NULL,
  `currency_id` int(19) NOT NULL DEFAULT '1',
  `conversion_rate` decimal(10,3) NOT NULL DEFAULT '1.000',
  `pre_tax_total` decimal(25,8) DEFAULT NULL,
  `paid` decimal(25,8) DEFAULT NULL,
  `balance` decimal(25,8) DEFAULT NULL,
  `total_purchase` decimal(13,2) DEFAULT NULL,
  `total_margin` decimal(13,2) DEFAULT NULL,
  `total_marginp` decimal(13,2) DEFAULT NULL,
  PRIMARY KEY (`purchaseorderid`),
  KEY `purchaseorder_vendorid_idx` (`vendorid`),
  KEY `purchaseorder_quoteid_idx` (`quoteid`),
  KEY `purchaseorder_contactid_idx` (`contactid`)
) ENGINE=InnoDB DEFAULT CHARSET=utf8;

-- --------------------------------------------------------

--
-- Table structure for table `vtiger_purchaseorderaddress`
--

CREATE TABLE IF NOT EXISTS `vtiger_purchaseorderaddress` (
  `purchaseorderaddressid` int(19) NOT NULL,
  `addresslevel1a` varchar(255) DEFAULT NULL,
  `addresslevel1b` varchar(255) DEFAULT NULL,
  `addresslevel2a` varchar(255) DEFAULT NULL,
  `addresslevel2b` varchar(255) DEFAULT NULL,
  `addresslevel3a` varchar(255) DEFAULT NULL,
  `addresslevel3b` varchar(255) DEFAULT NULL,
  `addresslevel4a` varchar(255) DEFAULT NULL,
  `addresslevel4b` varchar(255) DEFAULT NULL,
  `addresslevel5a` varchar(255) DEFAULT NULL,
  `addresslevel5b` varchar(255) DEFAULT NULL,
  `addresslevel6a` varchar(255) DEFAULT NULL,
  `addresslevel6b` varchar(255) DEFAULT NULL,
  `addresslevel7a` varchar(255) DEFAULT NULL,
  `addresslevel7b` varchar(255) DEFAULT NULL,
  `addresslevel8a` varchar(255) DEFAULT NULL,
  `addresslevel8b` varchar(255) DEFAULT NULL,
  `buildingnumbera` varchar(100) DEFAULT NULL,
  `localnumbera` varchar(100) DEFAULT NULL,
  `buildingnumberb` varchar(100) DEFAULT NULL,
  `localnumberb` varchar(100) DEFAULT NULL,
  `poboxa` varchar(50) DEFAULT NULL,
  `poboxb` varchar(50) DEFAULT NULL,
  PRIMARY KEY (`purchaseorderaddressid`)
) ENGINE=InnoDB DEFAULT CHARSET=utf8;

-- --------------------------------------------------------

--
-- Table structure for table `vtiger_purchaseordercf`
--

CREATE TABLE IF NOT EXISTS `vtiger_purchaseordercf` (
  `purchaseorderid` int(19) NOT NULL DEFAULT '0',
  PRIMARY KEY (`purchaseorderid`)
) ENGINE=InnoDB DEFAULT CHARSET=utf8;

-- --------------------------------------------------------

--
-- Table structure for table `vtiger_quotes`
--

CREATE TABLE IF NOT EXISTS `vtiger_quotes` (
  `quoteid` int(19) NOT NULL DEFAULT '0',
  `subject` varchar(100) DEFAULT NULL,
  `potentialid` int(19) DEFAULT NULL,
  `quotestage` varchar(200) DEFAULT NULL,
  `validtill` date DEFAULT NULL,
  `contactid` int(19) DEFAULT NULL,
  `quote_no` varchar(100) DEFAULT NULL,
  `subtotal` decimal(25,8) DEFAULT NULL,
  `carrier` varchar(200) DEFAULT NULL,
  `shipping` varchar(100) DEFAULT NULL,
  `type` varchar(100) DEFAULT NULL,
  `total` decimal(25,8) DEFAULT NULL,
  `taxtype` varchar(25) DEFAULT NULL,
  `discount_percent` decimal(25,3) DEFAULT NULL,
  `discount_amount` decimal(25,8) DEFAULT NULL,
  `accountid` int(19) DEFAULT NULL,
  `terms_conditions` text,
  `currency_id` int(19) NOT NULL DEFAULT '1',
  `conversion_rate` decimal(10,3) NOT NULL DEFAULT '1.000',
  `pre_tax_total` decimal(25,8) DEFAULT NULL,
  `sum_time` decimal(10,2) DEFAULT '0.00',
  `total_purchase` decimal(13,2) DEFAULT NULL,
  `total_margin` decimal(13,2) DEFAULT NULL,
  `total_marginp` decimal(13,2) DEFAULT NULL,
  `form_payment` varchar(255) DEFAULT '',
  PRIMARY KEY (`quoteid`),
  KEY `quote_quotestage_idx` (`quotestage`),
  KEY `quotes_potentialid_idx` (`potentialid`),
  KEY `quotes_contactid_idx` (`contactid`),
  KEY `accountid` (`accountid`)
) ENGINE=InnoDB DEFAULT CHARSET=utf8;

-- --------------------------------------------------------

--
-- Table structure for table `vtiger_quotesaddress`
--

CREATE TABLE IF NOT EXISTS `vtiger_quotesaddress` (
  `quoteaddressid` int(19) NOT NULL,
  `addresslevel1a` varchar(255) DEFAULT NULL,
  `addresslevel1b` varchar(255) DEFAULT NULL,
  `addresslevel2a` varchar(255) DEFAULT NULL,
  `addresslevel2b` varchar(255) DEFAULT NULL,
  `addresslevel3a` varchar(255) DEFAULT NULL,
  `addresslevel3b` varchar(255) DEFAULT NULL,
  `addresslevel4a` varchar(255) DEFAULT NULL,
  `addresslevel4b` varchar(255) DEFAULT NULL,
  `addresslevel5a` varchar(255) DEFAULT NULL,
  `addresslevel5b` varchar(255) DEFAULT NULL,
  `addresslevel6a` varchar(255) DEFAULT NULL,
  `addresslevel6b` varchar(255) DEFAULT NULL,
  `addresslevel7a` varchar(255) DEFAULT NULL,
  `addresslevel7b` varchar(255) DEFAULT NULL,
  `addresslevel8a` varchar(255) DEFAULT NULL,
  `addresslevel8b` varchar(255) DEFAULT NULL,
  `buildingnumbera` varchar(100) DEFAULT NULL,
  `localnumbera` varchar(100) DEFAULT NULL,
  `buildingnumberb` varchar(100) DEFAULT NULL,
  `localnumberb` varchar(100) DEFAULT NULL,
  `poboxa` varchar(50) DEFAULT NULL,
  `poboxb` varchar(50) DEFAULT NULL,
  PRIMARY KEY (`quoteaddressid`)
) ENGINE=InnoDB DEFAULT CHARSET=utf8;

-- --------------------------------------------------------

--
-- Table structure for table `vtiger_quotescf`
--

CREATE TABLE IF NOT EXISTS `vtiger_quotescf` (
  `quoteid` int(19) NOT NULL DEFAULT '0',
  PRIMARY KEY (`quoteid`)
) ENGINE=InnoDB DEFAULT CHARSET=utf8;

-- --------------------------------------------------------

--
-- Table structure for table `vtiger_quotestage`
--

CREATE TABLE IF NOT EXISTS `vtiger_quotestage` (
  `quotestageid` int(19) NOT NULL AUTO_INCREMENT,
  `quotestage` varchar(200) NOT NULL,
  `presence` int(1) NOT NULL DEFAULT '1',
  `picklist_valueid` int(19) NOT NULL DEFAULT '0',
  `sortorderid` int(11) DEFAULT NULL,
  PRIMARY KEY (`quotestageid`),
  UNIQUE KEY `quotestage_quotestage_idx` (`quotestage`)
) ENGINE=InnoDB  DEFAULT CHARSET=utf8 AUTO_INCREMENT=6 ;

--
-- Dumping data for table `vtiger_quotestage`
--

INSERT INTO `vtiger_quotestage` (`quotestageid`, `quotestage`, `presence`, `picklist_valueid`, `sortorderid`) VALUES
(1, 'Created', 0, 139, 0),
(2, 'Delivered', 0, 140, 1),
(3, 'Reviewed', 0, 141, 2),
(4, 'Accepted', 0, 142, 3),
(5, 'Rejected', 0, 143, 4);

-- --------------------------------------------------------

--
-- Table structure for table `vtiger_quotestagehistory`
--

CREATE TABLE IF NOT EXISTS `vtiger_quotestagehistory` (
  `historyid` int(19) NOT NULL AUTO_INCREMENT,
  `quoteid` int(19) NOT NULL,
  `accountname` varchar(100) DEFAULT NULL,
  `total` decimal(10,0) DEFAULT NULL,
  `quotestage` varchar(200) DEFAULT NULL,
  `lastmodified` datetime DEFAULT NULL,
  PRIMARY KEY (`historyid`),
  KEY `quotestagehistory_quoteid_idx` (`quoteid`)
) ENGINE=InnoDB DEFAULT CHARSET=utf8 AUTO_INCREMENT=1 ;

-- --------------------------------------------------------

--
-- Table structure for table `vtiger_quotestage_seq`
--

CREATE TABLE IF NOT EXISTS `vtiger_quotestage_seq` (
  `id` int(11) NOT NULL
) ENGINE=InnoDB DEFAULT CHARSET=utf8;

--
-- Dumping data for table `vtiger_quotestage_seq`
--

INSERT INTO `vtiger_quotestage_seq` (`id`) VALUES
(5);

-- --------------------------------------------------------

--
-- Table structure for table `vtiger_recurringevents`
--

CREATE TABLE IF NOT EXISTS `vtiger_recurringevents` (
  `recurringid` int(19) NOT NULL AUTO_INCREMENT,
  `activityid` int(19) NOT NULL,
  `recurringdate` date DEFAULT NULL,
  `recurringtype` varchar(30) DEFAULT NULL,
  `recurringfreq` int(19) DEFAULT NULL,
  `recurringinfo` varchar(50) DEFAULT NULL,
  `recurringenddate` date DEFAULT NULL,
  PRIMARY KEY (`recurringid`),
  KEY `fk_1_vtiger_recurringevents` (`activityid`)
) ENGINE=InnoDB DEFAULT CHARSET=utf8 AUTO_INCREMENT=1 ;

-- --------------------------------------------------------

--
-- Table structure for table `vtiger_recurringtype`
--

CREATE TABLE IF NOT EXISTS `vtiger_recurringtype` (
  `recurringeventid` int(19) NOT NULL AUTO_INCREMENT,
  `recurringtype` varchar(200) NOT NULL,
  `sortorderid` int(19) NOT NULL DEFAULT '0',
  `presence` int(1) NOT NULL DEFAULT '1',
  PRIMARY KEY (`recurringeventid`),
  UNIQUE KEY `recurringtype_status_idx` (`recurringtype`)
) ENGINE=InnoDB  DEFAULT CHARSET=utf8 AUTO_INCREMENT=6 ;

--
-- Dumping data for table `vtiger_recurringtype`
--

INSERT INTO `vtiger_recurringtype` (`recurringeventid`, `recurringtype`, `sortorderid`, `presence`) VALUES
(2, 'Daily', 1, 1),
(3, 'Weekly', 2, 1),
(4, 'Monthly', 3, 1),
(5, 'Yearly', 4, 1);

-- --------------------------------------------------------

--
-- Table structure for table `vtiger_recurringtype_seq`
--

CREATE TABLE IF NOT EXISTS `vtiger_recurringtype_seq` (
  `id` int(11) NOT NULL
) ENGINE=InnoDB DEFAULT CHARSET=utf8;

--
-- Dumping data for table `vtiger_recurringtype_seq`
--

INSERT INTO `vtiger_recurringtype_seq` (`id`) VALUES
(5);

-- --------------------------------------------------------

--
-- Table structure for table `vtiger_recurring_frequency`
--

CREATE TABLE IF NOT EXISTS `vtiger_recurring_frequency` (
  `recurring_frequency_id` int(11) DEFAULT NULL,
  `recurring_frequency` varchar(200) DEFAULT NULL,
  `sortorderid` int(11) DEFAULT NULL,
  `presence` int(11) DEFAULT NULL
) ENGINE=InnoDB DEFAULT CHARSET=utf8;

--
-- Dumping data for table `vtiger_recurring_frequency`
--

INSERT INTO `vtiger_recurring_frequency` (`recurring_frequency_id`, `recurring_frequency`, `sortorderid`, `presence`) VALUES
(2, 'Daily', 1, 1),
(3, 'Weekly', 2, 1),
(4, 'Monthly', 3, 1),
(5, 'Quarterly', 4, 1),
(6, 'Yearly', 5, 1);

-- --------------------------------------------------------

--
-- Table structure for table `vtiger_recurring_frequency_seq`
--

CREATE TABLE IF NOT EXISTS `vtiger_recurring_frequency_seq` (
  `id` int(11) NOT NULL
) ENGINE=InnoDB DEFAULT CHARSET=utf8;

--
-- Dumping data for table `vtiger_recurring_frequency_seq`
--

INSERT INTO `vtiger_recurring_frequency_seq` (`id`) VALUES
(6);

-- --------------------------------------------------------

--
-- Table structure for table `vtiger_relatedlists`
--

CREATE TABLE IF NOT EXISTS `vtiger_relatedlists` (
  `relation_id` int(19) NOT NULL,
  `tabid` int(10) DEFAULT NULL,
  `related_tabid` int(10) DEFAULT NULL,
  `name` varchar(100) DEFAULT NULL,
  `sequence` int(10) DEFAULT NULL,
  `label` varchar(100) DEFAULT NULL,
  `presence` int(10) NOT NULL DEFAULT '0',
  `actions` varchar(50) NOT NULL DEFAULT '',
  PRIMARY KEY (`relation_id`),
  KEY `relatedlists_relation_id_idx` (`relation_id`),
  KEY `tabid` (`tabid`),
  KEY `related_tabid` (`related_tabid`),
  KEY `tabid_2` (`tabid`,`related_tabid`),
  KEY `tabid_3` (`tabid`,`related_tabid`,`label`),
  KEY `tabid_4` (`tabid`,`related_tabid`,`presence`)
) ENGINE=InnoDB DEFAULT CHARSET=utf8;

--
-- Dumping data for table `vtiger_relatedlists`
--

INSERT INTO `vtiger_relatedlists` (`relation_id`, `tabid`, `related_tabid`, `name`, `sequence`, `label`, `presence`, `actions`) VALUES
(1, 6, 4, 'get_contacts', 1, 'Contacts', 0, 'add'),
(2, 6, 2, 'get_opportunities', 2, 'Potentials', 0, 'add'),
(3, 6, 20, 'get_quotes', 3, 'Quotes', 0, 'add'),
(4, 6, 22, 'get_salesorder', 4, 'Sales Order', 0, 'add'),
(5, 6, 23, 'get_invoices', 5, 'Invoice', 0, 'add'),
(6, 6, 9, 'get_activities', 6, 'Activities', 0, 'add'),
(7, 6, 54, 'get_related_list', 7, 'OSSMailView', 0, ''),
(8, 6, 9, 'get_history', 8, 'Activity History', 0, 'add'),
(9, 6, 8, 'get_attachments', 9, 'Documents', 0, 'add,select'),
(10, 6, 13, 'get_tickets', 10, 'HelpDesk', 0, 'add'),
(11, 6, 14, 'get_products', 20, 'Products', 1, 'select'),
(12, 7, 9, 'get_activities', 2, 'Activities', 0, 'add'),
(13, 7, 54, 'get_related_list', 5, 'OSSMailView', 0, ''),
(14, 7, 9, 'get_history', 3, 'Activity History', 0, 'add'),
(15, 7, 8, 'get_attachments', 4, 'Documents', 0, 'add,select'),
(16, 7, 14, 'get_products', 9, 'Products', 1, 'select'),
(17, 7, 26, 'get_campaigns', 7, 'Campaigns', 0, 'select'),
(18, 4, 2, 'get_opportunities', 1, 'Potentials', 0, 'add'),
(19, 4, 9, 'get_activities', 2, 'Activities', 0, 'add'),
(20, 4, 54, 'get_related_list', 3, 'OSSMailView', 0, ''),
(21, 4, 13, 'get_tickets', 4, 'HelpDesk', 0, 'add'),
(22, 4, 20, 'get_quotes', 5, 'Quotes', 0, 'add'),
(23, 4, 21, 'get_purchase_orders', 6, 'Purchase Order', 0, 'add'),
(24, 4, 22, 'get_salesorder', 7, 'Sales Order', 0, 'add'),
(25, 4, 14, 'get_products', 17, 'Products', 0, 'select'),
(26, 4, 9, 'get_history', 9, 'Activity History', 0, 'add'),
(27, 4, 8, 'get_attachments', 8, 'Documents', 0, 'add,select'),
(28, 4, 26, 'get_campaigns', 10, 'Campaigns', 0, 'select'),
(29, 4, 23, 'get_invoices', 11, 'Invoice', 0, 'add'),
(30, 2, 9, 'get_activities', 1, 'Activities', 0, 'add'),
(31, 2, 4, 'get_contacts', 2, 'Contacts', 0, 'select'),
(32, 2, 14, 'get_products', 18, 'Products', 1, 'select'),
(33, 2, 0, 'get_stage_history', 4, 'Sales Stage History', 0, ''),
(34, 2, 8, 'get_attachments', 3, 'Documents', 0, 'add,select'),
(35, 2, 20, 'get_Quotes', 5, 'Quotes', 0, 'add'),
(36, 2, 22, 'get_salesorder', 6, 'Sales Order', 0, 'add'),
(37, 2, 9, 'get_history', 8, 'Activity History', 0, ''),
(38, 14, 13, 'get_tickets', 1, 'HelpDesk', 0, 'add'),
(39, 14, 8, 'get_attachments', 3, 'Documents', 0, 'add,select'),
(40, 14, 20, 'get_quotes', 4, 'Quotes', 0, 'add'),
(41, 14, 21, 'get_purchase_orders', 5, 'Purchase Order', 0, 'add'),
(42, 14, 22, 'get_salesorder', 6, 'Sales Order', 0, 'add'),
(43, 14, 23, 'get_invoices', 7, 'Invoice', 0, 'add'),
(44, 14, 19, 'get_product_pricebooks', 8, 'PriceBooks', 0, 'ADD,SELECT'),
(45, 14, 7, 'get_leads', 9, 'Leads', 0, 'select'),
(46, 14, 6, 'get_accounts', 10, 'Accounts', 0, 'select'),
(47, 14, 4, 'get_contacts', 11, 'Contacts', 0, 'select'),
(48, 14, 2, 'get_opportunities', 12, 'Potentials', 0, 'select'),
(49, 14, 14, 'get_products', 13, 'Product Bundles', 0, 'add,select'),
(50, 14, 14, 'get_parent_products', 14, 'Parent Product', 0, ''),
(51, 10, 4, 'get_contacts', 1, 'Contacts', 0, 'select,bulkmail'),
(52, 10, 0, 'get_users', 2, 'Users', 0, ''),
(53, 10, 8, 'get_attachments', 3, 'Documents', 0, 'add,select'),
(54, 13, 9, 'get_activities', 1, 'Activities', 0, 'add'),
(55, 13, 8, 'get_attachments', 2, 'Documents', 0, 'add,select'),
(56, 13, 0, 'get_ticket_history', 3, 'Ticket History', 0, ''),
(57, 13, 9, 'get_history', 4, 'Activity History', 0, 'add'),
(58, 19, 14, 'get_pricebook_products', 2, 'Products', 0, 'select'),
(59, 18, 14, 'get_products', 1, 'Products', 0, 'add,select'),
(60, 18, 21, 'get_purchase_orders', 2, 'Purchase Order', 0, 'add'),
(61, 18, 4, 'get_contacts', 3, 'Contacts', 0, 'select'),
(62, 18, 54, 'get_related_list', 4, 'OSSMailView', 0, ''),
(63, 20, 22, 'get_salesorder', 1, 'Sales Order', 0, ''),
(64, 20, 9, 'get_activities', 2, 'Activities', 0, 'add'),
(65, 20, 8, 'get_attachments', 3, 'Documents', 0, 'add,select'),
(66, 20, 9, 'get_history', 4, 'Activity History', 0, ''),
(67, 20, 0, 'get_quotestagehistory', 5, 'Quote Stage History', 0, ''),
(68, 21, 9, 'get_activities', 1, 'Activities', 0, 'add'),
(69, 21, 8, 'get_attachments', 2, 'Documents', 0, 'add,select'),
(70, 21, 9, 'get_history', 3, 'Activity History', 0, ''),
(71, 21, 0, 'get_postatushistory', 4, 'PurchaseOrder Status History', 0, ''),
(72, 22, 9, 'get_activities', 1, 'Activities', 0, 'add'),
(73, 22, 8, 'get_attachments', 2, 'Documents', 0, 'add,select'),
(74, 22, 23, 'get_invoices', 3, 'Invoice', 0, ''),
(75, 22, 9, 'get_history', 4, 'Activity History', 0, ''),
(76, 22, 0, 'get_sostatushistory', 5, 'SalesOrder Status History', 0, ''),
(77, 23, 9, 'get_activities', 1, 'Activities', 0, 'add'),
(78, 23, 8, 'get_attachments', 2, 'Documents', 0, 'add,select'),
(79, 23, 9, 'get_history', 3, 'Activity History', 0, ''),
(80, 23, 0, 'get_invoicestatushistory', 4, 'Invoice Status History', 0, ''),
(81, 9, 0, 'get_users', 1, 'Users', 0, ''),
(82, 9, 4, 'get_contacts', 2, 'Contacts', 0, ''),
(83, 26, 4, 'get_contacts', 1, 'Contacts', 0, 'add,select'),
(84, 26, 7, 'get_leads', 2, 'Leads', 0, 'add,select'),
(85, 26, 2, 'get_opportunities', 3, 'Potentials', 0, 'add'),
(86, 26, 9, 'get_activities', 4, 'Activities', 0, 'add'),
(87, 6, 26, 'get_campaigns', 11, 'Campaigns', 0, 'select'),
(88, 26, 6, 'get_accounts', 5, 'Accounts', 0, 'add,select'),
(89, 15, 8, 'get_attachments', 1, 'Documents', 0, 'add,select'),
(90, 4, 33, 'get_dependents_list', 12, 'PBXManager', 0, ''),
(91, 7, 33, 'get_dependents_list', 8, 'PBXManager', 0, ''),
(92, 6, 33, 'get_dependents_list', 13, 'PBXManager', 0, ''),
(95, 6, 34, 'get_dependents_list', 14, 'Service Contracts', 0, 'ADD'),
(96, 4, 34, 'get_dependents_list', 13, 'Service Contracts', 0, 'ADD'),
(109, 13, 35, 'get_related_list', 6, 'Services', 0, 'SELECT'),
(110, 7, 35, 'get_related_list', 17, 'Services', 1, 'SELECT'),
(111, 6, 35, 'get_related_list', 23, 'Services', 1, 'SELECT'),
(112, 4, 35, 'get_related_list', 20, 'Services', 0, 'SELECT'),
(113, 2, 35, 'get_related_list', 12, 'Services', 1, 'SELECT'),
(114, 19, 35, 'get_pricebook_services', 3, 'Services', 0, 'SELECT'),
(117, 6, 37, 'get_dependents_list', 21, 'Assets', 1, 'ADD'),
(118, 14, 37, 'get_dependents_list', 15, 'Assets', 0, 'ADD'),
(119, 23, 37, 'get_dependents_list', 5, 'Assets', 0, 'ADD'),
(126, 6, 43, 'get_dependents_list', 15, 'Projects', 0, 'add'),
(127, 4, 43, 'get_dependents_list', 14, 'Projects', 0, 'add'),
(156, 4, 37, 'get_dependents_list', 18, 'Assets', 0, 'ADD'),
(157, 34, 13, 'get_dependents_list', 2, 'HelpDesk', 0, 'ADD'),
(158, 34, 8, 'get_attachments', 3, 'Documents', 0, 'ADD,SELECT'),
(159, 35, 13, 'get_related_list', 1, 'HelpDesk', 0, 'ADD,SELECT'),
(160, 35, 20, 'get_quotes', 2, 'Quotes', 0, 'ADD'),
(161, 35, 21, 'get_purchase_orders', 3, 'Purchase Order', 0, 'ADD'),
(162, 35, 22, 'get_salesorder', 4, 'Sales Order', 0, 'ADD'),
(163, 35, 23, 'get_invoices', 5, 'Invoice', 0, 'ADD'),
(164, 35, 19, 'get_service_pricebooks', 6, 'PriceBooks', 0, 'ADD'),
(165, 35, 7, 'get_related_list', 7, 'Leads', 0, 'SELECT'),
(166, 35, 6, 'get_related_list', 8, 'Accounts', 0, 'SELECT'),
(167, 35, 4, 'get_related_list', 9, 'Contacts', 0, 'SELECT'),
(168, 35, 2, 'get_related_list', 10, 'Potentials', 0, 'SELECT'),
(169, 35, 8, 'get_attachments', 11, 'Documents', 0, 'ADD,SELECT'),
(170, 37, 13, 'get_related_list', 1, 'HelpDesk', 0, 'ADD,SELECT'),
(171, 37, 8, 'get_attachments', 2, 'Documents', 0, 'ADD,SELECT'),
(172, 42, 8, 'get_attachments', 1, 'Documents', 0, 'ADD,SELECT'),
(173, 43, 42, 'get_dependents_list', 2, 'Project Tasks', 0, 'ADD'),
(174, 43, 41, 'get_dependents_list', 3, 'Project Milestones', 0, 'ADD'),
(175, 43, 8, 'get_attachments', 4, 'Documents', 0, 'ADD,SELECT'),
(176, 43, 13, 'get_dependents_list', 6, 'HelpDesk', 0, 'ADD'),
(177, 43, 0, 'get_gantt_chart', 5, 'Charts', 0, ''),
(178, 45, 6, 'get_related_list', 1, 'Accounts', 0, ' '),
(179, 45, 4, 'get_related_list', 2, 'Contacts', 0, ' '),
(180, 45, 7, 'get_related_list', 3, 'Leads', 0, ' '),
(181, 4, 18, 'get_vendors', 15, 'Vendors', 0, 'SELECT'),
(182, 51, 8, 'get_attachments', 1, 'Documents', 0, 'ADD,SELECT'),
(183, 6, 51, 'get_dependents_list', 16, 'OSSTimeControl', 0, 'ADD'),
(184, 4, 51, 'get_dependents_list', 16, 'OSSTimeControl', 0, 'ADD'),
(185, 13, 51, 'get_dependents_list', 8, 'OSSTimeControl', 0, 'ADD'),
(186, 43, 51, 'get_dependents_list', 8, 'OSSTimeControl', 0, 'ADD'),
(187, 42, 51, 'get_dependents_list', 2, 'OSSTimeControl', 0, 'ADD'),
(188, 34, 51, 'get_dependents_list', 5, 'OSSTimeControl', 0, 'ADD'),
(189, 37, 51, 'get_dependents_list', 3, 'OSSTimeControl', 0, 'ADD'),
(190, 22, 51, 'get_dependents_list', 6, 'OSSTimeControl', 0, 'ADD'),
(191, 2, 51, 'get_dependents_list', 7, 'OSSTimeControl', 0, 'ADD'),
(192, 20, 51, 'get_dependents_list', 6, 'OSSTimeControl', 0, 'ADD'),
(193, 54, 8, 'get_attachments', 1, 'Documents', 0, 'ADD,SELECT'),
(194, 54, 6, 'get_related_list', 2, 'Accounts', 0, 'ADD,SELECT'),
(195, 54, 4, 'get_related_list', 3, 'Contacts', 0, 'ADD,SELECT'),
(196, 54, 7, 'get_related_list', 4, 'Leads', 0, 'ADD,SELECT'),
(197, 54, 2, 'get_related_list', 5, 'Potentials', 0, 'ADD,SELECT'),
(198, 54, 13, 'get_related_list', 6, 'HelpDesk', 0, 'ADD,SELECT'),
(199, 54, 43, 'get_related_list', 7, 'Project', 0, 'ADD,SELECT'),
(200, 54, 34, 'get_related_list', 8, 'ServiceContracts', 0, 'ADD,SELECT'),
(201, 54, 26, 'get_related_list', 9, 'Campaigns', 0, 'ADD,SELECT'),
(207, 34, 54, 'get_related_list', 6, 'OSSMailView', 0, 'SELECT'),
(208, 13, 54, 'get_related_list', 10, 'OSSMailView', 0, 'SELECT'),
(209, 2, 54, 'get_related_list', 11, 'OSSMailView', 0, 'SELECT'),
(210, 43, 54, 'get_related_list', 9, 'OSSMailView', 0, 'SELECT'),
(211, 26, 54, 'get_related_list', 7, 'OSSMailView', 0, 'SELECT'),
(212, 2, 43, 'get_related_list', 10, 'Projects', 0, 'ADD,SELECT'),
(213, 13, 37, 'get_related_list', 11, 'Assets', 0, 'ADD,SELECT'),
(214, 6, 57, 'get_dependents_list', 24, 'OSSOutsourcedServices', 1, 'ADD'),
(215, 4, 57, 'get_dependents_list', 21, 'OSSOutsourcedServices', 0, 'ADD'),
(216, 7, 57, 'get_dependents_list', 18, 'OSSOutsourcedServices', 1, 'ADD'),
(217, 2, 57, 'get_dependents_list', 16, 'OSSOutsourcedServices', 1, 'ADD'),
(218, 6, 58, 'get_dependents_list', 25, 'OSSSoldServices', 1, 'ADD'),
(219, 4, 58, 'get_dependents_list', 22, 'OSSSoldServices', 0, 'ADD'),
(220, 2, 58, 'get_dependents_list', 17, 'OSSSoldServices', 1, 'ADD'),
(221, 6, 59, 'get_dependents_list', 22, 'OutsourcedProducts', 1, 'ADD'),
(222, 7, 59, 'get_dependents_list', 16, 'OutsourcedProducts', 1, 'ADD'),
(223, 23, 58, 'get_dependents_list', 6, 'OSSSoldServices', 0, 'ADD'),
(224, 4, 59, 'get_dependents_list', 19, 'OutsourcedProducts', 0, 'ADD'),
(226, 2, 59, 'get_dependents_list', 19, 'OutsourcedProducts', 1, 'ADD'),
(227, 2, 37, 'get_dependents_list', 21, 'Assets', 1, 'ADD'),
(229, 37, 60, 'get_dependents_list', 4, 'OSSPasswords', 0, 'ADD'),
(230, 6, 60, 'get_dependents_list', 17, 'OSSPasswords', 0, 'ADD'),
(231, 4, 60, 'get_dependents_list', 23, 'OSSPasswords', 0, 'ADD'),
(232, 7, 60, 'get_dependents_list', 9, 'OSSPasswords', 0, 'ADD'),
(233, 14, 60, 'get_dependents_list', 16, 'OSSPasswords', 0, 'ADD'),
(234, 35, 60, 'get_dependents_list', 12, 'OSSPasswords', 0, 'ADD'),
(235, 13, 60, 'get_dependents_list', 12, 'OSSPasswords', 0, 'ADD'),
(236, 18, 60, 'get_dependents_list', 5, 'OSSPasswords', 0, 'ADD'),
(237, 61, 8, 'get_attachments', 1, 'Documents', 0, 'ADD,SELECT'),
(238, 61, 51, 'get_osstimecontrol', 2, 'OSSTimeControl', 0, 'ADD'),
(239, 7, 4, 'get_dependents_list', 1, 'Contacts', 0, 'ADD'),
(268, 34, 43, 'get_dependents_list', 7, 'Project', 0, 'ADD'),
(269, 70, 8, 'get_attachments', 1, 'Documents', 0, 'ADD,SELECT'),
(270, 2, 70, 'get_dependents_list', 22, 'Calculations', 0, 'ADD'),
(271, 70, 70, 'get_dependents_list', 2, 'Calculations', 1, 'ADD'),
(272, 20, 70, 'get_dependents_list', 7, 'Calculations', 0, 'ADD'),
(273, 6, 70, 'get_dependents_list', 18, 'Calculations', 0, 'ADD'),
(274, 4, 70, 'get_dependents_list', 24, 'Calculations', 0, 'ADD'),
(275, 71, 8, 'get_attachments', 1, 'Documents', 0, 'ADD,SELECT'),
(276, 2, 71, 'get_dependents_list', 23, 'OSSCosts', 0, 'ADD'),
(277, 13, 71, 'get_dependents_list', 13, 'OSSCosts', 0, 'ADD'),
(278, 43, 71, 'get_dependents_list', 10, 'OSSCosts', 0, 'ADD'),
(279, 6, 71, 'get_dependents_list', 19, 'OSSCosts', 0, 'ADD'),
(280, 4, 71, 'get_dependents_list', 25, 'OSSCosts', 0, 'ADD'),
(281, 18, 71, 'get_dependents_list', 6, 'OSSCosts', 0, 'ADD'),
(282, 70, 51, 'get_dependents_list', 3, 'OSSTimeControl', 0, 'ADD'),
(283, 7, 51, 'get_dependents_list', 6, 'OSSTimeControl', 0, 'ADD'),
(284, 43, 9, 'get_activities', 1, 'Activities', 0, 'ADD'),
(285, 34, 9, 'get_activities', 1, 'Activities', 0, 'ADD'),
(286, 70, 20, 'get_related_list', 4, 'Quotes', 0, '');

-- --------------------------------------------------------

--
-- Table structure for table `vtiger_relatedlists_rb`
--

CREATE TABLE IF NOT EXISTS `vtiger_relatedlists_rb` (
  `entityid` int(19) DEFAULT NULL,
  `action` varchar(50) DEFAULT NULL,
  `rel_table` varchar(200) DEFAULT NULL,
  `rel_column` varchar(200) DEFAULT NULL,
  `ref_column` varchar(200) DEFAULT NULL,
  `related_crm_ids` text
) ENGINE=InnoDB DEFAULT CHARSET=utf8;

-- --------------------------------------------------------

--
-- Table structure for table `vtiger_relatedlists_seq`
--

CREATE TABLE IF NOT EXISTS `vtiger_relatedlists_seq` (
  `id` int(11) NOT NULL
) ENGINE=InnoDB DEFAULT CHARSET=utf8;

--
-- Dumping data for table `vtiger_relatedlists_seq`
--

INSERT INTO `vtiger_relatedlists_seq` (`id`) VALUES
(286);

-- --------------------------------------------------------

--
-- Table structure for table `vtiger_relcriteria`
--

CREATE TABLE IF NOT EXISTS `vtiger_relcriteria` (
  `queryid` int(19) NOT NULL,
  `columnindex` int(11) NOT NULL,
  `columnname` varchar(250) DEFAULT '',
  `comparator` varchar(20) DEFAULT NULL,
  `value` varchar(512) DEFAULT NULL,
  `groupid` int(11) DEFAULT '1',
  `column_condition` varchar(256) DEFAULT 'and',
  PRIMARY KEY (`queryid`,`columnindex`),
  KEY `relcriteria_queryid_idx` (`queryid`)
) ENGINE=InnoDB DEFAULT CHARSET=utf8;

-- --------------------------------------------------------

--
-- Table structure for table `vtiger_relcriteria_grouping`
--

CREATE TABLE IF NOT EXISTS `vtiger_relcriteria_grouping` (
  `groupid` int(11) NOT NULL,
  `queryid` int(19) NOT NULL,
  `group_condition` varchar(256) DEFAULT NULL,
  `condition_expression` text,
  PRIMARY KEY (`groupid`,`queryid`),
  KEY `queryid` (`queryid`)
) ENGINE=InnoDB DEFAULT CHARSET=utf8;

-- --------------------------------------------------------

--
-- Table structure for table `vtiger_rel_mod`
--

CREATE TABLE IF NOT EXISTS `vtiger_rel_mod` (
  `rel_modid` int(11) NOT NULL AUTO_INCREMENT,
  `rel_mod` varchar(200) NOT NULL,
  `presence` int(1) NOT NULL DEFAULT '1',
  `picklist_valueid` int(11) NOT NULL DEFAULT '0',
  `sortorderid` int(11) DEFAULT '0',
  PRIMARY KEY (`rel_modid`)
) ENGINE=InnoDB  DEFAULT CHARSET=utf8 AUTO_INCREMENT=9 ;

--
-- Dumping data for table `vtiger_rel_mod`
--

INSERT INTO `vtiger_rel_mod` (`rel_modid`, `rel_mod`, `presence`, `picklist_valueid`, `sortorderid`) VALUES
(1, 'Accounts', 1, 393, 1),
(2, 'Contacts', 1, 394, 2),
(3, 'Leads', 1, 395, 3),
(4, 'HelpDesk', 1, 396, 4),
(5, 'Potentials', 1, 397, 5),
(6, 'Project', 1, 398, 6),
(7, 'ServiceContracts', 1, 399, 7),
(8, 'Campaigns', 1, 400, 8);

-- --------------------------------------------------------

--
-- Table structure for table `vtiger_rel_mod_seq`
--

CREATE TABLE IF NOT EXISTS `vtiger_rel_mod_seq` (
  `id` int(11) NOT NULL
) ENGINE=InnoDB DEFAULT CHARSET=utf8;

--
-- Dumping data for table `vtiger_rel_mod_seq`
--

INSERT INTO `vtiger_rel_mod_seq` (`id`) VALUES
(8);

-- --------------------------------------------------------

--
-- Table structure for table `vtiger_reminder_interval`
--

CREATE TABLE IF NOT EXISTS `vtiger_reminder_interval` (
  `reminder_intervalid` int(19) NOT NULL AUTO_INCREMENT,
  `reminder_interval` varchar(200) NOT NULL,
  `sortorderid` int(19) NOT NULL,
  `presence` int(1) NOT NULL,
  PRIMARY KEY (`reminder_intervalid`)
) ENGINE=InnoDB  DEFAULT CHARSET=utf8 AUTO_INCREMENT=9 ;

--
-- Dumping data for table `vtiger_reminder_interval`
--

INSERT INTO `vtiger_reminder_interval` (`reminder_intervalid`, `reminder_interval`, `sortorderid`, `presence`) VALUES
(2, '1 Minute', 1, 1),
(3, '5 Minutes', 2, 1),
(4, '15 Minutes', 3, 1),
(5, '30 Minutes', 4, 1),
(6, '45 Minutes', 5, 1),
(7, '1 Hour', 6, 1),
(8, '1 Day', 7, 1);

-- --------------------------------------------------------

--
-- Table structure for table `vtiger_reminder_interval_seq`
--

CREATE TABLE IF NOT EXISTS `vtiger_reminder_interval_seq` (
  `id` int(11) NOT NULL
) ENGINE=InnoDB DEFAULT CHARSET=utf8;

--
-- Dumping data for table `vtiger_reminder_interval_seq`
--

INSERT INTO `vtiger_reminder_interval_seq` (`id`) VALUES
(8);

-- --------------------------------------------------------

--
-- Table structure for table `vtiger_report`
--

CREATE TABLE IF NOT EXISTS `vtiger_report` (
  `reportid` int(19) NOT NULL,
  `folderid` int(19) NOT NULL,
  `reportname` varchar(100) DEFAULT '',
  `description` varchar(250) DEFAULT '',
  `reporttype` varchar(50) DEFAULT '',
  `queryid` int(19) NOT NULL DEFAULT '0',
  `state` varchar(50) DEFAULT 'SAVED',
  `customizable` int(1) DEFAULT '1',
  `category` int(11) DEFAULT '1',
  `owner` int(11) DEFAULT '1',
  `sharingtype` varchar(200) DEFAULT 'Private',
  PRIMARY KEY (`reportid`),
  KEY `report_queryid_idx` (`queryid`),
  KEY `report_folderid_idx` (`folderid`)
) ENGINE=InnoDB DEFAULT CHARSET=utf8;

-- --------------------------------------------------------

--
-- Table structure for table `vtiger_reportdatefilter`
--

CREATE TABLE IF NOT EXISTS `vtiger_reportdatefilter` (
  `datefilterid` int(19) NOT NULL,
  `datecolumnname` varchar(250) DEFAULT '',
  `datefilter` varchar(250) DEFAULT '',
  `startdate` date DEFAULT NULL,
  `enddate` date DEFAULT NULL,
  PRIMARY KEY (`datefilterid`),
  KEY `reportdatefilter_datefilterid_idx` (`datefilterid`)
) ENGINE=InnoDB DEFAULT CHARSET=utf8;

-- --------------------------------------------------------

--
-- Table structure for table `vtiger_reportfilters`
--

CREATE TABLE IF NOT EXISTS `vtiger_reportfilters` (
  `filterid` int(19) NOT NULL,
  `name` varchar(200) NOT NULL
) ENGINE=InnoDB DEFAULT CHARSET=utf8;

--
-- Dumping data for table `vtiger_reportfilters`
--

INSERT INTO `vtiger_reportfilters` (`filterid`, `name`) VALUES
(1, 'Private'),
(2, 'Public'),
(3, 'Shared');

-- --------------------------------------------------------

--
-- Table structure for table `vtiger_reportfolder`
--

CREATE TABLE IF NOT EXISTS `vtiger_reportfolder` (
  `folderid` int(19) NOT NULL AUTO_INCREMENT,
  `foldername` varchar(100) NOT NULL DEFAULT '',
  `description` varchar(250) DEFAULT '',
  `state` varchar(50) DEFAULT 'SAVED',
  PRIMARY KEY (`folderid`)
) ENGINE=InnoDB  DEFAULT CHARSET=utf8 AUTO_INCREMENT=2 ;

--
-- Dumping data for table `vtiger_reportfolder`
--

INSERT INTO `vtiger_reportfolder` (`folderid`, `foldername`, `description`, `state`) VALUES
(1, 'LBL_MAIN', '', 'SAVED');

-- --------------------------------------------------------

--
-- Table structure for table `vtiger_reportgroupbycolumn`
--

CREATE TABLE IF NOT EXISTS `vtiger_reportgroupbycolumn` (
  `reportid` int(19) DEFAULT NULL,
  `sortid` int(19) DEFAULT NULL,
  `sortcolname` varchar(250) DEFAULT NULL,
  `dategroupbycriteria` varchar(250) DEFAULT NULL,
  KEY `fk_1_vtiger_reportgroupbycolumn` (`reportid`)
) ENGINE=InnoDB DEFAULT CHARSET=utf8;

-- --------------------------------------------------------

--
-- Table structure for table `vtiger_reportmodules`
--

CREATE TABLE IF NOT EXISTS `vtiger_reportmodules` (
  `reportmodulesid` int(19) NOT NULL,
  `primarymodule` varchar(50) NOT NULL DEFAULT '',
  `secondarymodules` varchar(250) DEFAULT '',
  PRIMARY KEY (`reportmodulesid`)
) ENGINE=InnoDB DEFAULT CHARSET=utf8;

-- --------------------------------------------------------

--
-- Table structure for table `vtiger_reportsharing`
--

CREATE TABLE IF NOT EXISTS `vtiger_reportsharing` (
  `reportid` int(19) NOT NULL,
  `shareid` int(19) NOT NULL,
  `setype` varchar(200) NOT NULL
) ENGINE=InnoDB DEFAULT CHARSET=utf8;

-- --------------------------------------------------------

--
-- Table structure for table `vtiger_reportsortcol`
--

CREATE TABLE IF NOT EXISTS `vtiger_reportsortcol` (
  `sortcolid` int(19) NOT NULL,
  `reportid` int(19) NOT NULL,
  `columnname` varchar(250) DEFAULT '',
  `sortorder` varchar(250) DEFAULT 'Asc',
  PRIMARY KEY (`sortcolid`,`reportid`),
  KEY `fk_1_vtiger_reportsortcol` (`reportid`)
) ENGINE=InnoDB DEFAULT CHARSET=utf8;

-- --------------------------------------------------------

--
-- Table structure for table `vtiger_reportsummary`
--

CREATE TABLE IF NOT EXISTS `vtiger_reportsummary` (
  `reportsummaryid` int(19) NOT NULL,
  `summarytype` int(19) NOT NULL,
  `columnname` varchar(250) NOT NULL DEFAULT '',
  PRIMARY KEY (`reportsummaryid`,`summarytype`,`columnname`),
  KEY `reportsummary_reportsummaryid_idx` (`reportsummaryid`)
) ENGINE=InnoDB DEFAULT CHARSET=utf8;

-- --------------------------------------------------------

--
-- Table structure for table `vtiger_reporttype`
--

CREATE TABLE IF NOT EXISTS `vtiger_reporttype` (
  `reportid` int(10) NOT NULL,
  `data` text,
  PRIMARY KEY (`reportid`)
) ENGINE=InnoDB DEFAULT CHARSET=utf8;

-- --------------------------------------------------------

--
-- Table structure for table `vtiger_role`
--

CREATE TABLE IF NOT EXISTS `vtiger_role` (
  `roleid` varchar(255) NOT NULL,
  `rolename` varchar(200) DEFAULT NULL,
  `parentrole` varchar(255) DEFAULT NULL,
  `depth` int(19) DEFAULT NULL,
  `allowassignedrecordsto` int(2) NOT NULL DEFAULT '1',
  PRIMARY KEY (`roleid`),
  KEY `parentrole` (`parentrole`),
  KEY `parentrole_2` (`parentrole`,`depth`),
  KEY `roleid` (`roleid`)
) ENGINE=InnoDB DEFAULT CHARSET=utf8;

--
-- Dumping data for table `vtiger_role`
--

INSERT INTO `vtiger_role` (`roleid`, `rolename`, `parentrole`, `depth`, `allowassignedrecordsto`) VALUES
('H1', 'Organization', 'H1', 0, 1),
('H10', 'Sales Department', 'H1::H2::H10', 2, 1),
('H14', 'Logistics Department', 'H1::H2::H14', 2, 1),
('H18', 'Project Management Department', 'H1::H2::H18', 2, 1),
('H2', 'Board of Management', 'H1::H2', 1, 1),
('H22', 'Help Desk Department', 'H1::H2::H22', 2, 1),
('H26', 'Human Resources Department', 'H1::H2::H26', 2, 1),
('H3', 'Secretary''s Office', 'H1::H2::H3', 2, 1),
('H30', 'Financial Department', 'H1::H2::H30', 2, 1),
('H34', 'Production Department', 'H1::H2::H34', 2, 1),
('H6', 'Marketing Department', 'H1::H2::H6', 2, 1);

-- --------------------------------------------------------

--
-- Table structure for table `vtiger_role2picklist`
--

CREATE TABLE IF NOT EXISTS `vtiger_role2picklist` (
  `roleid` varchar(255) NOT NULL,
  `picklistvalueid` int(11) NOT NULL,
  `picklistid` int(11) NOT NULL,
  `sortid` int(11) DEFAULT NULL,
  PRIMARY KEY (`roleid`,`picklistvalueid`,`picklistid`),
  KEY `role2picklist_roleid_picklistid_idx` (`roleid`,`picklistid`,`picklistvalueid`),
  KEY `fk_2_vtiger_role2picklist` (`picklistid`)
) ENGINE=InnoDB DEFAULT CHARSET=utf8;

--
-- Dumping data for table `vtiger_role2picklist`
--

INSERT INTO `vtiger_role2picklist` (`roleid`, `picklistvalueid`, `picklistid`, `sortid`) VALUES
('H1', 1, 1, 0),
('H1', 2, 1, 1),
('H1', 3, 1, 2),
('H1', 4, 1, 3),
('H1', 5, 1, 4),
('H1', 6, 1, 5),
('H1', 7, 1, 6),
('H1', 8, 1, 7),
('H1', 9, 1, 8),
('H1', 10, 1, 9),
('H1', 11, 1, 10),
('H1', 12, 2, 0),
('H1', 13, 2, 1),
('H1', 14, 3, 0),
('H1', 15, 3, 1),
('H1', 16, 3, 2),
('H1', 17, 3, 3),
('H1', 18, 3, 4),
('H1', 19, 3, 5),
('H1', 20, 4, 0),
('H1', 21, 4, 1),
('H1', 22, 4, 2),
('H1', 23, 4, 3),
('H1', 24, 4, 4),
('H1', 25, 4, 5),
('H1', 26, 4, 6),
('H1', 27, 4, 7),
('H1', 28, 4, 8),
('H1', 29, 4, 9),
('H1', 30, 4, 10),
('H1', 31, 4, 11),
('H1', 32, 4, 12),
('H1', 33, 5, 0),
('H1', 34, 5, 1),
('H1', 35, 5, 2),
('H1', 36, 5, 3),
('H1', 37, 5, 4),
('H1', 38, 6, 0),
('H1', 39, 6, 1),
('H1', 40, 6, 2),
('H1', 41, 7, 0),
('H1', 42, 7, 1),
('H1', 43, 7, 2),
('H1', 44, 7, 3),
('H1', 45, 7, 4),
('H1', 46, 8, 0),
('H1', 47, 9, 0),
('H1', 48, 9, 1),
('H1', 49, 9, 2),
('H1', 50, 9, 3),
('H1', 51, 10, 0),
('H1', 52, 10, 1),
('H1', 53, 10, 2),
('H1', 54, 10, 3),
('H1', 55, 10, 4),
('H1', 56, 10, 5),
('H1', 57, 10, 6),
('H1', 58, 10, 7),
('H1', 59, 10, 8),
('H1', 60, 11, 0),
('H1', 61, 11, 1),
('H1', 92, 12, 0),
('H1', 93, 12, 1),
('H1', 94, 12, 2),
('H1', 98, 13, 0),
('H1', 99, 13, 1),
('H1', 101, 13, 3),
('H1', 106, 13, 8),
('H1', 107, 13, 9),
('H1', 108, 13, 10),
('H1', 109, 13, 11),
('H1', 110, 13, 12),
('H1', 111, 14, 0),
('H1', 123, 15, 0),
('H1', 124, 15, 1),
('H1', 125, 15, 2),
('H1', 126, 15, 3),
('H1', 127, 16, 0),
('H1', 128, 16, 1),
('H1', 129, 16, 2),
('H1', 130, 17, 0),
('H1', 131, 17, 1),
('H1', 132, 17, 2),
('H1', 133, 17, 3),
('H1', 134, 17, 4),
('H1', 139, 19, 0),
('H1', 140, 19, 1),
('H1', 141, 19, 2),
('H1', 142, 19, 3),
('H1', 143, 19, 4),
('H1', 150, 21, 0),
('H1', 151, 21, 1),
('H1', 152, 21, 2),
('H1', 153, 21, 3),
('H1', 154, 21, 4),
('H1', 155, 21, 5),
('H1', 156, 21, 6),
('H1', 157, 21, 7),
('H1', 158, 21, 8),
('H1', 159, 21, 9),
('H1', 160, 22, 0),
('H1', 161, 22, 1),
('H1', 162, 22, 2),
('H1', 163, 22, 3),
('H1', 164, 22, 4),
('H1', 165, 22, 5),
('H1', 166, 23, 0),
('H1', 167, 23, 1),
('H1', 168, 23, 2),
('H1', 169, 23, 3),
('H1', 170, 24, 0),
('H1', 171, 24, 1),
('H1', 172, 24, 2),
('H1', 173, 25, 0),
('H1', 174, 25, 1),
('H1', 175, 25, 2),
('H1', 176, 25, 3),
('H1', 177, 25, 4),
('H1', 178, 25, 5),
('H1', 179, 26, 0),
('H1', 180, 26, 1),
('H1', 181, 26, 2),
('H1', 182, 27, 0),
('H1', 183, 27, 1),
('H1', 184, 27, 2),
('H1', 185, 27, 3),
('H1', 186, 28, 0),
('H1', 187, 28, 1),
('H1', 188, 28, 2),
('H1', 189, 28, 3),
('H1', 190, 29, 0),
('H1', 191, 29, 1),
('H1', 192, 29, 2),
('H1', 193, 29, 3),
('H1', 194, 30, 0),
('H1', 195, 30, 1),
('H1', 196, 30, 2),
('H1', 197, 30, 3),
('H1', 198, 30, 4),
('H1', 199, 30, 5),
('H1', 200, 30, 6),
('H1', 201, 30, 7),
('H1', 202, 30, 8),
('H1', 203, 30, 9),
('H1', 204, 30, 10),
('H1', 205, 30, 11),
('H1', 206, 30, 12),
('H1', 207, 30, 13),
('H1', 208, 30, 14),
('H1', 209, 30, 15),
('H1', 210, 31, 1),
('H1', 211, 31, 2),
('H1', 212, 31, 3),
('H1', 213, 31, 4),
('H1', 214, 32, 1),
('H1', 215, 32, 2),
('H1', 216, 32, 3),
('H1', 217, 32, 4),
('H1', 218, 32, 5),
('H1', 219, 32, 6),
('H1', 220, 33, 1),
('H1', 221, 33, 2),
('H1', 222, 33, 3),
('H1', 223, 34, 1),
('H1', 224, 34, 2),
('H1', 225, 34, 3),
('H1', 226, 35, 1),
('H1', 227, 35, 2),
('H1', 228, 35, 3),
('H1', 229, 36, 1),
('H1', 230, 36, 2),
('H1', 231, 36, 3),
('H1', 232, 36, 4),
('H1', 233, 36, 5),
('H1', 234, 36, 6),
('H1', 237, 38, 1),
('H1', 238, 38, 2),
('H1', 239, 38, 3),
('H1', 240, 38, 4),
('H1', 241, 39, 1),
('H1', 242, 39, 2),
('H1', 243, 39, 3),
('H1', 244, 39, 4),
('H1', 245, 40, 1),
('H1', 246, 40, 2),
('H1', 247, 40, 3),
('H1', 248, 40, 4),
('H1', 249, 41, 1),
('H1', 250, 41, 2),
('H1', 251, 41, 3),
('H1', 252, 41, 4),
('H1', 253, 41, 5),
('H1', 254, 41, 6),
('H1', 255, 41, 7),
('H1', 256, 41, 8),
('H1', 257, 41, 9),
('H1', 258, 41, 10),
('H1', 259, 41, 11),
('H1', 260, 42, 1),
('H1', 261, 42, 2),
('H1', 262, 42, 3),
('H1', 263, 42, 4),
('H1', 264, 42, 5),
('H1', 265, 42, 6),
('H1', 266, 42, 7),
('H1', 267, 42, 8),
('H1', 268, 42, 9),
('H1', 269, 43, 1),
('H1', 270, 43, 2),
('H1', 271, 43, 3),
('H1', 272, 43, 4),
('H1', 273, 44, 1),
('H1', 274, 44, 2),
('H1', 275, 44, 3),
('H1', 276, 44, 4),
('H1', 277, 45, 1),
('H1', 278, 45, 2),
('H1', 279, 45, 3),
('H1', 280, 45, 4),
('H1', 281, 45, 5),
('H1', 282, 45, 6),
('H1', 283, 45, 7),
('H1', 284, 45, 8),
('H1', 285, 45, 9),
('H1', 286, 45, 10),
('H1', 287, 45, 11),
('H1', 288, 12, 1),
('H1', 289, 46, 1),
('H1', 290, 46, 2),
('H1', 291, 46, 3),
('H1', 292, 46, 4),
('H1', 293, 46, 5),
('H1', 294, 46, 6),
('H1', 295, 47, 1),
('H1', 296, 47, 2),
('H1', 297, 48, 1),
('H1', 298, 48, 2),
('H1', 299, 48, 3),
('H1', 300, 48, 4),
('H1', 301, 48, 5),
('H1', 302, 48, 6),
('H1', 303, 48, 7),
('H1', 304, 48, 8),
('H1', 305, 48, 9),
('H1', 306, 48, 10),
('H1', 307, 48, 11),
('H1', 308, 48, 12),
('H1', 309, 48, 13),
('H1', 310, 48, 14),
('H1', 311, 48, 15),
('H1', 312, 48, 16),
('H1', 313, 48, 17),
('H1', 314, 48, 18),
('H1', 315, 48, 19),
('H1', 316, 48, 20),
('H1', 317, 48, 21),
('H1', 318, 48, 22),
('H1', 319, 48, 23),
('H1', 320, 48, 24),
('H1', 321, 2, 1),
('H1', 322, 49, 1),
('H1', 323, 49, 2),
('H1', 324, 49, 3),
('H1', 325, 50, 1),
('H1', 326, 50, 2),
('H1', 327, 51, 1),
('H1', 328, 51, 2),
('H1', 329, 51, 3),
('H1', 330, 51, 4),
('H1', 331, 51, 5),
('H1', 332, 51, 6),
('H1', 333, 51, 7),
('H1', 334, 51, 8),
('H1', 335, 51, 9),
('H1', 336, 51, 10),
('H1', 337, 51, 11),
('H1', 338, 51, 12),
('H1', 339, 51, 13),
('H1', 340, 51, 14),
('H1', 341, 51, 15),
('H1', 342, 51, 16),
('H1', 343, 51, 17),
('H1', 344, 51, 18),
('H1', 345, 51, 19),
('H1', 346, 51, 20),
('H1', 347, 51, 21),
('H1', 348, 51, 22),
('H1', 349, 51, 23),
('H1', 350, 51, 24),
('H1', 351, 51, 25),
('H1', 352, 51, 26),
('H1', 353, 51, 27),
('H1', 354, 51, 28),
('H1', 355, 51, 29),
('H1', 356, 51, 30),
('H1', 357, 51, 31),
('H1', 358, 51, 32),
('H1', 359, 51, 33),
('H1', 360, 51, 34),
('H1', 361, 51, 35),
('H1', 362, 51, 36),
('H1', 363, 51, 37),
('H1', 364, 51, 38),
('H1', 365, 51, 39),
('H1', 366, 51, 40),
('H1', 367, 51, 41),
('H1', 368, 51, 42),
('H1', 369, 51, 43),
('H1', 370, 51, 44),
('H1', 371, 51, 45),
('H1', 372, 51, 46),
('H1', 373, 51, 47),
('H1', 374, 51, 48),
('H1', 375, 51, 49),
('H1', 376, 52, 1),
('H1', 377, 52, 2),
('H1', 378, 53, 1),
('H1', 379, 53, 2),
('H1', 380, 54, 1),
('H1', 381, 54, 2),
('H1', 382, 55, 1),
('H1', 383, 55, 2),
('H1', 384, 55, 3),
('H1', 385, 56, 1),
('H1', 386, 56, 2),
('H1', 388, 57, 1),
('H1', 389, 57, 2),
('H1', 390, 57, 3),
('H1', 391, 57, 4),
('H1', 392, 57, 5),
('H1', 393, 58, 1),
('H1', 394, 58, 2),
('H1', 395, 58, 3),
('H1', 396, 58, 4),
('H1', 397, 58, 5),
('H1', 398, 58, 6),
('H1', 399, 58, 7),
('H1', 400, 58, 8),
('H1', 401, 59, 1),
('H1', 402, 59, 2),
('H1', 403, 60, 1),
('H1', 404, 60, 2),
('H1', 406, 61, 1),
('H1', 407, 61, 2),
('H1', 408, 61, 3),
('H1', 409, 61, 4),
('H1', 410, 61, 5),
('H1', 411, 62, 1),
('H1', 412, 62, 2),
('H1', 413, 62, 3),
('H1', 414, 62, 4),
('H1', 415, 62, 5),
('H1', 416, 63, 1),
('H1', 417, 63, 2),
('H1', 418, 63, 3),
('H1', 419, 64, 1),
('H1', 420, 64, 2),
('H1', 422, 65, 1),
('H1', 423, 65, 2),
('H1', 424, 65, 3),
('H1', 425, 66, 1),
('H1', 426, 66, 2),
('H1', 427, 66, 3),
('H1', 435, 67, 1),
('H1', 440, 68, 1),
('H1', 559, 70, 1),
('H1', 560, 70, 2),
('H10', 1, 1, 0),
('H10', 2, 1, 1),
('H10', 3, 1, 2),
('H10', 4, 1, 3),
('H10', 5, 1, 4),
('H10', 6, 1, 5),
('H10', 7, 1, 6),
('H10', 8, 1, 7),
('H10', 9, 1, 8),
('H10', 10, 1, 9),
('H10', 11, 1, 10),
('H10', 12, 2, 0),
('H10', 13, 2, 1),
('H10', 14, 3, 0),
('H10', 15, 3, 1),
('H10', 16, 3, 2),
('H10', 17, 3, 3),
('H10', 18, 3, 4),
('H10', 19, 3, 5),
('H10', 20, 4, 0),
('H10', 21, 4, 1),
('H10', 22, 4, 2),
('H10', 23, 4, 3),
('H10', 24, 4, 4),
('H10', 25, 4, 5),
('H10', 26, 4, 6),
('H10', 27, 4, 7),
('H10', 28, 4, 8),
('H10', 29, 4, 9),
('H10', 30, 4, 10),
('H10', 31, 4, 11),
('H10', 32, 4, 12),
('H10', 33, 5, 0),
('H10', 34, 5, 1),
('H10', 35, 5, 2),
('H10', 36, 5, 3),
('H10', 37, 5, 4),
('H10', 38, 6, 0),
('H10', 39, 6, 1),
('H10', 40, 6, 2),
('H10', 41, 7, 0),
('H10', 42, 7, 1),
('H10', 43, 7, 2),
('H10', 44, 7, 3),
('H10', 45, 7, 4),
('H10', 46, 8, 0),
('H10', 47, 9, 0),
('H10', 48, 9, 1),
('H10', 49, 9, 2),
('H10', 50, 9, 3),
('H10', 51, 10, 0),
('H10', 52, 10, 1),
('H10', 53, 10, 2),
('H10', 54, 10, 3),
('H10', 55, 10, 4),
('H10', 56, 10, 5),
('H10', 57, 10, 6),
('H10', 58, 10, 7),
('H10', 59, 10, 8),
('H10', 60, 11, 0),
('H10', 61, 11, 1),
('H10', 92, 12, 0),
('H10', 93, 12, 1),
('H10', 94, 12, 2),
('H10', 98, 13, 0),
('H10', 99, 13, 1),
('H10', 101, 13, 3),
('H10', 106, 13, 8),
('H10', 107, 13, 9),
('H10', 108, 13, 10),
('H10', 109, 13, 11),
('H10', 110, 13, 12),
('H10', 111, 14, 0),
('H10', 123, 15, 0),
('H10', 124, 15, 1),
('H10', 125, 15, 2),
('H10', 126, 15, 3),
('H10', 127, 16, 0),
('H10', 128, 16, 1),
('H10', 129, 16, 2),
('H10', 130, 17, 0),
('H10', 131, 17, 1),
('H10', 132, 17, 2),
('H10', 133, 17, 3),
('H10', 134, 17, 4),
('H10', 139, 19, 0),
('H10', 140, 19, 1),
('H10', 141, 19, 2),
('H10', 142, 19, 3),
('H10', 143, 19, 4),
('H10', 150, 21, 0),
('H10', 151, 21, 1),
('H10', 152, 21, 2),
('H10', 153, 21, 3),
('H10', 154, 21, 4),
('H10', 155, 21, 5),
('H10', 156, 21, 6),
('H10', 157, 21, 7),
('H10', 158, 21, 8),
('H10', 159, 21, 9),
('H10', 160, 22, 0),
('H10', 161, 22, 1),
('H10', 162, 22, 2),
('H10', 163, 22, 3),
('H10', 164, 22, 4),
('H10', 165, 22, 5),
('H10', 166, 23, 0),
('H10', 167, 23, 1),
('H10', 168, 23, 2),
('H10', 169, 23, 3),
('H10', 170, 24, 0),
('H10', 171, 24, 1),
('H10', 172, 24, 2),
('H10', 173, 25, 0),
('H10', 174, 25, 1),
('H10', 175, 25, 2),
('H10', 176, 25, 3),
('H10', 177, 25, 4),
('H10', 178, 25, 5),
('H10', 179, 26, 0),
('H10', 180, 26, 1),
('H10', 181, 26, 2),
('H10', 182, 27, 0),
('H10', 183, 27, 1),
('H10', 184, 27, 2),
('H10', 185, 27, 3),
('H10', 186, 28, 0),
('H10', 187, 28, 1),
('H10', 188, 28, 2),
('H10', 189, 28, 3),
('H10', 190, 29, 0),
('H10', 191, 29, 1),
('H10', 192, 29, 2),
('H10', 193, 29, 3),
('H10', 194, 30, 0),
('H10', 195, 30, 1),
('H10', 196, 30, 2),
('H10', 197, 30, 3),
('H10', 198, 30, 4),
('H10', 199, 30, 5),
('H10', 200, 30, 6),
('H10', 201, 30, 7),
('H10', 202, 30, 8),
('H10', 203, 30, 9),
('H10', 204, 30, 10),
('H10', 205, 30, 11),
('H10', 206, 30, 12),
('H10', 207, 30, 13),
('H10', 208, 30, 14),
('H10', 209, 30, 15),
('H10', 210, 31, 1),
('H10', 211, 31, 2),
('H10', 212, 31, 3),
('H10', 213, 31, 4),
('H10', 214, 32, 1),
('H10', 215, 32, 2),
('H10', 216, 32, 3),
('H10', 217, 32, 4),
('H10', 218, 32, 5),
('H10', 219, 32, 6),
('H10', 220, 33, 1),
('H10', 221, 33, 2),
('H10', 222, 33, 3),
('H10', 223, 34, 1),
('H10', 224, 34, 2),
('H10', 225, 34, 3),
('H10', 226, 35, 1),
('H10', 227, 35, 2),
('H10', 228, 35, 3),
('H10', 229, 36, 1),
('H10', 230, 36, 2),
('H10', 231, 36, 3),
('H10', 232, 36, 4),
('H10', 233, 36, 5),
('H10', 234, 36, 6),
('H10', 237, 38, 1),
('H10', 238, 38, 2),
('H10', 239, 38, 3),
('H10', 240, 38, 4),
('H10', 241, 39, 1),
('H10', 242, 39, 2),
('H10', 243, 39, 3),
('H10', 244, 39, 4),
('H10', 245, 40, 1),
('H10', 246, 40, 2),
('H10', 247, 40, 3),
('H10', 248, 40, 4),
('H10', 249, 41, 1),
('H10', 250, 41, 2),
('H10', 251, 41, 3),
('H10', 252, 41, 4),
('H10', 253, 41, 5),
('H10', 254, 41, 6),
('H10', 255, 41, 7),
('H10', 256, 41, 8),
('H10', 257, 41, 9),
('H10', 258, 41, 10),
('H10', 259, 41, 11),
('H10', 260, 42, 1),
('H10', 261, 42, 2),
('H10', 262, 42, 3),
('H10', 263, 42, 4),
('H10', 264, 42, 5),
('H10', 265, 42, 6),
('H10', 266, 42, 7),
('H10', 267, 42, 8),
('H10', 268, 42, 9),
('H10', 269, 43, 1),
('H10', 270, 43, 2),
('H10', 271, 43, 3),
('H10', 272, 43, 4),
('H10', 273, 44, 1),
('H10', 274, 44, 2),
('H10', 275, 44, 3),
('H10', 276, 44, 4),
('H10', 277, 45, 1),
('H10', 278, 45, 2),
('H10', 279, 45, 3),
('H10', 280, 45, 4),
('H10', 281, 45, 5),
('H10', 282, 45, 6),
('H10', 283, 45, 7),
('H10', 284, 45, 8),
('H10', 285, 45, 9),
('H10', 286, 45, 10),
('H10', 287, 45, 11),
('H10', 288, 12, 1),
('H10', 289, 46, 1),
('H10', 290, 46, 2),
('H10', 291, 46, 3),
('H10', 292, 46, 4),
('H10', 293, 46, 5),
('H10', 294, 46, 6),
('H10', 295, 47, 1),
('H10', 296, 47, 2),
('H10', 297, 48, 1),
('H10', 298, 48, 2),
('H10', 299, 48, 3),
('H10', 300, 48, 4),
('H10', 301, 48, 5),
('H10', 302, 48, 6),
('H10', 303, 48, 7),
('H10', 304, 48, 8),
('H10', 305, 48, 9),
('H10', 306, 48, 10),
('H10', 307, 48, 11),
('H10', 308, 48, 12),
('H10', 309, 48, 13),
('H10', 310, 48, 14),
('H10', 311, 48, 15),
('H10', 312, 48, 16),
('H10', 313, 48, 17),
('H10', 314, 48, 18),
('H10', 315, 48, 19),
('H10', 316, 48, 20),
('H10', 317, 48, 21),
('H10', 318, 48, 22),
('H10', 319, 48, 23),
('H10', 320, 48, 24),
('H10', 321, 2, 1),
('H10', 322, 49, 1),
('H10', 323, 49, 2),
('H10', 324, 49, 3),
('H10', 325, 50, 1),
('H10', 326, 50, 2),
('H10', 327, 51, 1),
('H10', 328, 51, 2),
('H10', 329, 51, 3),
('H10', 330, 51, 4),
('H10', 331, 51, 5),
('H10', 332, 51, 6),
('H10', 333, 51, 7),
('H10', 334, 51, 8),
('H10', 335, 51, 9),
('H10', 336, 51, 10),
('H10', 337, 51, 11),
('H10', 338, 51, 12),
('H10', 339, 51, 13),
('H10', 340, 51, 14),
('H10', 341, 51, 15),
('H10', 342, 51, 16),
('H10', 343, 51, 17),
('H10', 344, 51, 18),
('H10', 345, 51, 19),
('H10', 346, 51, 20),
('H10', 347, 51, 21),
('H10', 348, 51, 22),
('H10', 349, 51, 23),
('H10', 350, 51, 24),
('H10', 351, 51, 25),
('H10', 352, 51, 26),
('H10', 353, 51, 27),
('H10', 354, 51, 28),
('H10', 355, 51, 29),
('H10', 356, 51, 30),
('H10', 357, 51, 31),
('H10', 358, 51, 32),
('H10', 359, 51, 33),
('H10', 360, 51, 34),
('H10', 361, 51, 35),
('H10', 362, 51, 36),
('H10', 363, 51, 37),
('H10', 364, 51, 38),
('H10', 365, 51, 39),
('H10', 366, 51, 40),
('H10', 367, 51, 41),
('H10', 368, 51, 42),
('H10', 369, 51, 43),
('H10', 370, 51, 44),
('H10', 371, 51, 45),
('H10', 372, 51, 46),
('H10', 373, 51, 47),
('H10', 374, 51, 48),
('H10', 375, 51, 49),
('H10', 376, 52, 1),
('H10', 377, 52, 2),
('H10', 378, 53, 1),
('H10', 379, 53, 2),
('H10', 380, 54, 1),
('H10', 381, 54, 2),
('H10', 382, 55, 1),
('H10', 383, 55, 2),
('H10', 384, 55, 3),
('H10', 385, 56, 1),
('H10', 386, 56, 2),
('H10', 387, 29, NULL),
('H10', 388, 57, 1),
('H10', 389, 57, 2),
('H10', 390, 57, 3),
('H10', 391, 57, 4),
('H10', 392, 57, 5),
('H10', 393, 58, 1),
('H10', 394, 58, 2),
('H10', 395, 58, 3),
('H10', 396, 58, 4),
('H10', 397, 58, 5),
('H10', 398, 58, 6),
('H10', 399, 58, 7),
('H10', 400, 58, 8),
('H10', 401, 59, 1),
('H10', 402, 59, 2),
('H10', 403, 60, 1),
('H10', 404, 60, 2),
('H10', 406, 61, 1),
('H10', 407, 61, 2),
('H10', 408, 61, 3),
('H10', 409, 61, 4),
('H10', 410, 61, 5),
('H10', 411, 62, 1),
('H10', 412, 62, 2),
('H10', 413, 62, 3),
('H10', 414, 62, 4),
('H10', 415, 62, 5),
('H10', 416, 63, 1),
('H10', 417, 63, 2),
('H10', 418, 63, 3),
('H10', 419, 64, 1),
('H10', 420, 64, 2),
('H10', 422, 65, 1),
('H10', 423, 65, 2),
('H10', 424, 65, 3),
('H10', 425, 66, 1),
('H10', 426, 66, 2),
('H10', 427, 66, 3),
('H10', 428, 21, 10),
('H10', 429, 21, 11),
('H10', 430, 21, 12),
('H10', 431, 21, 13),
('H10', 432, 21, 14),
('H10', 433, 21, 15),
('H10', 434, 21, 16),
('H10', 435, 67, 1),
('H10', 436, 67, 2),
('H10', 437, 67, 3),
('H10', 438, 67, 4),
('H10', 439, 67, 5),
('H10', 440, 68, 1),
('H10', 444, 68, 2),
('H10', 445, 68, 3),
('H10', 446, 14, 12),
('H10', 447, 14, 13),
('H10', 448, 14, 14),
('H10', 449, 14, 15),
('H10', 450, 14, 16),
('H10', 451, 14, 17),
('H10', 452, 14, 18),
('H10', 453, 14, 19),
('H10', 455, 11, 2),
('H10', 456, 11, 3),
('H10', 457, 11, 4),
('H10', 458, 11, 5),
('H10', 459, 11, 6),
('H10', 460, 11, 7),
('H10', 461, 11, 8),
('H10', 462, 11, 9),
('H10', 463, 11, 10),
('H10', 464, 11, 11),
('H10', 465, 11, 12),
('H10', 508, 37, 3),
('H10', 509, 37, 4),
('H10', 510, 37, 5),
('H10', 511, 37, 6),
('H10', 543, 67, 6),
('H10', 544, 12, 3),
('H10', 545, 12, 4),
('H10', 557, 29, 4),
('H10', 559, 70, 1),
('H10', 560, 70, 2),
('H14', 1, 1, 0),
('H14', 2, 1, 1),
('H14', 3, 1, 2),
('H14', 4, 1, 3),
('H14', 5, 1, 4),
('H14', 6, 1, 5),
('H14', 7, 1, 6),
('H14', 8, 1, 7),
('H14', 9, 1, 8),
('H14', 10, 1, 9),
('H14', 11, 1, 10),
('H14', 12, 2, 0),
('H14', 13, 2, 1),
('H14', 14, 3, 0),
('H14', 15, 3, 1),
('H14', 16, 3, 2),
('H14', 17, 3, 3),
('H14', 18, 3, 4),
('H14', 19, 3, 5),
('H14', 20, 4, 0),
('H14', 21, 4, 1),
('H14', 22, 4, 2),
('H14', 23, 4, 3),
('H14', 24, 4, 4),
('H14', 25, 4, 5),
('H14', 26, 4, 6),
('H14', 27, 4, 7),
('H14', 28, 4, 8),
('H14', 29, 4, 9),
('H14', 30, 4, 10),
('H14', 31, 4, 11),
('H14', 32, 4, 12),
('H14', 33, 5, 0),
('H14', 34, 5, 1),
('H14', 35, 5, 2),
('H14', 36, 5, 3),
('H14', 37, 5, 4),
('H14', 38, 6, 0),
('H14', 39, 6, 1),
('H14', 40, 6, 2),
('H14', 41, 7, 0),
('H14', 42, 7, 1),
('H14', 43, 7, 2),
('H14', 44, 7, 3),
('H14', 45, 7, 4),
('H14', 46, 8, 0),
('H14', 47, 9, 0),
('H14', 48, 9, 1),
('H14', 49, 9, 2),
('H14', 50, 9, 3),
('H14', 51, 10, 0),
('H14', 52, 10, 1),
('H14', 53, 10, 2),
('H14', 54, 10, 3),
('H14', 55, 10, 4),
('H14', 56, 10, 5),
('H14', 57, 10, 6),
('H14', 58, 10, 7),
('H14', 59, 10, 8),
('H14', 60, 11, 0),
('H14', 61, 11, 1),
('H14', 92, 12, 0),
('H14', 93, 12, 1),
('H14', 94, 12, 2),
('H14', 98, 13, 0),
('H14', 99, 13, 1),
('H14', 101, 13, 3),
('H14', 106, 13, 8),
('H14', 107, 13, 9),
('H14', 108, 13, 10),
('H14', 109, 13, 11),
('H14', 110, 13, 12),
('H14', 111, 14, 0),
('H14', 123, 15, 0),
('H14', 124, 15, 1),
('H14', 125, 15, 2),
('H14', 126, 15, 3),
('H14', 127, 16, 0),
('H14', 128, 16, 1),
('H14', 129, 16, 2),
('H14', 130, 17, 0),
('H14', 131, 17, 1),
('H14', 132, 17, 2),
('H14', 133, 17, 3),
('H14', 134, 17, 4),
('H14', 139, 19, 0),
('H14', 140, 19, 1),
('H14', 141, 19, 2),
('H14', 142, 19, 3),
('H14', 143, 19, 4),
('H14', 150, 21, 0),
('H14', 151, 21, 1),
('H14', 152, 21, 2),
('H14', 153, 21, 3),
('H14', 154, 21, 4),
('H14', 155, 21, 5),
('H14', 156, 21, 6),
('H14', 157, 21, 7),
('H14', 158, 21, 8),
('H14', 159, 21, 9),
('H14', 160, 22, 0),
('H14', 161, 22, 1),
('H14', 162, 22, 2),
('H14', 163, 22, 3),
('H14', 164, 22, 4),
('H14', 165, 22, 5),
('H14', 166, 23, 0),
('H14', 167, 23, 1),
('H14', 168, 23, 2),
('H14', 169, 23, 3),
('H14', 170, 24, 0),
('H14', 171, 24, 1),
('H14', 172, 24, 2),
('H14', 173, 25, 0),
('H14', 174, 25, 1),
('H14', 175, 25, 2),
('H14', 176, 25, 3),
('H14', 177, 25, 4),
('H14', 178, 25, 5),
('H14', 179, 26, 0),
('H14', 180, 26, 1),
('H14', 181, 26, 2),
('H14', 182, 27, 0),
('H14', 183, 27, 1),
('H14', 184, 27, 2),
('H14', 185, 27, 3),
('H14', 186, 28, 0),
('H14', 187, 28, 1),
('H14', 188, 28, 2),
('H14', 189, 28, 3),
('H14', 190, 29, 0),
('H14', 191, 29, 1),
('H14', 192, 29, 2),
('H14', 193, 29, 3),
('H14', 194, 30, 0),
('H14', 195, 30, 1),
('H14', 196, 30, 2),
('H14', 197, 30, 3),
('H14', 198, 30, 4),
('H14', 199, 30, 5),
('H14', 200, 30, 6),
('H14', 201, 30, 7),
('H14', 202, 30, 8),
('H14', 203, 30, 9),
('H14', 204, 30, 10),
('H14', 205, 30, 11),
('H14', 206, 30, 12),
('H14', 207, 30, 13),
('H14', 208, 30, 14),
('H14', 209, 30, 15),
('H14', 210, 31, 1),
('H14', 211, 31, 2),
('H14', 212, 31, 3),
('H14', 213, 31, 4),
('H14', 214, 32, 1),
('H14', 215, 32, 2),
('H14', 216, 32, 3),
('H14', 217, 32, 4),
('H14', 218, 32, 5),
('H14', 219, 32, 6),
('H14', 220, 33, 1),
('H14', 221, 33, 2),
('H14', 222, 33, 3),
('H14', 223, 34, 1),
('H14', 224, 34, 2),
('H14', 225, 34, 3),
('H14', 226, 35, 1),
('H14', 227, 35, 2),
('H14', 228, 35, 3),
('H14', 229, 36, 1),
('H14', 230, 36, 2),
('H14', 231, 36, 3),
('H14', 232, 36, 4),
('H14', 233, 36, 5),
('H14', 234, 36, 6),
('H14', 237, 38, 1),
('H14', 238, 38, 2),
('H14', 239, 38, 3),
('H14', 240, 38, 4),
('H14', 241, 39, 1),
('H14', 242, 39, 2),
('H14', 243, 39, 3),
('H14', 244, 39, 4),
('H14', 245, 40, 1),
('H14', 246, 40, 2),
('H14', 247, 40, 3),
('H14', 248, 40, 4),
('H14', 249, 41, 1),
('H14', 250, 41, 2),
('H14', 251, 41, 3),
('H14', 252, 41, 4),
('H14', 253, 41, 5),
('H14', 254, 41, 6),
('H14', 255, 41, 7),
('H14', 256, 41, 8),
('H14', 257, 41, 9),
('H14', 258, 41, 10),
('H14', 259, 41, 11),
('H14', 260, 42, 1),
('H14', 261, 42, 2),
('H14', 262, 42, 3),
('H14', 263, 42, 4),
('H14', 264, 42, 5),
('H14', 265, 42, 6),
('H14', 266, 42, 7),
('H14', 267, 42, 8),
('H14', 268, 42, 9),
('H14', 269, 43, 1),
('H14', 270, 43, 2),
('H14', 271, 43, 3),
('H14', 272, 43, 4),
('H14', 273, 44, 1),
('H14', 274, 44, 2),
('H14', 275, 44, 3),
('H14', 276, 44, 4),
('H14', 277, 45, 1),
('H14', 278, 45, 2),
('H14', 279, 45, 3),
('H14', 280, 45, 4),
('H14', 281, 45, 5),
('H14', 282, 45, 6),
('H14', 283, 45, 7),
('H14', 284, 45, 8),
('H14', 285, 45, 9),
('H14', 286, 45, 10),
('H14', 287, 45, 11),
('H14', 288, 12, 1),
('H14', 289, 46, 1),
('H14', 290, 46, 2),
('H14', 291, 46, 3),
('H14', 292, 46, 4),
('H14', 293, 46, 5),
('H14', 294, 46, 6),
('H14', 295, 47, 1),
('H14', 296, 47, 2),
('H14', 297, 48, 1),
('H14', 298, 48, 2),
('H14', 299, 48, 3),
('H14', 300, 48, 4),
('H14', 301, 48, 5),
('H14', 302, 48, 6),
('H14', 303, 48, 7),
('H14', 304, 48, 8),
('H14', 305, 48, 9),
('H14', 306, 48, 10),
('H14', 307, 48, 11),
('H14', 308, 48, 12),
('H14', 309, 48, 13),
('H14', 310, 48, 14),
('H14', 311, 48, 15),
('H14', 312, 48, 16),
('H14', 313, 48, 17),
('H14', 314, 48, 18),
('H14', 315, 48, 19),
('H14', 316, 48, 20),
('H14', 317, 48, 21),
('H14', 318, 48, 22),
('H14', 319, 48, 23),
('H14', 320, 48, 24),
('H14', 321, 2, 1),
('H14', 322, 49, 1),
('H14', 323, 49, 2),
('H14', 324, 49, 3),
('H14', 325, 50, 1),
('H14', 326, 50, 2),
('H14', 327, 51, 1),
('H14', 328, 51, 2),
('H14', 329, 51, 3),
('H14', 330, 51, 4),
('H14', 331, 51, 5),
('H14', 332, 51, 6),
('H14', 333, 51, 7),
('H14', 334, 51, 8),
('H14', 335, 51, 9),
('H14', 336, 51, 10),
('H14', 337, 51, 11),
('H14', 338, 51, 12),
('H14', 339, 51, 13),
('H14', 340, 51, 14),
('H14', 341, 51, 15),
('H14', 342, 51, 16),
('H14', 343, 51, 17),
('H14', 344, 51, 18),
('H14', 345, 51, 19),
('H14', 346, 51, 20),
('H14', 347, 51, 21),
('H14', 348, 51, 22),
('H14', 349, 51, 23),
('H14', 350, 51, 24),
('H14', 351, 51, 25),
('H14', 352, 51, 26),
('H14', 353, 51, 27),
('H14', 354, 51, 28),
('H14', 355, 51, 29),
('H14', 356, 51, 30),
('H14', 357, 51, 31),
('H14', 358, 51, 32),
('H14', 359, 51, 33),
('H14', 360, 51, 34),
('H14', 361, 51, 35),
('H14', 362, 51, 36),
('H14', 363, 51, 37),
('H14', 364, 51, 38),
('H14', 365, 51, 39),
('H14', 366, 51, 40),
('H14', 367, 51, 41),
('H14', 368, 51, 42),
('H14', 369, 51, 43),
('H14', 370, 51, 44),
('H14', 371, 51, 45),
('H14', 372, 51, 46),
('H14', 373, 51, 47),
('H14', 374, 51, 48),
('H14', 375, 51, 49),
('H14', 376, 52, 1),
('H14', 377, 52, 2),
('H14', 378, 53, 1),
('H14', 379, 53, 2),
('H14', 380, 54, 1),
('H14', 381, 54, 2),
('H14', 382, 55, 1),
('H14', 383, 55, 2),
('H14', 384, 55, 3),
('H14', 385, 56, 1),
('H14', 386, 56, 2),
('H14', 387, 29, NULL),
('H14', 388, 57, 1),
('H14', 389, 57, 2),
('H14', 390, 57, 3),
('H14', 391, 57, 4),
('H14', 392, 57, 5),
('H14', 393, 58, 1),
('H14', 394, 58, 2),
('H14', 395, 58, 3),
('H14', 396, 58, 4),
('H14', 397, 58, 5),
('H14', 398, 58, 6),
('H14', 399, 58, 7),
('H14', 400, 58, 8),
('H14', 401, 59, 1),
('H14', 402, 59, 2),
('H14', 403, 60, 1),
('H14', 404, 60, 2),
('H14', 406, 61, 1),
('H14', 407, 61, 2),
('H14', 408, 61, 3),
('H14', 409, 61, 4),
('H14', 410, 61, 5),
('H14', 411, 62, 1),
('H14', 412, 62, 2),
('H14', 413, 62, 3),
('H14', 414, 62, 4),
('H14', 415, 62, 5),
('H14', 416, 63, 1),
('H14', 417, 63, 2),
('H14', 418, 63, 3),
('H14', 419, 64, 1),
('H14', 420, 64, 2),
('H14', 422, 65, 1),
('H14', 423, 65, 2),
('H14', 424, 65, 3),
('H14', 425, 66, 1),
('H14', 426, 66, 2),
('H14', 427, 66, 3),
('H14', 428, 21, 10),
('H14', 429, 21, 11),
('H14', 430, 21, 12),
('H14', 431, 21, 13),
('H14', 432, 21, 14),
('H14', 433, 21, 15),
('H14', 434, 21, 16),
('H14', 435, 67, 1),
('H14', 436, 67, 2),
('H14', 437, 67, 3),
('H14', 438, 67, 4),
('H14', 439, 67, 5),
('H14', 440, 68, 1),
('H14', 444, 68, 2),
('H14', 445, 68, 3),
('H14', 446, 14, 12),
('H14', 447, 14, 13),
('H14', 448, 14, 14),
('H14', 449, 14, 15),
('H14', 450, 14, 16),
('H14', 451, 14, 17),
('H14', 452, 14, 18),
('H14', 453, 14, 19),
('H14', 455, 11, 2),
('H14', 456, 11, 3),
('H14', 457, 11, 4),
('H14', 458, 11, 5),
('H14', 459, 11, 6),
('H14', 460, 11, 7),
('H14', 461, 11, 8),
('H14', 462, 11, 9),
('H14', 463, 11, 10),
('H14', 464, 11, 11),
('H14', 465, 11, 12),
('H14', 508, 37, 3),
('H14', 509, 37, 4),
('H14', 510, 37, 5),
('H14', 511, 37, 6),
('H14', 543, 67, 6),
('H14', 544, 12, 3),
('H14', 545, 12, 4),
('H14', 557, 29, 4),
('H14', 559, 70, 1),
('H14', 560, 70, 2),
('H18', 1, 1, 0),
('H18', 2, 1, 1),
('H18', 3, 1, 2),
('H18', 4, 1, 3),
('H18', 5, 1, 4),
('H18', 6, 1, 5),
('H18', 7, 1, 6),
('H18', 8, 1, 7),
('H18', 9, 1, 8),
('H18', 10, 1, 9),
('H18', 11, 1, 10),
('H18', 12, 2, 0),
('H18', 13, 2, 1),
('H18', 14, 3, 0),
('H18', 15, 3, 1),
('H18', 16, 3, 2),
('H18', 17, 3, 3),
('H18', 18, 3, 4),
('H18', 19, 3, 5),
('H18', 20, 4, 0),
('H18', 21, 4, 1),
('H18', 22, 4, 2),
('H18', 23, 4, 3),
('H18', 24, 4, 4),
('H18', 25, 4, 5),
('H18', 26, 4, 6),
('H18', 27, 4, 7),
('H18', 28, 4, 8),
('H18', 29, 4, 9),
('H18', 30, 4, 10),
('H18', 31, 4, 11),
('H18', 32, 4, 12),
('H18', 33, 5, 0),
('H18', 34, 5, 1),
('H18', 35, 5, 2),
('H18', 36, 5, 3),
('H18', 37, 5, 4),
('H18', 38, 6, 0),
('H18', 39, 6, 1),
('H18', 40, 6, 2),
('H18', 41, 7, 0),
('H18', 42, 7, 1),
('H18', 43, 7, 2),
('H18', 44, 7, 3),
('H18', 45, 7, 4),
('H18', 46, 8, 0),
('H18', 47, 9, 0),
('H18', 48, 9, 1),
('H18', 49, 9, 2),
('H18', 50, 9, 3),
('H18', 51, 10, 0),
('H18', 52, 10, 1),
('H18', 53, 10, 2),
('H18', 54, 10, 3),
('H18', 55, 10, 4),
('H18', 56, 10, 5),
('H18', 57, 10, 6),
('H18', 58, 10, 7),
('H18', 59, 10, 8),
('H18', 60, 11, 0),
('H18', 61, 11, 1),
('H18', 92, 12, 0),
('H18', 93, 12, 1),
('H18', 94, 12, 2),
('H18', 98, 13, 0),
('H18', 99, 13, 1),
('H18', 101, 13, 3),
('H18', 106, 13, 8),
('H18', 107, 13, 9),
('H18', 108, 13, 10),
('H18', 109, 13, 11),
('H18', 110, 13, 12),
('H18', 111, 14, 0),
('H18', 123, 15, 0),
('H18', 124, 15, 1),
('H18', 125, 15, 2),
('H18', 126, 15, 3),
('H18', 127, 16, 0),
('H18', 128, 16, 1),
('H18', 129, 16, 2),
('H18', 130, 17, 0),
('H18', 131, 17, 1),
('H18', 132, 17, 2),
('H18', 133, 17, 3),
('H18', 134, 17, 4),
('H18', 139, 19, 0),
('H18', 140, 19, 1),
('H18', 141, 19, 2),
('H18', 142, 19, 3),
('H18', 143, 19, 4),
('H18', 150, 21, 0),
('H18', 151, 21, 1),
('H18', 152, 21, 2),
('H18', 153, 21, 3),
('H18', 154, 21, 4),
('H18', 155, 21, 5),
('H18', 156, 21, 6),
('H18', 157, 21, 7),
('H18', 158, 21, 8),
('H18', 159, 21, 9),
('H18', 160, 22, 0),
('H18', 161, 22, 1),
('H18', 162, 22, 2),
('H18', 163, 22, 3),
('H18', 164, 22, 4),
('H18', 165, 22, 5),
('H18', 166, 23, 0),
('H18', 167, 23, 1),
('H18', 168, 23, 2),
('H18', 169, 23, 3),
('H18', 170, 24, 0),
('H18', 171, 24, 1),
('H18', 172, 24, 2),
('H18', 173, 25, 0),
('H18', 174, 25, 1),
('H18', 175, 25, 2),
('H18', 176, 25, 3),
('H18', 177, 25, 4),
('H18', 178, 25, 5),
('H18', 179, 26, 0),
('H18', 180, 26, 1),
('H18', 181, 26, 2),
('H18', 182, 27, 0),
('H18', 183, 27, 1),
('H18', 184, 27, 2),
('H18', 185, 27, 3),
('H18', 186, 28, 0),
('H18', 187, 28, 1),
('H18', 188, 28, 2),
('H18', 189, 28, 3),
('H18', 190, 29, 0),
('H18', 191, 29, 1),
('H18', 192, 29, 2),
('H18', 193, 29, 3),
('H18', 194, 30, 0),
('H18', 195, 30, 1),
('H18', 196, 30, 2),
('H18', 197, 30, 3),
('H18', 198, 30, 4),
('H18', 199, 30, 5),
('H18', 200, 30, 6),
('H18', 201, 30, 7),
('H18', 202, 30, 8),
('H18', 203, 30, 9),
('H18', 204, 30, 10),
('H18', 205, 30, 11),
('H18', 206, 30, 12),
('H18', 207, 30, 13),
('H18', 208, 30, 14),
('H18', 209, 30, 15),
('H18', 210, 31, 1),
('H18', 211, 31, 2),
('H18', 212, 31, 3),
('H18', 213, 31, 4),
('H18', 214, 32, 1),
('H18', 215, 32, 2),
('H18', 216, 32, 3),
('H18', 217, 32, 4),
('H18', 218, 32, 5),
('H18', 219, 32, 6),
('H18', 220, 33, 1),
('H18', 221, 33, 2),
('H18', 222, 33, 3),
('H18', 223, 34, 1),
('H18', 224, 34, 2),
('H18', 225, 34, 3),
('H18', 226, 35, 1),
('H18', 227, 35, 2),
('H18', 228, 35, 3),
('H18', 229, 36, 1),
('H18', 230, 36, 2),
('H18', 231, 36, 3),
('H18', 232, 36, 4),
('H18', 233, 36, 5),
('H18', 234, 36, 6),
('H18', 237, 38, 1),
('H18', 238, 38, 2),
('H18', 239, 38, 3),
('H18', 240, 38, 4),
('H18', 241, 39, 1),
('H18', 242, 39, 2),
('H18', 243, 39, 3),
('H18', 244, 39, 4),
('H18', 245, 40, 1),
('H18', 246, 40, 2),
('H18', 247, 40, 3),
('H18', 248, 40, 4),
('H18', 249, 41, 1),
('H18', 250, 41, 2),
('H18', 251, 41, 3),
('H18', 252, 41, 4),
('H18', 253, 41, 5),
('H18', 254, 41, 6),
('H18', 255, 41, 7),
('H18', 256, 41, 8),
('H18', 257, 41, 9),
('H18', 258, 41, 10),
('H18', 259, 41, 11),
('H18', 260, 42, 1),
('H18', 261, 42, 2),
('H18', 262, 42, 3),
('H18', 263, 42, 4),
('H18', 264, 42, 5),
('H18', 265, 42, 6),
('H18', 266, 42, 7),
('H18', 267, 42, 8),
('H18', 268, 42, 9),
('H18', 269, 43, 1),
('H18', 270, 43, 2),
('H18', 271, 43, 3),
('H18', 272, 43, 4),
('H18', 273, 44, 1),
('H18', 274, 44, 2),
('H18', 275, 44, 3),
('H18', 276, 44, 4),
('H18', 277, 45, 1),
('H18', 278, 45, 2),
('H18', 279, 45, 3),
('H18', 280, 45, 4),
('H18', 281, 45, 5),
('H18', 282, 45, 6),
('H18', 283, 45, 7),
('H18', 284, 45, 8),
('H18', 285, 45, 9),
('H18', 286, 45, 10),
('H18', 287, 45, 11),
('H18', 288, 12, 1),
('H18', 289, 46, 1),
('H18', 290, 46, 2),
('H18', 291, 46, 3),
('H18', 292, 46, 4),
('H18', 293, 46, 5),
('H18', 294, 46, 6),
('H18', 295, 47, 1),
('H18', 296, 47, 2),
('H18', 297, 48, 1),
('H18', 298, 48, 2),
('H18', 299, 48, 3),
('H18', 300, 48, 4),
('H18', 301, 48, 5),
('H18', 302, 48, 6),
('H18', 303, 48, 7),
('H18', 304, 48, 8),
('H18', 305, 48, 9),
('H18', 306, 48, 10),
('H18', 307, 48, 11),
('H18', 308, 48, 12),
('H18', 309, 48, 13),
('H18', 310, 48, 14),
('H18', 311, 48, 15),
('H18', 312, 48, 16),
('H18', 313, 48, 17),
('H18', 314, 48, 18),
('H18', 315, 48, 19),
('H18', 316, 48, 20),
('H18', 317, 48, 21),
('H18', 318, 48, 22),
('H18', 319, 48, 23),
('H18', 320, 48, 24),
('H18', 321, 2, 1),
('H18', 322, 49, 1),
('H18', 323, 49, 2),
('H18', 324, 49, 3),
('H18', 325, 50, 1),
('H18', 326, 50, 2),
('H18', 327, 51, 1),
('H18', 328, 51, 2),
('H18', 329, 51, 3),
('H18', 330, 51, 4),
('H18', 331, 51, 5),
('H18', 332, 51, 6),
('H18', 333, 51, 7),
('H18', 334, 51, 8),
('H18', 335, 51, 9),
('H18', 336, 51, 10),
('H18', 337, 51, 11),
('H18', 338, 51, 12),
('H18', 339, 51, 13),
('H18', 340, 51, 14),
('H18', 341, 51, 15),
('H18', 342, 51, 16),
('H18', 343, 51, 17),
('H18', 344, 51, 18),
('H18', 345, 51, 19),
('H18', 346, 51, 20),
('H18', 347, 51, 21),
('H18', 348, 51, 22),
('H18', 349, 51, 23),
('H18', 350, 51, 24),
('H18', 351, 51, 25),
('H18', 352, 51, 26),
('H18', 353, 51, 27),
('H18', 354, 51, 28),
('H18', 355, 51, 29),
('H18', 356, 51, 30),
('H18', 357, 51, 31),
('H18', 358, 51, 32),
('H18', 359, 51, 33),
('H18', 360, 51, 34),
('H18', 361, 51, 35),
('H18', 362, 51, 36),
('H18', 363, 51, 37),
('H18', 364, 51, 38),
('H18', 365, 51, 39),
('H18', 366, 51, 40),
('H18', 367, 51, 41),
('H18', 368, 51, 42),
('H18', 369, 51, 43),
('H18', 370, 51, 44),
('H18', 371, 51, 45),
('H18', 372, 51, 46),
('H18', 373, 51, 47),
('H18', 374, 51, 48),
('H18', 375, 51, 49),
('H18', 376, 52, 1),
('H18', 377, 52, 2),
('H18', 378, 53, 1),
('H18', 379, 53, 2),
('H18', 380, 54, 1),
('H18', 381, 54, 2),
('H18', 382, 55, 1),
('H18', 383, 55, 2),
('H18', 384, 55, 3),
('H18', 385, 56, 1),
('H18', 386, 56, 2),
('H18', 387, 29, NULL),
('H18', 388, 57, 1),
('H18', 389, 57, 2),
('H18', 390, 57, 3),
('H18', 391, 57, 4),
('H18', 392, 57, 5),
('H18', 393, 58, 1),
('H18', 394, 58, 2),
('H18', 395, 58, 3),
('H18', 396, 58, 4),
('H18', 397, 58, 5),
('H18', 398, 58, 6),
('H18', 399, 58, 7),
('H18', 400, 58, 8),
('H18', 401, 59, 1),
('H18', 402, 59, 2),
('H18', 403, 60, 1),
('H18', 404, 60, 2),
('H18', 406, 61, 1),
('H18', 407, 61, 2),
('H18', 408, 61, 3),
('H18', 409, 61, 4),
('H18', 410, 61, 5),
('H18', 411, 62, 1),
('H18', 412, 62, 2),
('H18', 413, 62, 3),
('H18', 414, 62, 4),
('H18', 415, 62, 5),
('H18', 416, 63, 1),
('H18', 417, 63, 2),
('H18', 418, 63, 3),
('H18', 419, 64, 1),
('H18', 420, 64, 2),
('H18', 422, 65, 1),
('H18', 423, 65, 2),
('H18', 424, 65, 3),
('H18', 425, 66, 1),
('H18', 426, 66, 2),
('H18', 427, 66, 3),
('H18', 428, 21, 10),
('H18', 429, 21, 11),
('H18', 430, 21, 12),
('H18', 431, 21, 13),
('H18', 432, 21, 14),
('H18', 433, 21, 15),
('H18', 434, 21, 16),
('H18', 435, 67, 1),
('H18', 436, 67, 2),
('H18', 437, 67, 3),
('H18', 438, 67, 4),
('H18', 439, 67, 5),
('H18', 440, 68, 1),
('H18', 444, 68, 2),
('H18', 445, 68, 3),
('H18', 446, 14, 12),
('H18', 447, 14, 13),
('H18', 448, 14, 14),
('H18', 449, 14, 15),
('H18', 450, 14, 16),
('H18', 451, 14, 17),
('H18', 452, 14, 18),
('H18', 453, 14, 19),
('H18', 455, 11, 2),
('H18', 456, 11, 3),
('H18', 457, 11, 4),
('H18', 458, 11, 5),
('H18', 459, 11, 6),
('H18', 460, 11, 7),
('H18', 461, 11, 8),
('H18', 462, 11, 9),
('H18', 463, 11, 10),
('H18', 464, 11, 11),
('H18', 465, 11, 12),
('H18', 508, 37, 3),
('H18', 509, 37, 4),
('H18', 510, 37, 5),
('H18', 511, 37, 6),
('H18', 543, 67, 6),
('H18', 544, 12, 3),
('H18', 545, 12, 4),
('H18', 557, 29, 4),
('H18', 559, 70, 1),
('H18', 560, 70, 2),
('H2', 1, 1, 0),
('H2', 2, 1, 1),
('H2', 3, 1, 2),
('H2', 4, 1, 3),
('H2', 5, 1, 4),
('H2', 6, 1, 5),
('H2', 7, 1, 6),
('H2', 8, 1, 7),
('H2', 9, 1, 8),
('H2', 10, 1, 9),
('H2', 11, 1, 10),
('H2', 12, 2, 0),
('H2', 13, 2, 1),
('H2', 14, 3, 0),
('H2', 15, 3, 1),
('H2', 16, 3, 2),
('H2', 17, 3, 3),
('H2', 18, 3, 4),
('H2', 19, 3, 5),
('H2', 20, 4, 0),
('H2', 21, 4, 1),
('H2', 22, 4, 2),
('H2', 23, 4, 3),
('H2', 24, 4, 4),
('H2', 25, 4, 5),
('H2', 26, 4, 6),
('H2', 27, 4, 7),
('H2', 28, 4, 8),
('H2', 29, 4, 9),
('H2', 30, 4, 10),
('H2', 31, 4, 11),
('H2', 32, 4, 12),
('H2', 33, 5, 0),
('H2', 34, 5, 1),
('H2', 35, 5, 2),
('H2', 36, 5, 3),
('H2', 37, 5, 4),
('H2', 38, 6, 0),
('H2', 39, 6, 1),
('H2', 40, 6, 2),
('H2', 41, 7, 0),
('H2', 42, 7, 1),
('H2', 43, 7, 2),
('H2', 44, 7, 3),
('H2', 45, 7, 4),
('H2', 46, 8, 0),
('H2', 47, 9, 0),
('H2', 48, 9, 1),
('H2', 49, 9, 2),
('H2', 50, 9, 3),
('H2', 51, 10, 0),
('H2', 52, 10, 1),
('H2', 53, 10, 2),
('H2', 54, 10, 3),
('H2', 55, 10, 4),
('H2', 56, 10, 5),
('H2', 57, 10, 6),
('H2', 58, 10, 7),
('H2', 59, 10, 8),
('H2', 60, 11, 0),
('H2', 61, 11, 1),
('H2', 92, 12, 0),
('H2', 93, 12, 1),
('H2', 94, 12, 2),
('H2', 98, 13, 0),
('H2', 99, 13, 1),
('H2', 101, 13, 3),
('H2', 106, 13, 8),
('H2', 107, 13, 9),
('H2', 108, 13, 10),
('H2', 109, 13, 11),
('H2', 110, 13, 12),
('H2', 111, 14, 0),
('H2', 123, 15, 0),
('H2', 124, 15, 1),
('H2', 125, 15, 2),
('H2', 126, 15, 3),
('H2', 127, 16, 0),
('H2', 128, 16, 1),
('H2', 129, 16, 2),
('H2', 130, 17, 0),
('H2', 131, 17, 1),
('H2', 132, 17, 2),
('H2', 133, 17, 3),
('H2', 134, 17, 4),
('H2', 139, 19, 0),
('H2', 140, 19, 1),
('H2', 141, 19, 2),
('H2', 142, 19, 3),
('H2', 143, 19, 4),
('H2', 150, 21, 0),
('H2', 151, 21, 1),
('H2', 152, 21, 2),
('H2', 153, 21, 3),
('H2', 154, 21, 4),
('H2', 155, 21, 5),
('H2', 156, 21, 6),
('H2', 157, 21, 7),
('H2', 158, 21, 8),
('H2', 159, 21, 9),
('H2', 160, 22, 0),
('H2', 161, 22, 1),
('H2', 162, 22, 2),
('H2', 163, 22, 3),
('H2', 164, 22, 4),
('H2', 165, 22, 5),
('H2', 166, 23, 0),
('H2', 167, 23, 1),
('H2', 168, 23, 2),
('H2', 169, 23, 3),
('H2', 170, 24, 0),
('H2', 171, 24, 1),
('H2', 172, 24, 2),
('H2', 173, 25, 0),
('H2', 174, 25, 1),
('H2', 175, 25, 2),
('H2', 176, 25, 3),
('H2', 177, 25, 4),
('H2', 178, 25, 5),
('H2', 179, 26, 0),
('H2', 180, 26, 1),
('H2', 181, 26, 2),
('H2', 182, 27, 0),
('H2', 183, 27, 1),
('H2', 184, 27, 2),
('H2', 185, 27, 3),
('H2', 186, 28, 0),
('H2', 187, 28, 1),
('H2', 188, 28, 2),
('H2', 189, 28, 3),
('H2', 190, 29, 0),
('H2', 191, 29, 1),
('H2', 192, 29, 2),
('H2', 193, 29, 3),
('H2', 194, 30, 0),
('H2', 195, 30, 1),
('H2', 196, 30, 2),
('H2', 197, 30, 3),
('H2', 198, 30, 4),
('H2', 199, 30, 5),
('H2', 200, 30, 6),
('H2', 201, 30, 7),
('H2', 202, 30, 8),
('H2', 203, 30, 9),
('H2', 204, 30, 10),
('H2', 205, 30, 11),
('H2', 206, 30, 12),
('H2', 207, 30, 13),
('H2', 208, 30, 14),
('H2', 209, 30, 15),
('H2', 210, 31, 1),
('H2', 211, 31, 2),
('H2', 212, 31, 3),
('H2', 213, 31, 4),
('H2', 214, 32, 1),
('H2', 215, 32, 2),
('H2', 216, 32, 3),
('H2', 217, 32, 4),
('H2', 218, 32, 5),
('H2', 219, 32, 6),
('H2', 220, 33, 1),
('H2', 221, 33, 2),
('H2', 222, 33, 3),
('H2', 223, 34, 1),
('H2', 224, 34, 2),
('H2', 225, 34, 3),
('H2', 226, 35, 1),
('H2', 227, 35, 2),
('H2', 228, 35, 3),
('H2', 229, 36, 1),
('H2', 230, 36, 2),
('H2', 231, 36, 3),
('H2', 232, 36, 4),
('H2', 233, 36, 5),
('H2', 234, 36, 6),
('H2', 237, 38, 1),
('H2', 238, 38, 2),
('H2', 239, 38, 3),
('H2', 240, 38, 4),
('H2', 241, 39, 1),
('H2', 242, 39, 2),
('H2', 243, 39, 3),
('H2', 244, 39, 4),
('H2', 245, 40, 1),
('H2', 246, 40, 2),
('H2', 247, 40, 3),
('H2', 248, 40, 4),
('H2', 249, 41, 1),
('H2', 250, 41, 2),
('H2', 251, 41, 3),
('H2', 252, 41, 4),
('H2', 253, 41, 5),
('H2', 254, 41, 6),
('H2', 255, 41, 7),
('H2', 256, 41, 8),
('H2', 257, 41, 9),
('H2', 258, 41, 10),
('H2', 259, 41, 11),
('H2', 260, 42, 1),
('H2', 261, 42, 2),
('H2', 262, 42, 3),
('H2', 263, 42, 4),
('H2', 264, 42, 5),
('H2', 265, 42, 6),
('H2', 266, 42, 7),
('H2', 267, 42, 8),
('H2', 268, 42, 9),
('H2', 269, 43, 1),
('H2', 270, 43, 2),
('H2', 271, 43, 3),
('H2', 272, 43, 4),
('H2', 273, 44, 1),
('H2', 274, 44, 2),
('H2', 275, 44, 3),
('H2', 276, 44, 4),
('H2', 277, 45, 1),
('H2', 278, 45, 2),
('H2', 279, 45, 3),
('H2', 280, 45, 4),
('H2', 281, 45, 5),
('H2', 282, 45, 6),
('H2', 283, 45, 7),
('H2', 284, 45, 8),
('H2', 285, 45, 9),
('H2', 286, 45, 10),
('H2', 287, 45, 11),
('H2', 288, 12, 1),
('H2', 289, 46, 1),
('H2', 290, 46, 2),
('H2', 291, 46, 3),
('H2', 292, 46, 4),
('H2', 293, 46, 5),
('H2', 294, 46, 6),
('H2', 295, 47, 1),
('H2', 296, 47, 2),
('H2', 297, 48, 1),
('H2', 298, 48, 2),
('H2', 299, 48, 3),
('H2', 300, 48, 4),
('H2', 301, 48, 5),
('H2', 302, 48, 6),
('H2', 303, 48, 7),
('H2', 304, 48, 8),
('H2', 305, 48, 9),
('H2', 306, 48, 10),
('H2', 307, 48, 11),
('H2', 308, 48, 12),
('H2', 309, 48, 13),
('H2', 310, 48, 14),
('H2', 311, 48, 15),
('H2', 312, 48, 16),
('H2', 313, 48, 17),
('H2', 314, 48, 18),
('H2', 315, 48, 19),
('H2', 316, 48, 20),
('H2', 317, 48, 21),
('H2', 318, 48, 22),
('H2', 319, 48, 23),
('H2', 320, 48, 24),
('H2', 321, 2, 1),
('H2', 322, 49, 1),
('H2', 323, 49, 2),
('H2', 324, 49, 3),
('H2', 325, 50, 1),
('H2', 326, 50, 2),
('H2', 327, 51, 1),
('H2', 328, 51, 2),
('H2', 329, 51, 3),
('H2', 330, 51, 4),
('H2', 331, 51, 5),
('H2', 332, 51, 6),
('H2', 333, 51, 7),
('H2', 334, 51, 8),
('H2', 335, 51, 9),
('H2', 336, 51, 10),
('H2', 337, 51, 11),
('H2', 338, 51, 12),
('H2', 339, 51, 13),
('H2', 340, 51, 14),
('H2', 341, 51, 15),
('H2', 342, 51, 16),
('H2', 343, 51, 17),
('H2', 344, 51, 18),
('H2', 345, 51, 19),
('H2', 346, 51, 20),
('H2', 347, 51, 21),
('H2', 348, 51, 22),
('H2', 349, 51, 23),
('H2', 350, 51, 24),
('H2', 351, 51, 25),
('H2', 352, 51, 26),
('H2', 353, 51, 27),
('H2', 354, 51, 28),
('H2', 355, 51, 29),
('H2', 356, 51, 30),
('H2', 357, 51, 31),
('H2', 358, 51, 32),
('H2', 359, 51, 33),
('H2', 360, 51, 34),
('H2', 361, 51, 35),
('H2', 362, 51, 36),
('H2', 363, 51, 37),
('H2', 364, 51, 38),
('H2', 365, 51, 39),
('H2', 366, 51, 40),
('H2', 367, 51, 41),
('H2', 368, 51, 42),
('H2', 369, 51, 43),
('H2', 370, 51, 44),
('H2', 371, 51, 45),
('H2', 372, 51, 46),
('H2', 373, 51, 47),
('H2', 374, 51, 48),
('H2', 375, 51, 49),
('H2', 376, 52, 1),
('H2', 377, 52, 2),
('H2', 378, 53, 1),
('H2', 379, 53, 2),
('H2', 380, 54, 1),
('H2', 381, 54, 2),
('H2', 382, 55, 1),
('H2', 383, 55, 2),
('H2', 384, 55, 3),
('H2', 385, 56, 1),
('H2', 386, 56, 2),
('H2', 387, 29, NULL),
('H2', 388, 57, 1),
('H2', 389, 57, 2),
('H2', 390, 57, 3),
('H2', 391, 57, 4),
('H2', 392, 57, 5),
('H2', 393, 58, 1),
('H2', 394, 58, 2),
('H2', 395, 58, 3),
('H2', 396, 58, 4),
('H2', 397, 58, 5),
('H2', 398, 58, 6),
('H2', 399, 58, 7),
('H2', 400, 58, 8),
('H2', 401, 59, 1),
('H2', 402, 59, 2),
('H2', 403, 60, 1),
('H2', 404, 60, 2),
('H2', 406, 61, 1),
('H2', 407, 61, 2),
('H2', 408, 61, 3),
('H2', 409, 61, 4),
('H2', 410, 61, 5),
('H2', 411, 62, 1),
('H2', 412, 62, 2),
('H2', 413, 62, 3),
('H2', 414, 62, 4),
('H2', 415, 62, 5),
('H2', 416, 63, 1),
('H2', 417, 63, 2),
('H2', 418, 63, 3),
('H2', 419, 64, 1),
('H2', 420, 64, 2),
('H2', 422, 65, 1),
('H2', 423, 65, 2),
('H2', 424, 65, 3),
('H2', 425, 66, 1),
('H2', 426, 66, 2),
('H2', 427, 66, 3),
('H2', 428, 21, 10),
('H2', 429, 21, 11),
('H2', 430, 21, 12),
('H2', 431, 21, 13),
('H2', 432, 21, 14),
('H2', 433, 21, 15),
('H2', 434, 21, 16),
('H2', 435, 67, 1),
('H2', 436, 67, 2),
('H2', 437, 67, 3),
('H2', 438, 67, 4),
('H2', 439, 67, 5),
('H2', 440, 68, 1),
('H2', 444, 68, 2),
('H2', 445, 68, 3),
('H2', 446, 14, 12),
('H2', 447, 14, 13),
('H2', 448, 14, 14),
('H2', 449, 14, 15),
('H2', 450, 14, 16),
('H2', 451, 14, 17),
('H2', 452, 14, 18),
('H2', 453, 14, 19),
('H2', 455, 11, 2),
('H2', 456, 11, 3),
('H2', 457, 11, 4),
('H2', 458, 11, 5),
('H2', 459, 11, 6),
('H2', 460, 11, 7),
('H2', 461, 11, 8),
('H2', 462, 11, 9),
('H2', 463, 11, 10),
('H2', 464, 11, 11),
('H2', 465, 11, 12),
('H2', 508, 37, 3),
('H2', 509, 37, 4),
('H2', 510, 37, 5),
('H2', 511, 37, 6),
('H2', 543, 67, 6),
('H2', 544, 12, 3),
('H2', 545, 12, 4),
('H2', 557, 29, 4),
('H2', 559, 70, 1),
('H2', 560, 70, 2),
('H22', 1, 1, 0),
('H22', 2, 1, 1),
('H22', 3, 1, 2),
('H22', 4, 1, 3),
('H22', 5, 1, 4),
('H22', 6, 1, 5),
('H22', 7, 1, 6),
('H22', 8, 1, 7),
('H22', 9, 1, 8),
('H22', 10, 1, 9),
('H22', 11, 1, 10),
('H22', 12, 2, 0),
('H22', 13, 2, 1),
('H22', 14, 3, 0),
('H22', 15, 3, 1),
('H22', 16, 3, 2),
('H22', 17, 3, 3),
('H22', 18, 3, 4),
('H22', 19, 3, 5),
('H22', 20, 4, 0),
('H22', 21, 4, 1),
('H22', 22, 4, 2),
('H22', 23, 4, 3),
('H22', 24, 4, 4),
('H22', 25, 4, 5),
('H22', 26, 4, 6),
('H22', 27, 4, 7),
('H22', 28, 4, 8),
('H22', 29, 4, 9),
('H22', 30, 4, 10),
('H22', 31, 4, 11),
('H22', 32, 4, 12),
('H22', 33, 5, 0),
('H22', 34, 5, 1),
('H22', 35, 5, 2),
('H22', 36, 5, 3),
('H22', 37, 5, 4),
('H22', 38, 6, 0),
('H22', 39, 6, 1),
('H22', 40, 6, 2),
('H22', 41, 7, 0),
('H22', 42, 7, 1),
('H22', 43, 7, 2),
('H22', 44, 7, 3),
('H22', 45, 7, 4),
('H22', 46, 8, 0),
('H22', 47, 9, 0),
('H22', 48, 9, 1),
('H22', 49, 9, 2),
('H22', 50, 9, 3),
('H22', 51, 10, 0),
('H22', 52, 10, 1),
('H22', 53, 10, 2),
('H22', 54, 10, 3),
('H22', 55, 10, 4),
('H22', 56, 10, 5),
('H22', 57, 10, 6),
('H22', 58, 10, 7),
('H22', 59, 10, 8),
('H22', 60, 11, 0),
('H22', 61, 11, 1),
('H22', 92, 12, 0),
('H22', 93, 12, 1),
('H22', 94, 12, 2),
('H22', 98, 13, 0),
('H22', 99, 13, 1),
('H22', 101, 13, 3),
('H22', 106, 13, 8),
('H22', 107, 13, 9),
('H22', 108, 13, 10),
('H22', 109, 13, 11),
('H22', 110, 13, 12),
('H22', 111, 14, 0),
('H22', 123, 15, 0),
('H22', 124, 15, 1),
('H22', 125, 15, 2),
('H22', 126, 15, 3),
('H22', 127, 16, 0),
('H22', 128, 16, 1),
('H22', 129, 16, 2),
('H22', 130, 17, 0),
('H22', 131, 17, 1),
('H22', 132, 17, 2),
('H22', 133, 17, 3),
('H22', 134, 17, 4),
('H22', 139, 19, 0),
('H22', 140, 19, 1),
('H22', 141, 19, 2),
('H22', 142, 19, 3),
('H22', 143, 19, 4),
('H22', 150, 21, 0),
('H22', 151, 21, 1),
('H22', 152, 21, 2),
('H22', 153, 21, 3),
('H22', 154, 21, 4),
('H22', 155, 21, 5),
('H22', 156, 21, 6),
('H22', 157, 21, 7),
('H22', 158, 21, 8),
('H22', 159, 21, 9),
('H22', 160, 22, 0),
('H22', 161, 22, 1),
('H22', 162, 22, 2),
('H22', 163, 22, 3),
('H22', 164, 22, 4),
('H22', 165, 22, 5),
('H22', 166, 23, 0),
('H22', 167, 23, 1),
('H22', 168, 23, 2),
('H22', 169, 23, 3),
('H22', 170, 24, 0),
('H22', 171, 24, 1),
('H22', 172, 24, 2),
('H22', 173, 25, 0),
('H22', 174, 25, 1),
('H22', 175, 25, 2),
('H22', 176, 25, 3),
('H22', 177, 25, 4),
('H22', 178, 25, 5),
('H22', 179, 26, 0),
('H22', 180, 26, 1),
('H22', 181, 26, 2),
('H22', 182, 27, 0),
('H22', 183, 27, 1),
('H22', 184, 27, 2),
('H22', 185, 27, 3),
('H22', 186, 28, 0),
('H22', 187, 28, 1),
('H22', 188, 28, 2),
('H22', 189, 28, 3),
('H22', 190, 29, 0),
('H22', 191, 29, 1),
('H22', 192, 29, 2),
('H22', 193, 29, 3),
('H22', 194, 30, 0),
('H22', 195, 30, 1),
('H22', 196, 30, 2),
('H22', 197, 30, 3),
('H22', 198, 30, 4),
('H22', 199, 30, 5),
('H22', 200, 30, 6),
('H22', 201, 30, 7),
('H22', 202, 30, 8),
('H22', 203, 30, 9),
('H22', 204, 30, 10),
('H22', 205, 30, 11),
('H22', 206, 30, 12),
('H22', 207, 30, 13),
('H22', 208, 30, 14),
('H22', 209, 30, 15),
('H22', 210, 31, 1),
('H22', 211, 31, 2),
('H22', 212, 31, 3),
('H22', 213, 31, 4),
('H22', 214, 32, 1),
('H22', 215, 32, 2),
('H22', 216, 32, 3),
('H22', 217, 32, 4),
('H22', 218, 32, 5),
('H22', 219, 32, 6),
('H22', 220, 33, 1),
('H22', 221, 33, 2),
('H22', 222, 33, 3),
('H22', 223, 34, 1),
('H22', 224, 34, 2),
('H22', 225, 34, 3),
('H22', 226, 35, 1),
('H22', 227, 35, 2),
('H22', 228, 35, 3),
('H22', 229, 36, 1),
('H22', 230, 36, 2),
('H22', 231, 36, 3),
('H22', 232, 36, 4),
('H22', 233, 36, 5),
('H22', 234, 36, 6),
('H22', 237, 38, 1),
('H22', 238, 38, 2),
('H22', 239, 38, 3),
('H22', 240, 38, 4),
('H22', 241, 39, 1),
('H22', 242, 39, 2),
('H22', 243, 39, 3),
('H22', 244, 39, 4),
('H22', 245, 40, 1),
('H22', 246, 40, 2),
('H22', 247, 40, 3),
('H22', 248, 40, 4),
('H22', 249, 41, 1),
('H22', 250, 41, 2),
('H22', 251, 41, 3),
('H22', 252, 41, 4),
('H22', 253, 41, 5),
('H22', 254, 41, 6),
('H22', 255, 41, 7),
('H22', 256, 41, 8),
('H22', 257, 41, 9),
('H22', 258, 41, 10),
('H22', 259, 41, 11),
('H22', 260, 42, 1),
('H22', 261, 42, 2),
('H22', 262, 42, 3),
('H22', 263, 42, 4),
('H22', 264, 42, 5),
('H22', 265, 42, 6),
('H22', 266, 42, 7),
('H22', 267, 42, 8),
('H22', 268, 42, 9),
('H22', 269, 43, 1),
('H22', 270, 43, 2),
('H22', 271, 43, 3),
('H22', 272, 43, 4),
('H22', 273, 44, 1),
('H22', 274, 44, 2),
('H22', 275, 44, 3),
('H22', 276, 44, 4),
('H22', 277, 45, 1),
('H22', 278, 45, 2),
('H22', 279, 45, 3),
('H22', 280, 45, 4),
('H22', 281, 45, 5),
('H22', 282, 45, 6),
('H22', 283, 45, 7),
('H22', 284, 45, 8),
('H22', 285, 45, 9),
('H22', 286, 45, 10),
('H22', 287, 45, 11),
('H22', 288, 12, 1),
('H22', 289, 46, 1),
('H22', 290, 46, 2),
('H22', 291, 46, 3),
('H22', 292, 46, 4),
('H22', 293, 46, 5),
('H22', 294, 46, 6),
('H22', 295, 47, 1),
('H22', 296, 47, 2),
('H22', 297, 48, 1),
('H22', 298, 48, 2),
('H22', 299, 48, 3),
('H22', 300, 48, 4),
('H22', 301, 48, 5),
('H22', 302, 48, 6),
('H22', 303, 48, 7),
('H22', 304, 48, 8),
('H22', 305, 48, 9),
('H22', 306, 48, 10),
('H22', 307, 48, 11),
('H22', 308, 48, 12),
('H22', 309, 48, 13),
('H22', 310, 48, 14),
('H22', 311, 48, 15),
('H22', 312, 48, 16),
('H22', 313, 48, 17),
('H22', 314, 48, 18),
('H22', 315, 48, 19),
('H22', 316, 48, 20),
('H22', 317, 48, 21),
('H22', 318, 48, 22),
('H22', 319, 48, 23),
('H22', 320, 48, 24),
('H22', 321, 2, 1),
('H22', 322, 49, 1),
('H22', 323, 49, 2),
('H22', 324, 49, 3),
('H22', 325, 50, 1),
('H22', 326, 50, 2),
('H22', 327, 51, 1),
('H22', 328, 51, 2),
('H22', 329, 51, 3),
('H22', 330, 51, 4),
('H22', 331, 51, 5),
('H22', 332, 51, 6),
('H22', 333, 51, 7),
('H22', 334, 51, 8),
('H22', 335, 51, 9),
('H22', 336, 51, 10),
('H22', 337, 51, 11),
('H22', 338, 51, 12),
('H22', 339, 51, 13),
('H22', 340, 51, 14),
('H22', 341, 51, 15),
('H22', 342, 51, 16),
('H22', 343, 51, 17),
('H22', 344, 51, 18),
('H22', 345, 51, 19),
('H22', 346, 51, 20),
('H22', 347, 51, 21),
('H22', 348, 51, 22),
('H22', 349, 51, 23),
('H22', 350, 51, 24),
('H22', 351, 51, 25),
('H22', 352, 51, 26),
('H22', 353, 51, 27),
('H22', 354, 51, 28),
('H22', 355, 51, 29),
('H22', 356, 51, 30),
('H22', 357, 51, 31),
('H22', 358, 51, 32),
('H22', 359, 51, 33),
('H22', 360, 51, 34),
('H22', 361, 51, 35),
('H22', 362, 51, 36),
('H22', 363, 51, 37),
('H22', 364, 51, 38),
('H22', 365, 51, 39),
('H22', 366, 51, 40),
('H22', 367, 51, 41),
('H22', 368, 51, 42),
('H22', 369, 51, 43),
('H22', 370, 51, 44),
('H22', 371, 51, 45),
('H22', 372, 51, 46),
('H22', 373, 51, 47),
('H22', 374, 51, 48),
('H22', 375, 51, 49),
('H22', 376, 52, 1),
('H22', 377, 52, 2),
('H22', 378, 53, 1),
('H22', 379, 53, 2),
('H22', 380, 54, 1),
('H22', 381, 54, 2),
('H22', 382, 55, 1),
('H22', 383, 55, 2),
('H22', 384, 55, 3),
('H22', 385, 56, 1),
('H22', 386, 56, 2),
('H22', 387, 29, NULL),
('H22', 388, 57, 1),
('H22', 389, 57, 2),
('H22', 390, 57, 3),
('H22', 391, 57, 4),
('H22', 392, 57, 5),
('H22', 393, 58, 1),
('H22', 394, 58, 2),
('H22', 395, 58, 3),
('H22', 396, 58, 4),
('H22', 397, 58, 5),
('H22', 398, 58, 6),
('H22', 399, 58, 7),
('H22', 400, 58, 8),
('H22', 401, 59, 1),
('H22', 402, 59, 2),
('H22', 403, 60, 1),
('H22', 404, 60, 2),
('H22', 406, 61, 1),
('H22', 407, 61, 2),
('H22', 408, 61, 3),
('H22', 409, 61, 4),
('H22', 410, 61, 5),
('H22', 411, 62, 1),
('H22', 412, 62, 2),
('H22', 413, 62, 3),
('H22', 414, 62, 4),
('H22', 415, 62, 5),
('H22', 416, 63, 1),
('H22', 417, 63, 2),
('H22', 418, 63, 3),
('H22', 419, 64, 1),
('H22', 420, 64, 2),
('H22', 422, 65, 1),
('H22', 423, 65, 2),
('H22', 424, 65, 3),
('H22', 425, 66, 1),
('H22', 426, 66, 2),
('H22', 427, 66, 3),
('H22', 428, 21, 10),
('H22', 429, 21, 11),
('H22', 430, 21, 12),
('H22', 431, 21, 13),
('H22', 432, 21, 14),
('H22', 433, 21, 15),
('H22', 434, 21, 16),
('H22', 435, 67, 1),
('H22', 436, 67, 2),
('H22', 437, 67, 3),
('H22', 438, 67, 4),
('H22', 439, 67, 5),
('H22', 440, 68, 1),
('H22', 444, 68, 2),
('H22', 445, 68, 3),
('H22', 446, 14, 12),
('H22', 447, 14, 13),
('H22', 448, 14, 14),
('H22', 449, 14, 15),
('H22', 450, 14, 16),
('H22', 451, 14, 17),
('H22', 452, 14, 18),
('H22', 453, 14, 19),
('H22', 455, 11, 2),
('H22', 456, 11, 3),
('H22', 457, 11, 4),
('H22', 458, 11, 5),
('H22', 459, 11, 6),
('H22', 460, 11, 7),
('H22', 461, 11, 8),
('H22', 462, 11, 9),
('H22', 463, 11, 10),
('H22', 464, 11, 11),
('H22', 465, 11, 12),
('H22', 508, 37, 3),
('H22', 509, 37, 4),
('H22', 510, 37, 5),
('H22', 511, 37, 6),
('H22', 543, 67, 6),
('H22', 544, 12, 3),
('H22', 545, 12, 4),
('H22', 557, 29, 4),
('H22', 559, 70, 1),
('H22', 560, 70, 2),
('H26', 1, 1, 0),
('H26', 2, 1, 1),
('H26', 3, 1, 2),
('H26', 4, 1, 3),
('H26', 5, 1, 4),
('H26', 6, 1, 5),
('H26', 7, 1, 6),
('H26', 8, 1, 7),
('H26', 9, 1, 8),
('H26', 10, 1, 9),
('H26', 11, 1, 10),
('H26', 12, 2, 0),
('H26', 13, 2, 1),
('H26', 14, 3, 0),
('H26', 15, 3, 1),
('H26', 16, 3, 2),
('H26', 17, 3, 3),
('H26', 18, 3, 4),
('H26', 19, 3, 5),
('H26', 20, 4, 0),
('H26', 21, 4, 1),
('H26', 22, 4, 2),
('H26', 23, 4, 3),
('H26', 24, 4, 4),
('H26', 25, 4, 5),
('H26', 26, 4, 6),
('H26', 27, 4, 7),
('H26', 28, 4, 8),
('H26', 29, 4, 9),
('H26', 30, 4, 10),
('H26', 31, 4, 11),
('H26', 32, 4, 12),
('H26', 33, 5, 0),
('H26', 34, 5, 1),
('H26', 35, 5, 2),
('H26', 36, 5, 3),
('H26', 37, 5, 4),
('H26', 38, 6, 0),
('H26', 39, 6, 1),
('H26', 40, 6, 2),
('H26', 41, 7, 0),
('H26', 42, 7, 1),
('H26', 43, 7, 2),
('H26', 44, 7, 3),
('H26', 45, 7, 4),
('H26', 46, 8, 0),
('H26', 47, 9, 0),
('H26', 48, 9, 1),
('H26', 49, 9, 2),
('H26', 50, 9, 3),
('H26', 51, 10, 0),
('H26', 52, 10, 1),
('H26', 53, 10, 2),
('H26', 54, 10, 3),
('H26', 55, 10, 4),
('H26', 56, 10, 5),
('H26', 57, 10, 6),
('H26', 58, 10, 7),
('H26', 59, 10, 8),
('H26', 60, 11, 0),
('H26', 61, 11, 1),
('H26', 92, 12, 0),
('H26', 93, 12, 1),
('H26', 94, 12, 2),
('H26', 98, 13, 0),
('H26', 99, 13, 1),
('H26', 101, 13, 3),
('H26', 106, 13, 8),
('H26', 107, 13, 9),
('H26', 108, 13, 10),
('H26', 109, 13, 11),
('H26', 110, 13, 12),
('H26', 111, 14, 0),
('H26', 123, 15, 0),
('H26', 124, 15, 1),
('H26', 125, 15, 2),
('H26', 126, 15, 3),
('H26', 127, 16, 0),
('H26', 128, 16, 1),
('H26', 129, 16, 2),
('H26', 130, 17, 0),
('H26', 131, 17, 1),
('H26', 132, 17, 2),
('H26', 133, 17, 3),
('H26', 134, 17, 4),
('H26', 139, 19, 0),
('H26', 140, 19, 1),
('H26', 141, 19, 2),
('H26', 142, 19, 3),
('H26', 143, 19, 4),
('H26', 150, 21, 0),
('H26', 151, 21, 1),
('H26', 152, 21, 2),
('H26', 153, 21, 3),
('H26', 154, 21, 4),
('H26', 155, 21, 5),
('H26', 156, 21, 6),
('H26', 157, 21, 7),
('H26', 158, 21, 8),
('H26', 159, 21, 9),
('H26', 160, 22, 0),
('H26', 161, 22, 1),
('H26', 162, 22, 2),
('H26', 163, 22, 3),
('H26', 164, 22, 4),
('H26', 165, 22, 5),
('H26', 166, 23, 0),
('H26', 167, 23, 1),
('H26', 168, 23, 2),
('H26', 169, 23, 3),
('H26', 170, 24, 0),
('H26', 171, 24, 1),
('H26', 172, 24, 2),
('H26', 173, 25, 0),
('H26', 174, 25, 1),
('H26', 175, 25, 2),
('H26', 176, 25, 3),
('H26', 177, 25, 4),
('H26', 178, 25, 5),
('H26', 179, 26, 0),
('H26', 180, 26, 1),
('H26', 181, 26, 2),
('H26', 182, 27, 0),
('H26', 183, 27, 1),
('H26', 184, 27, 2),
('H26', 185, 27, 3),
('H26', 186, 28, 0),
('H26', 187, 28, 1),
('H26', 188, 28, 2),
('H26', 189, 28, 3),
('H26', 190, 29, 0),
('H26', 191, 29, 1),
('H26', 192, 29, 2),
('H26', 193, 29, 3),
('H26', 194, 30, 0),
('H26', 195, 30, 1),
('H26', 196, 30, 2),
('H26', 197, 30, 3),
('H26', 198, 30, 4),
('H26', 199, 30, 5),
('H26', 200, 30, 6),
('H26', 201, 30, 7),
('H26', 202, 30, 8),
('H26', 203, 30, 9),
('H26', 204, 30, 10),
('H26', 205, 30, 11),
('H26', 206, 30, 12),
('H26', 207, 30, 13),
('H26', 208, 30, 14),
('H26', 209, 30, 15),
('H26', 210, 31, 1),
('H26', 211, 31, 2),
('H26', 212, 31, 3),
('H26', 213, 31, 4),
('H26', 214, 32, 1),
('H26', 215, 32, 2),
('H26', 216, 32, 3),
('H26', 217, 32, 4),
('H26', 218, 32, 5),
('H26', 219, 32, 6),
('H26', 220, 33, 1),
('H26', 221, 33, 2),
('H26', 222, 33, 3),
('H26', 223, 34, 1),
('H26', 224, 34, 2),
('H26', 225, 34, 3),
('H26', 226, 35, 1),
('H26', 227, 35, 2),
('H26', 228, 35, 3),
('H26', 229, 36, 1),
('H26', 230, 36, 2),
('H26', 231, 36, 3),
('H26', 232, 36, 4),
('H26', 233, 36, 5),
('H26', 234, 36, 6),
('H26', 237, 38, 1),
('H26', 238, 38, 2),
('H26', 239, 38, 3),
('H26', 240, 38, 4),
('H26', 241, 39, 1),
('H26', 242, 39, 2),
('H26', 243, 39, 3),
('H26', 244, 39, 4),
('H26', 245, 40, 1),
('H26', 246, 40, 2),
('H26', 247, 40, 3),
('H26', 248, 40, 4),
('H26', 249, 41, 1),
('H26', 250, 41, 2),
('H26', 251, 41, 3),
('H26', 252, 41, 4),
('H26', 253, 41, 5),
('H26', 254, 41, 6),
('H26', 255, 41, 7),
('H26', 256, 41, 8),
('H26', 257, 41, 9),
('H26', 258, 41, 10),
('H26', 259, 41, 11),
('H26', 260, 42, 1),
('H26', 261, 42, 2),
('H26', 262, 42, 3),
('H26', 263, 42, 4),
('H26', 264, 42, 5),
('H26', 265, 42, 6),
('H26', 266, 42, 7),
('H26', 267, 42, 8),
('H26', 268, 42, 9),
('H26', 269, 43, 1),
('H26', 270, 43, 2),
('H26', 271, 43, 3),
('H26', 272, 43, 4),
('H26', 273, 44, 1),
('H26', 274, 44, 2),
('H26', 275, 44, 3),
('H26', 276, 44, 4),
('H26', 277, 45, 1),
('H26', 278, 45, 2),
('H26', 279, 45, 3),
('H26', 280, 45, 4),
('H26', 281, 45, 5),
('H26', 282, 45, 6),
('H26', 283, 45, 7),
('H26', 284, 45, 8),
('H26', 285, 45, 9),
('H26', 286, 45, 10),
('H26', 287, 45, 11),
('H26', 288, 12, 1),
('H26', 289, 46, 1),
('H26', 290, 46, 2),
('H26', 291, 46, 3),
('H26', 292, 46, 4),
('H26', 293, 46, 5),
('H26', 294, 46, 6),
('H26', 295, 47, 1),
('H26', 296, 47, 2),
('H26', 297, 48, 1),
('H26', 298, 48, 2),
('H26', 299, 48, 3),
('H26', 300, 48, 4),
('H26', 301, 48, 5),
('H26', 302, 48, 6),
('H26', 303, 48, 7),
('H26', 304, 48, 8),
('H26', 305, 48, 9),
('H26', 306, 48, 10),
('H26', 307, 48, 11),
('H26', 308, 48, 12),
('H26', 309, 48, 13),
('H26', 310, 48, 14),
('H26', 311, 48, 15),
('H26', 312, 48, 16),
('H26', 313, 48, 17),
('H26', 314, 48, 18),
('H26', 315, 48, 19),
('H26', 316, 48, 20),
('H26', 317, 48, 21),
('H26', 318, 48, 22),
('H26', 319, 48, 23),
('H26', 320, 48, 24),
('H26', 321, 2, 1),
('H26', 322, 49, 1),
('H26', 323, 49, 2),
('H26', 324, 49, 3),
('H26', 325, 50, 1),
('H26', 326, 50, 2),
('H26', 327, 51, 1),
('H26', 328, 51, 2),
('H26', 329, 51, 3),
('H26', 330, 51, 4),
('H26', 331, 51, 5),
('H26', 332, 51, 6),
('H26', 333, 51, 7),
('H26', 334, 51, 8),
('H26', 335, 51, 9),
('H26', 336, 51, 10),
('H26', 337, 51, 11);
INSERT INTO `vtiger_role2picklist` (`roleid`, `picklistvalueid`, `picklistid`, `sortid`) VALUES
('H26', 338, 51, 12),
('H26', 339, 51, 13),
('H26', 340, 51, 14),
('H26', 341, 51, 15),
('H26', 342, 51, 16),
('H26', 343, 51, 17),
('H26', 344, 51, 18),
('H26', 345, 51, 19),
('H26', 346, 51, 20),
('H26', 347, 51, 21),
('H26', 348, 51, 22),
('H26', 349, 51, 23),
('H26', 350, 51, 24),
('H26', 351, 51, 25),
('H26', 352, 51, 26),
('H26', 353, 51, 27),
('H26', 354, 51, 28),
('H26', 355, 51, 29),
('H26', 356, 51, 30),
('H26', 357, 51, 31),
('H26', 358, 51, 32),
('H26', 359, 51, 33),
('H26', 360, 51, 34),
('H26', 361, 51, 35),
('H26', 362, 51, 36),
('H26', 363, 51, 37),
('H26', 364, 51, 38),
('H26', 365, 51, 39),
('H26', 366, 51, 40),
('H26', 367, 51, 41),
('H26', 368, 51, 42),
('H26', 369, 51, 43),
('H26', 370, 51, 44),
('H26', 371, 51, 45),
('H26', 372, 51, 46),
('H26', 373, 51, 47),
('H26', 374, 51, 48),
('H26', 375, 51, 49),
('H26', 376, 52, 1),
('H26', 377, 52, 2),
('H26', 378, 53, 1),
('H26', 379, 53, 2),
('H26', 380, 54, 1),
('H26', 381, 54, 2),
('H26', 382, 55, 1),
('H26', 383, 55, 2),
('H26', 384, 55, 3),
('H26', 385, 56, 1),
('H26', 386, 56, 2),
('H26', 387, 29, NULL),
('H26', 388, 57, 1),
('H26', 389, 57, 2),
('H26', 390, 57, 3),
('H26', 391, 57, 4),
('H26', 392, 57, 5),
('H26', 393, 58, 1),
('H26', 394, 58, 2),
('H26', 395, 58, 3),
('H26', 396, 58, 4),
('H26', 397, 58, 5),
('H26', 398, 58, 6),
('H26', 399, 58, 7),
('H26', 400, 58, 8),
('H26', 401, 59, 1),
('H26', 402, 59, 2),
('H26', 403, 60, 1),
('H26', 404, 60, 2),
('H26', 406, 61, 1),
('H26', 407, 61, 2),
('H26', 408, 61, 3),
('H26', 409, 61, 4),
('H26', 410, 61, 5),
('H26', 411, 62, 1),
('H26', 412, 62, 2),
('H26', 413, 62, 3),
('H26', 414, 62, 4),
('H26', 415, 62, 5),
('H26', 416, 63, 1),
('H26', 417, 63, 2),
('H26', 418, 63, 3),
('H26', 419, 64, 1),
('H26', 420, 64, 2),
('H26', 422, 65, 1),
('H26', 423, 65, 2),
('H26', 424, 65, 3),
('H26', 425, 66, 1),
('H26', 426, 66, 2),
('H26', 427, 66, 3),
('H26', 428, 21, 10),
('H26', 429, 21, 11),
('H26', 430, 21, 12),
('H26', 431, 21, 13),
('H26', 432, 21, 14),
('H26', 433, 21, 15),
('H26', 434, 21, 16),
('H26', 435, 67, 1),
('H26', 436, 67, 2),
('H26', 437, 67, 3),
('H26', 438, 67, 4),
('H26', 439, 67, 5),
('H26', 440, 68, 1),
('H26', 444, 68, 2),
('H26', 445, 68, 3),
('H26', 446, 14, 12),
('H26', 447, 14, 13),
('H26', 448, 14, 14),
('H26', 449, 14, 15),
('H26', 450, 14, 16),
('H26', 451, 14, 17),
('H26', 452, 14, 18),
('H26', 453, 14, 19),
('H26', 455, 11, 2),
('H26', 456, 11, 3),
('H26', 457, 11, 4),
('H26', 458, 11, 5),
('H26', 459, 11, 6),
('H26', 460, 11, 7),
('H26', 461, 11, 8),
('H26', 462, 11, 9),
('H26', 463, 11, 10),
('H26', 464, 11, 11),
('H26', 465, 11, 12),
('H26', 508, 37, 3),
('H26', 509, 37, 4),
('H26', 510, 37, 5),
('H26', 511, 37, 6),
('H26', 543, 67, 6),
('H26', 544, 12, 3),
('H26', 545, 12, 4),
('H26', 557, 29, 4),
('H26', 559, 70, 1),
('H26', 560, 70, 2),
('H3', 1, 1, 0),
('H3', 2, 1, 1),
('H3', 3, 1, 2),
('H3', 4, 1, 3),
('H3', 5, 1, 4),
('H3', 6, 1, 5),
('H3', 7, 1, 6),
('H3', 8, 1, 7),
('H3', 9, 1, 8),
('H3', 10, 1, 9),
('H3', 11, 1, 10),
('H3', 12, 2, 0),
('H3', 13, 2, 1),
('H3', 14, 3, 0),
('H3', 15, 3, 1),
('H3', 16, 3, 2),
('H3', 17, 3, 3),
('H3', 18, 3, 4),
('H3', 19, 3, 5),
('H3', 20, 4, 0),
('H3', 21, 4, 1),
('H3', 22, 4, 2),
('H3', 23, 4, 3),
('H3', 24, 4, 4),
('H3', 25, 4, 5),
('H3', 26, 4, 6),
('H3', 27, 4, 7),
('H3', 28, 4, 8),
('H3', 29, 4, 9),
('H3', 30, 4, 10),
('H3', 31, 4, 11),
('H3', 32, 4, 12),
('H3', 33, 5, 0),
('H3', 34, 5, 1),
('H3', 35, 5, 2),
('H3', 36, 5, 3),
('H3', 37, 5, 4),
('H3', 38, 6, 0),
('H3', 39, 6, 1),
('H3', 40, 6, 2),
('H3', 41, 7, 0),
('H3', 42, 7, 1),
('H3', 43, 7, 2),
('H3', 44, 7, 3),
('H3', 45, 7, 4),
('H3', 46, 8, 0),
('H3', 47, 9, 0),
('H3', 48, 9, 1),
('H3', 49, 9, 2),
('H3', 50, 9, 3),
('H3', 51, 10, 0),
('H3', 52, 10, 1),
('H3', 53, 10, 2),
('H3', 54, 10, 3),
('H3', 55, 10, 4),
('H3', 56, 10, 5),
('H3', 57, 10, 6),
('H3', 58, 10, 7),
('H3', 59, 10, 8),
('H3', 60, 11, 0),
('H3', 61, 11, 1),
('H3', 92, 12, 0),
('H3', 93, 12, 1),
('H3', 94, 12, 2),
('H3', 98, 13, 0),
('H3', 99, 13, 1),
('H3', 101, 13, 3),
('H3', 106, 13, 8),
('H3', 107, 13, 9),
('H3', 108, 13, 10),
('H3', 109, 13, 11),
('H3', 110, 13, 12),
('H3', 111, 14, 0),
('H3', 123, 15, 0),
('H3', 124, 15, 1),
('H3', 125, 15, 2),
('H3', 126, 15, 3),
('H3', 127, 16, 0),
('H3', 128, 16, 1),
('H3', 129, 16, 2),
('H3', 130, 17, 0),
('H3', 131, 17, 1),
('H3', 132, 17, 2),
('H3', 133, 17, 3),
('H3', 134, 17, 4),
('H3', 139, 19, 0),
('H3', 140, 19, 1),
('H3', 141, 19, 2),
('H3', 142, 19, 3),
('H3', 143, 19, 4),
('H3', 150, 21, 0),
('H3', 151, 21, 1),
('H3', 152, 21, 2),
('H3', 153, 21, 3),
('H3', 154, 21, 4),
('H3', 155, 21, 5),
('H3', 156, 21, 6),
('H3', 157, 21, 7),
('H3', 158, 21, 8),
('H3', 159, 21, 9),
('H3', 160, 22, 0),
('H3', 161, 22, 1),
('H3', 162, 22, 2),
('H3', 163, 22, 3),
('H3', 164, 22, 4),
('H3', 165, 22, 5),
('H3', 166, 23, 0),
('H3', 167, 23, 1),
('H3', 168, 23, 2),
('H3', 169, 23, 3),
('H3', 170, 24, 0),
('H3', 171, 24, 1),
('H3', 172, 24, 2),
('H3', 173, 25, 0),
('H3', 174, 25, 1),
('H3', 175, 25, 2),
('H3', 176, 25, 3),
('H3', 177, 25, 4),
('H3', 178, 25, 5),
('H3', 179, 26, 0),
('H3', 180, 26, 1),
('H3', 181, 26, 2),
('H3', 182, 27, 0),
('H3', 183, 27, 1),
('H3', 184, 27, 2),
('H3', 185, 27, 3),
('H3', 186, 28, 0),
('H3', 187, 28, 1),
('H3', 188, 28, 2),
('H3', 189, 28, 3),
('H3', 190, 29, 0),
('H3', 191, 29, 1),
('H3', 192, 29, 2),
('H3', 193, 29, 3),
('H3', 194, 30, 0),
('H3', 195, 30, 1),
('H3', 196, 30, 2),
('H3', 197, 30, 3),
('H3', 198, 30, 4),
('H3', 199, 30, 5),
('H3', 200, 30, 6),
('H3', 201, 30, 7),
('H3', 202, 30, 8),
('H3', 203, 30, 9),
('H3', 204, 30, 10),
('H3', 205, 30, 11),
('H3', 206, 30, 12),
('H3', 207, 30, 13),
('H3', 208, 30, 14),
('H3', 209, 30, 15),
('H3', 210, 31, 1),
('H3', 211, 31, 2),
('H3', 212, 31, 3),
('H3', 213, 31, 4),
('H3', 214, 32, 1),
('H3', 215, 32, 2),
('H3', 216, 32, 3),
('H3', 217, 32, 4),
('H3', 218, 32, 5),
('H3', 219, 32, 6),
('H3', 220, 33, 1),
('H3', 221, 33, 2),
('H3', 222, 33, 3),
('H3', 223, 34, 1),
('H3', 224, 34, 2),
('H3', 225, 34, 3),
('H3', 226, 35, 1),
('H3', 227, 35, 2),
('H3', 228, 35, 3),
('H3', 229, 36, 1),
('H3', 230, 36, 2),
('H3', 231, 36, 3),
('H3', 232, 36, 4),
('H3', 233, 36, 5),
('H3', 234, 36, 6),
('H3', 237, 38, 1),
('H3', 238, 38, 2),
('H3', 239, 38, 3),
('H3', 240, 38, 4),
('H3', 241, 39, 1),
('H3', 242, 39, 2),
('H3', 243, 39, 3),
('H3', 244, 39, 4),
('H3', 245, 40, 1),
('H3', 246, 40, 2),
('H3', 247, 40, 3),
('H3', 248, 40, 4),
('H3', 249, 41, 1),
('H3', 250, 41, 2),
('H3', 251, 41, 3),
('H3', 252, 41, 4),
('H3', 253, 41, 5),
('H3', 254, 41, 6),
('H3', 255, 41, 7),
('H3', 256, 41, 8),
('H3', 257, 41, 9),
('H3', 258, 41, 10),
('H3', 259, 41, 11),
('H3', 260, 42, 1),
('H3', 261, 42, 2),
('H3', 262, 42, 3),
('H3', 263, 42, 4),
('H3', 264, 42, 5),
('H3', 265, 42, 6),
('H3', 266, 42, 7),
('H3', 267, 42, 8),
('H3', 268, 42, 9),
('H3', 269, 43, 1),
('H3', 270, 43, 2),
('H3', 271, 43, 3),
('H3', 272, 43, 4),
('H3', 273, 44, 1),
('H3', 274, 44, 2),
('H3', 275, 44, 3),
('H3', 276, 44, 4),
('H3', 277, 45, 1),
('H3', 278, 45, 2),
('H3', 279, 45, 3),
('H3', 280, 45, 4),
('H3', 281, 45, 5),
('H3', 282, 45, 6),
('H3', 283, 45, 7),
('H3', 284, 45, 8),
('H3', 285, 45, 9),
('H3', 286, 45, 10),
('H3', 287, 45, 11),
('H3', 288, 12, 1),
('H3', 289, 46, 1),
('H3', 290, 46, 2),
('H3', 291, 46, 3),
('H3', 292, 46, 4),
('H3', 293, 46, 5),
('H3', 294, 46, 6),
('H3', 295, 47, 1),
('H3', 296, 47, 2),
('H3', 297, 48, 1),
('H3', 298, 48, 2),
('H3', 299, 48, 3),
('H3', 300, 48, 4),
('H3', 301, 48, 5),
('H3', 302, 48, 6),
('H3', 303, 48, 7),
('H3', 304, 48, 8),
('H3', 305, 48, 9),
('H3', 306, 48, 10),
('H3', 307, 48, 11),
('H3', 308, 48, 12),
('H3', 309, 48, 13),
('H3', 310, 48, 14),
('H3', 311, 48, 15),
('H3', 312, 48, 16),
('H3', 313, 48, 17),
('H3', 314, 48, 18),
('H3', 315, 48, 19),
('H3', 316, 48, 20),
('H3', 317, 48, 21),
('H3', 318, 48, 22),
('H3', 319, 48, 23),
('H3', 320, 48, 24),
('H3', 321, 2, 1),
('H3', 322, 49, 1),
('H3', 323, 49, 2),
('H3', 324, 49, 3),
('H3', 325, 50, 1),
('H3', 326, 50, 2),
('H3', 327, 51, 1),
('H3', 328, 51, 2),
('H3', 329, 51, 3),
('H3', 330, 51, 4),
('H3', 331, 51, 5),
('H3', 332, 51, 6),
('H3', 333, 51, 7),
('H3', 334, 51, 8),
('H3', 335, 51, 9),
('H3', 336, 51, 10),
('H3', 337, 51, 11),
('H3', 338, 51, 12),
('H3', 339, 51, 13),
('H3', 340, 51, 14),
('H3', 341, 51, 15),
('H3', 342, 51, 16),
('H3', 343, 51, 17),
('H3', 344, 51, 18),
('H3', 345, 51, 19),
('H3', 346, 51, 20),
('H3', 347, 51, 21),
('H3', 348, 51, 22),
('H3', 349, 51, 23),
('H3', 350, 51, 24),
('H3', 351, 51, 25),
('H3', 352, 51, 26),
('H3', 353, 51, 27),
('H3', 354, 51, 28),
('H3', 355, 51, 29),
('H3', 356, 51, 30),
('H3', 357, 51, 31),
('H3', 358, 51, 32),
('H3', 359, 51, 33),
('H3', 360, 51, 34),
('H3', 361, 51, 35),
('H3', 362, 51, 36),
('H3', 363, 51, 37),
('H3', 364, 51, 38),
('H3', 365, 51, 39),
('H3', 366, 51, 40),
('H3', 367, 51, 41),
('H3', 368, 51, 42),
('H3', 369, 51, 43),
('H3', 370, 51, 44),
('H3', 371, 51, 45),
('H3', 372, 51, 46),
('H3', 373, 51, 47),
('H3', 374, 51, 48),
('H3', 375, 51, 49),
('H3', 376, 52, 1),
('H3', 377, 52, 2),
('H3', 378, 53, 1),
('H3', 379, 53, 2),
('H3', 380, 54, 1),
('H3', 381, 54, 2),
('H3', 382, 55, 1),
('H3', 383, 55, 2),
('H3', 384, 55, 3),
('H3', 385, 56, 1),
('H3', 386, 56, 2),
('H3', 387, 29, NULL),
('H3', 388, 57, 1),
('H3', 389, 57, 2),
('H3', 390, 57, 3),
('H3', 391, 57, 4),
('H3', 392, 57, 5),
('H3', 393, 58, 1),
('H3', 394, 58, 2),
('H3', 395, 58, 3),
('H3', 396, 58, 4),
('H3', 397, 58, 5),
('H3', 398, 58, 6),
('H3', 399, 58, 7),
('H3', 400, 58, 8),
('H3', 401, 59, 1),
('H3', 402, 59, 2),
('H3', 403, 60, 1),
('H3', 404, 60, 2),
('H3', 406, 61, 1),
('H3', 407, 61, 2),
('H3', 408, 61, 3),
('H3', 409, 61, 4),
('H3', 410, 61, 5),
('H3', 411, 62, 1),
('H3', 412, 62, 2),
('H3', 413, 62, 3),
('H3', 414, 62, 4),
('H3', 415, 62, 5),
('H3', 416, 63, 1),
('H3', 417, 63, 2),
('H3', 418, 63, 3),
('H3', 419, 64, 1),
('H3', 420, 64, 2),
('H3', 422, 65, 1),
('H3', 423, 65, 2),
('H3', 424, 65, 3),
('H3', 425, 66, 1),
('H3', 426, 66, 2),
('H3', 427, 66, 3),
('H3', 428, 21, 10),
('H3', 429, 21, 11),
('H3', 430, 21, 12),
('H3', 431, 21, 13),
('H3', 432, 21, 14),
('H3', 433, 21, 15),
('H3', 434, 21, 16),
('H3', 435, 67, 1),
('H3', 436, 67, 2),
('H3', 437, 67, 3),
('H3', 438, 67, 4),
('H3', 439, 67, 5),
('H3', 440, 68, 1),
('H3', 444, 68, 2),
('H3', 445, 68, 3),
('H3', 446, 14, 12),
('H3', 447, 14, 13),
('H3', 448, 14, 14),
('H3', 449, 14, 15),
('H3', 450, 14, 16),
('H3', 451, 14, 17),
('H3', 452, 14, 18),
('H3', 453, 14, 19),
('H3', 455, 11, 2),
('H3', 456, 11, 3),
('H3', 457, 11, 4),
('H3', 458, 11, 5),
('H3', 459, 11, 6),
('H3', 460, 11, 7),
('H3', 461, 11, 8),
('H3', 462, 11, 9),
('H3', 463, 11, 10),
('H3', 464, 11, 11),
('H3', 465, 11, 12),
('H3', 508, 37, 3),
('H3', 509, 37, 4),
('H3', 510, 37, 5),
('H3', 511, 37, 6),
('H3', 543, 67, 6),
('H3', 544, 12, 3),
('H3', 545, 12, 4),
('H3', 557, 29, 4),
('H3', 559, 70, 1),
('H3', 560, 70, 2),
('H30', 1, 1, 0),
('H30', 2, 1, 1),
('H30', 3, 1, 2),
('H30', 4, 1, 3),
('H30', 5, 1, 4),
('H30', 6, 1, 5),
('H30', 7, 1, 6),
('H30', 8, 1, 7),
('H30', 9, 1, 8),
('H30', 10, 1, 9),
('H30', 11, 1, 10),
('H30', 12, 2, 0),
('H30', 13, 2, 1),
('H30', 14, 3, 0),
('H30', 15, 3, 1),
('H30', 16, 3, 2),
('H30', 17, 3, 3),
('H30', 18, 3, 4),
('H30', 19, 3, 5),
('H30', 20, 4, 0),
('H30', 21, 4, 1),
('H30', 22, 4, 2),
('H30', 23, 4, 3),
('H30', 24, 4, 4),
('H30', 25, 4, 5),
('H30', 26, 4, 6),
('H30', 27, 4, 7),
('H30', 28, 4, 8),
('H30', 29, 4, 9),
('H30', 30, 4, 10),
('H30', 31, 4, 11),
('H30', 32, 4, 12),
('H30', 33, 5, 0),
('H30', 34, 5, 1),
('H30', 35, 5, 2),
('H30', 36, 5, 3),
('H30', 37, 5, 4),
('H30', 38, 6, 0),
('H30', 39, 6, 1),
('H30', 40, 6, 2),
('H30', 41, 7, 0),
('H30', 42, 7, 1),
('H30', 43, 7, 2),
('H30', 44, 7, 3),
('H30', 45, 7, 4),
('H30', 46, 8, 0),
('H30', 47, 9, 0),
('H30', 48, 9, 1),
('H30', 49, 9, 2),
('H30', 50, 9, 3),
('H30', 51, 10, 0),
('H30', 52, 10, 1),
('H30', 53, 10, 2),
('H30', 54, 10, 3),
('H30', 55, 10, 4),
('H30', 56, 10, 5),
('H30', 57, 10, 6),
('H30', 58, 10, 7),
('H30', 59, 10, 8),
('H30', 60, 11, 0),
('H30', 61, 11, 1),
('H30', 92, 12, 0),
('H30', 93, 12, 1),
('H30', 94, 12, 2),
('H30', 98, 13, 0),
('H30', 99, 13, 1),
('H30', 101, 13, 3),
('H30', 106, 13, 8),
('H30', 107, 13, 9),
('H30', 108, 13, 10),
('H30', 109, 13, 11),
('H30', 110, 13, 12),
('H30', 111, 14, 0),
('H30', 123, 15, 0),
('H30', 124, 15, 1),
('H30', 125, 15, 2),
('H30', 126, 15, 3),
('H30', 127, 16, 0),
('H30', 128, 16, 1),
('H30', 129, 16, 2),
('H30', 130, 17, 0),
('H30', 131, 17, 1),
('H30', 132, 17, 2),
('H30', 133, 17, 3),
('H30', 134, 17, 4),
('H30', 139, 19, 0),
('H30', 140, 19, 1),
('H30', 141, 19, 2),
('H30', 142, 19, 3),
('H30', 143, 19, 4),
('H30', 150, 21, 0),
('H30', 151, 21, 1),
('H30', 152, 21, 2),
('H30', 153, 21, 3),
('H30', 154, 21, 4),
('H30', 155, 21, 5),
('H30', 156, 21, 6),
('H30', 157, 21, 7),
('H30', 158, 21, 8),
('H30', 159, 21, 9),
('H30', 160, 22, 0),
('H30', 161, 22, 1),
('H30', 162, 22, 2),
('H30', 163, 22, 3),
('H30', 164, 22, 4),
('H30', 165, 22, 5),
('H30', 166, 23, 0),
('H30', 167, 23, 1),
('H30', 168, 23, 2),
('H30', 169, 23, 3),
('H30', 170, 24, 0),
('H30', 171, 24, 1),
('H30', 172, 24, 2),
('H30', 173, 25, 0),
('H30', 174, 25, 1),
('H30', 175, 25, 2),
('H30', 176, 25, 3),
('H30', 177, 25, 4),
('H30', 178, 25, 5),
('H30', 179, 26, 0),
('H30', 180, 26, 1),
('H30', 181, 26, 2),
('H30', 182, 27, 0),
('H30', 183, 27, 1),
('H30', 184, 27, 2),
('H30', 185, 27, 3),
('H30', 186, 28, 0),
('H30', 187, 28, 1),
('H30', 188, 28, 2),
('H30', 189, 28, 3),
('H30', 190, 29, 0),
('H30', 191, 29, 1),
('H30', 192, 29, 2),
('H30', 193, 29, 3),
('H30', 194, 30, 0),
('H30', 195, 30, 1),
('H30', 196, 30, 2),
('H30', 197, 30, 3),
('H30', 198, 30, 4),
('H30', 199, 30, 5),
('H30', 200, 30, 6),
('H30', 201, 30, 7),
('H30', 202, 30, 8),
('H30', 203, 30, 9),
('H30', 204, 30, 10),
('H30', 205, 30, 11),
('H30', 206, 30, 12),
('H30', 207, 30, 13),
('H30', 208, 30, 14),
('H30', 209, 30, 15),
('H30', 210, 31, 1),
('H30', 211, 31, 2),
('H30', 212, 31, 3),
('H30', 213, 31, 4),
('H30', 214, 32, 1),
('H30', 215, 32, 2),
('H30', 216, 32, 3),
('H30', 217, 32, 4),
('H30', 218, 32, 5),
('H30', 219, 32, 6),
('H30', 220, 33, 1),
('H30', 221, 33, 2),
('H30', 222, 33, 3),
('H30', 223, 34, 1),
('H30', 224, 34, 2),
('H30', 225, 34, 3),
('H30', 226, 35, 1),
('H30', 227, 35, 2),
('H30', 228, 35, 3),
('H30', 229, 36, 1),
('H30', 230, 36, 2),
('H30', 231, 36, 3),
('H30', 232, 36, 4),
('H30', 233, 36, 5),
('H30', 234, 36, 6),
('H30', 237, 38, 1),
('H30', 238, 38, 2),
('H30', 239, 38, 3),
('H30', 240, 38, 4),
('H30', 241, 39, 1),
('H30', 242, 39, 2),
('H30', 243, 39, 3),
('H30', 244, 39, 4),
('H30', 245, 40, 1),
('H30', 246, 40, 2),
('H30', 247, 40, 3),
('H30', 248, 40, 4),
('H30', 249, 41, 1),
('H30', 250, 41, 2),
('H30', 251, 41, 3),
('H30', 252, 41, 4),
('H30', 253, 41, 5),
('H30', 254, 41, 6),
('H30', 255, 41, 7),
('H30', 256, 41, 8),
('H30', 257, 41, 9),
('H30', 258, 41, 10),
('H30', 259, 41, 11),
('H30', 260, 42, 1),
('H30', 261, 42, 2),
('H30', 262, 42, 3),
('H30', 263, 42, 4),
('H30', 264, 42, 5),
('H30', 265, 42, 6),
('H30', 266, 42, 7),
('H30', 267, 42, 8),
('H30', 268, 42, 9),
('H30', 269, 43, 1),
('H30', 270, 43, 2),
('H30', 271, 43, 3),
('H30', 272, 43, 4),
('H30', 273, 44, 1),
('H30', 274, 44, 2),
('H30', 275, 44, 3),
('H30', 276, 44, 4),
('H30', 277, 45, 1),
('H30', 278, 45, 2),
('H30', 279, 45, 3),
('H30', 280, 45, 4),
('H30', 281, 45, 5),
('H30', 282, 45, 6),
('H30', 283, 45, 7),
('H30', 284, 45, 8),
('H30', 285, 45, 9),
('H30', 286, 45, 10),
('H30', 287, 45, 11),
('H30', 288, 12, 1),
('H30', 289, 46, 1),
('H30', 290, 46, 2),
('H30', 291, 46, 3),
('H30', 292, 46, 4),
('H30', 293, 46, 5),
('H30', 294, 46, 6),
('H30', 295, 47, 1),
('H30', 296, 47, 2),
('H30', 297, 48, 1),
('H30', 298, 48, 2),
('H30', 299, 48, 3),
('H30', 300, 48, 4),
('H30', 301, 48, 5),
('H30', 302, 48, 6),
('H30', 303, 48, 7),
('H30', 304, 48, 8),
('H30', 305, 48, 9),
('H30', 306, 48, 10),
('H30', 307, 48, 11),
('H30', 308, 48, 12),
('H30', 309, 48, 13),
('H30', 310, 48, 14),
('H30', 311, 48, 15),
('H30', 312, 48, 16),
('H30', 313, 48, 17),
('H30', 314, 48, 18),
('H30', 315, 48, 19),
('H30', 316, 48, 20),
('H30', 317, 48, 21),
('H30', 318, 48, 22),
('H30', 319, 48, 23),
('H30', 320, 48, 24),
('H30', 321, 2, 1),
('H30', 322, 49, 1),
('H30', 323, 49, 2),
('H30', 324, 49, 3),
('H30', 325, 50, 1),
('H30', 326, 50, 2),
('H30', 327, 51, 1),
('H30', 328, 51, 2),
('H30', 329, 51, 3),
('H30', 330, 51, 4),
('H30', 331, 51, 5),
('H30', 332, 51, 6),
('H30', 333, 51, 7),
('H30', 334, 51, 8),
('H30', 335, 51, 9),
('H30', 336, 51, 10),
('H30', 337, 51, 11),
('H30', 338, 51, 12),
('H30', 339, 51, 13),
('H30', 340, 51, 14),
('H30', 341, 51, 15),
('H30', 342, 51, 16),
('H30', 343, 51, 17),
('H30', 344, 51, 18),
('H30', 345, 51, 19),
('H30', 346, 51, 20),
('H30', 347, 51, 21),
('H30', 348, 51, 22),
('H30', 349, 51, 23),
('H30', 350, 51, 24),
('H30', 351, 51, 25),
('H30', 352, 51, 26),
('H30', 353, 51, 27),
('H30', 354, 51, 28),
('H30', 355, 51, 29),
('H30', 356, 51, 30),
('H30', 357, 51, 31),
('H30', 358, 51, 32),
('H30', 359, 51, 33),
('H30', 360, 51, 34),
('H30', 361, 51, 35),
('H30', 362, 51, 36),
('H30', 363, 51, 37),
('H30', 364, 51, 38),
('H30', 365, 51, 39),
('H30', 366, 51, 40),
('H30', 367, 51, 41),
('H30', 368, 51, 42),
('H30', 369, 51, 43),
('H30', 370, 51, 44),
('H30', 371, 51, 45),
('H30', 372, 51, 46),
('H30', 373, 51, 47),
('H30', 374, 51, 48),
('H30', 375, 51, 49),
('H30', 376, 52, 1),
('H30', 377, 52, 2),
('H30', 378, 53, 1),
('H30', 379, 53, 2),
('H30', 380, 54, 1),
('H30', 381, 54, 2),
('H30', 382, 55, 1),
('H30', 383, 55, 2),
('H30', 384, 55, 3),
('H30', 385, 56, 1),
('H30', 386, 56, 2),
('H30', 387, 29, NULL),
('H30', 388, 57, 1),
('H30', 389, 57, 2),
('H30', 390, 57, 3),
('H30', 391, 57, 4),
('H30', 392, 57, 5),
('H30', 393, 58, 1),
('H30', 394, 58, 2),
('H30', 395, 58, 3),
('H30', 396, 58, 4),
('H30', 397, 58, 5),
('H30', 398, 58, 6),
('H30', 399, 58, 7),
('H30', 400, 58, 8),
('H30', 401, 59, 1),
('H30', 402, 59, 2),
('H30', 403, 60, 1),
('H30', 404, 60, 2),
('H30', 406, 61, 1),
('H30', 407, 61, 2),
('H30', 408, 61, 3),
('H30', 409, 61, 4),
('H30', 410, 61, 5),
('H30', 411, 62, 1),
('H30', 412, 62, 2),
('H30', 413, 62, 3),
('H30', 414, 62, 4),
('H30', 415, 62, 5),
('H30', 416, 63, 1),
('H30', 417, 63, 2),
('H30', 418, 63, 3),
('H30', 419, 64, 1),
('H30', 420, 64, 2),
('H30', 422, 65, 1),
('H30', 423, 65, 2),
('H30', 424, 65, 3),
('H30', 425, 66, 1),
('H30', 426, 66, 2),
('H30', 427, 66, 3),
('H30', 428, 21, 10),
('H30', 429, 21, 11),
('H30', 430, 21, 12),
('H30', 431, 21, 13),
('H30', 432, 21, 14),
('H30', 433, 21, 15),
('H30', 434, 21, 16),
('H30', 435, 67, 1),
('H30', 436, 67, 2),
('H30', 437, 67, 3),
('H30', 438, 67, 4),
('H30', 439, 67, 5),
('H30', 440, 68, 1),
('H30', 444, 68, 2),
('H30', 445, 68, 3),
('H30', 446, 14, 12),
('H30', 447, 14, 13),
('H30', 448, 14, 14),
('H30', 449, 14, 15),
('H30', 450, 14, 16),
('H30', 451, 14, 17),
('H30', 452, 14, 18),
('H30', 453, 14, 19),
('H30', 455, 11, 2),
('H30', 456, 11, 3),
('H30', 457, 11, 4),
('H30', 458, 11, 5),
('H30', 459, 11, 6),
('H30', 460, 11, 7),
('H30', 461, 11, 8),
('H30', 462, 11, 9),
('H30', 463, 11, 10),
('H30', 464, 11, 11),
('H30', 465, 11, 12),
('H30', 508, 37, 3),
('H30', 509, 37, 4),
('H30', 510, 37, 5),
('H30', 511, 37, 6),
('H30', 543, 67, 6),
('H30', 544, 12, 3),
('H30', 545, 12, 4),
('H30', 557, 29, 4),
('H30', 559, 70, 1),
('H30', 560, 70, 2),
('H34', 1, 1, 0),
('H34', 2, 1, 1),
('H34', 3, 1, 2),
('H34', 4, 1, 3),
('H34', 5, 1, 4),
('H34', 6, 1, 5),
('H34', 7, 1, 6),
('H34', 8, 1, 7),
('H34', 9, 1, 8),
('H34', 10, 1, 9),
('H34', 11, 1, 10),
('H34', 12, 2, 0),
('H34', 13, 2, 1),
('H34', 14, 3, 0),
('H34', 15, 3, 1),
('H34', 16, 3, 2),
('H34', 17, 3, 3),
('H34', 18, 3, 4),
('H34', 19, 3, 5),
('H34', 20, 4, 0),
('H34', 21, 4, 1),
('H34', 22, 4, 2),
('H34', 23, 4, 3),
('H34', 24, 4, 4),
('H34', 25, 4, 5),
('H34', 26, 4, 6),
('H34', 27, 4, 7),
('H34', 28, 4, 8),
('H34', 29, 4, 9),
('H34', 30, 4, 10),
('H34', 31, 4, 11),
('H34', 32, 4, 12),
('H34', 33, 5, 0),
('H34', 34, 5, 1),
('H34', 35, 5, 2),
('H34', 36, 5, 3),
('H34', 37, 5, 4),
('H34', 38, 6, 0),
('H34', 39, 6, 1),
('H34', 40, 6, 2),
('H34', 41, 7, 0),
('H34', 42, 7, 1),
('H34', 43, 7, 2),
('H34', 44, 7, 3),
('H34', 45, 7, 4),
('H34', 46, 8, 0),
('H34', 47, 9, 0),
('H34', 48, 9, 1),
('H34', 49, 9, 2),
('H34', 50, 9, 3),
('H34', 51, 10, 0),
('H34', 52, 10, 1),
('H34', 53, 10, 2),
('H34', 54, 10, 3),
('H34', 55, 10, 4),
('H34', 56, 10, 5),
('H34', 57, 10, 6),
('H34', 58, 10, 7),
('H34', 59, 10, 8),
('H34', 60, 11, 0),
('H34', 61, 11, 1),
('H34', 92, 12, 0),
('H34', 93, 12, 1),
('H34', 94, 12, 2),
('H34', 98, 13, 0),
('H34', 99, 13, 1),
('H34', 101, 13, 3),
('H34', 106, 13, 8),
('H34', 107, 13, 9),
('H34', 108, 13, 10),
('H34', 109, 13, 11),
('H34', 110, 13, 12),
('H34', 111, 14, 0),
('H34', 123, 15, 0),
('H34', 124, 15, 1),
('H34', 125, 15, 2),
('H34', 126, 15, 3),
('H34', 127, 16, 0),
('H34', 128, 16, 1),
('H34', 129, 16, 2),
('H34', 130, 17, 0),
('H34', 131, 17, 1),
('H34', 132, 17, 2),
('H34', 133, 17, 3),
('H34', 134, 17, 4),
('H34', 139, 19, 0),
('H34', 140, 19, 1),
('H34', 141, 19, 2),
('H34', 142, 19, 3),
('H34', 143, 19, 4),
('H34', 150, 21, 0),
('H34', 151, 21, 1),
('H34', 152, 21, 2),
('H34', 153, 21, 3),
('H34', 154, 21, 4),
('H34', 155, 21, 5),
('H34', 156, 21, 6),
('H34', 157, 21, 7),
('H34', 158, 21, 8),
('H34', 159, 21, 9),
('H34', 160, 22, 0),
('H34', 161, 22, 1),
('H34', 162, 22, 2),
('H34', 163, 22, 3),
('H34', 164, 22, 4),
('H34', 165, 22, 5),
('H34', 166, 23, 0),
('H34', 167, 23, 1),
('H34', 168, 23, 2),
('H34', 169, 23, 3),
('H34', 170, 24, 0),
('H34', 171, 24, 1),
('H34', 172, 24, 2),
('H34', 173, 25, 0),
('H34', 174, 25, 1),
('H34', 175, 25, 2),
('H34', 176, 25, 3),
('H34', 177, 25, 4),
('H34', 178, 25, 5),
('H34', 179, 26, 0),
('H34', 180, 26, 1),
('H34', 181, 26, 2),
('H34', 182, 27, 0),
('H34', 183, 27, 1),
('H34', 184, 27, 2),
('H34', 185, 27, 3),
('H34', 186, 28, 0),
('H34', 187, 28, 1),
('H34', 188, 28, 2),
('H34', 189, 28, 3),
('H34', 190, 29, 0),
('H34', 191, 29, 1),
('H34', 192, 29, 2),
('H34', 193, 29, 3),
('H34', 194, 30, 0),
('H34', 195, 30, 1),
('H34', 196, 30, 2),
('H34', 197, 30, 3),
('H34', 198, 30, 4),
('H34', 199, 30, 5),
('H34', 200, 30, 6),
('H34', 201, 30, 7),
('H34', 202, 30, 8),
('H34', 203, 30, 9),
('H34', 204, 30, 10),
('H34', 205, 30, 11),
('H34', 206, 30, 12),
('H34', 207, 30, 13),
('H34', 208, 30, 14),
('H34', 209, 30, 15),
('H34', 210, 31, 1),
('H34', 211, 31, 2),
('H34', 212, 31, 3),
('H34', 213, 31, 4),
('H34', 214, 32, 1),
('H34', 215, 32, 2),
('H34', 216, 32, 3),
('H34', 217, 32, 4),
('H34', 218, 32, 5),
('H34', 219, 32, 6),
('H34', 220, 33, 1),
('H34', 221, 33, 2),
('H34', 222, 33, 3),
('H34', 223, 34, 1),
('H34', 224, 34, 2),
('H34', 225, 34, 3),
('H34', 226, 35, 1),
('H34', 227, 35, 2),
('H34', 228, 35, 3),
('H34', 229, 36, 1),
('H34', 230, 36, 2),
('H34', 231, 36, 3),
('H34', 232, 36, 4),
('H34', 233, 36, 5),
('H34', 234, 36, 6),
('H34', 237, 38, 1),
('H34', 238, 38, 2),
('H34', 239, 38, 3),
('H34', 240, 38, 4),
('H34', 241, 39, 1),
('H34', 242, 39, 2),
('H34', 243, 39, 3),
('H34', 244, 39, 4),
('H34', 245, 40, 1),
('H34', 246, 40, 2),
('H34', 247, 40, 3),
('H34', 248, 40, 4),
('H34', 249, 41, 1),
('H34', 250, 41, 2),
('H34', 251, 41, 3),
('H34', 252, 41, 4),
('H34', 253, 41, 5),
('H34', 254, 41, 6),
('H34', 255, 41, 7),
('H34', 256, 41, 8),
('H34', 257, 41, 9),
('H34', 258, 41, 10),
('H34', 259, 41, 11),
('H34', 260, 42, 1),
('H34', 261, 42, 2),
('H34', 262, 42, 3),
('H34', 263, 42, 4),
('H34', 264, 42, 5),
('H34', 265, 42, 6),
('H34', 266, 42, 7),
('H34', 267, 42, 8),
('H34', 268, 42, 9),
('H34', 269, 43, 1),
('H34', 270, 43, 2),
('H34', 271, 43, 3),
('H34', 272, 43, 4),
('H34', 273, 44, 1),
('H34', 274, 44, 2),
('H34', 275, 44, 3),
('H34', 276, 44, 4),
('H34', 277, 45, 1),
('H34', 278, 45, 2),
('H34', 279, 45, 3),
('H34', 280, 45, 4),
('H34', 281, 45, 5),
('H34', 282, 45, 6),
('H34', 283, 45, 7),
('H34', 284, 45, 8),
('H34', 285, 45, 9),
('H34', 286, 45, 10),
('H34', 287, 45, 11),
('H34', 288, 12, 1),
('H34', 289, 46, 1),
('H34', 290, 46, 2),
('H34', 291, 46, 3),
('H34', 292, 46, 4),
('H34', 293, 46, 5),
('H34', 294, 46, 6),
('H34', 295, 47, 1),
('H34', 296, 47, 2),
('H34', 297, 48, 1),
('H34', 298, 48, 2),
('H34', 299, 48, 3),
('H34', 300, 48, 4),
('H34', 301, 48, 5),
('H34', 302, 48, 6),
('H34', 303, 48, 7),
('H34', 304, 48, 8),
('H34', 305, 48, 9),
('H34', 306, 48, 10),
('H34', 307, 48, 11),
('H34', 308, 48, 12),
('H34', 309, 48, 13),
('H34', 310, 48, 14),
('H34', 311, 48, 15),
('H34', 312, 48, 16),
('H34', 313, 48, 17),
('H34', 314, 48, 18),
('H34', 315, 48, 19),
('H34', 316, 48, 20),
('H34', 317, 48, 21),
('H34', 318, 48, 22),
('H34', 319, 48, 23),
('H34', 320, 48, 24),
('H34', 321, 2, 1),
('H34', 322, 49, 1),
('H34', 323, 49, 2),
('H34', 324, 49, 3),
('H34', 325, 50, 1),
('H34', 326, 50, 2),
('H34', 327, 51, 1),
('H34', 328, 51, 2),
('H34', 329, 51, 3),
('H34', 330, 51, 4),
('H34', 331, 51, 5),
('H34', 332, 51, 6),
('H34', 333, 51, 7),
('H34', 334, 51, 8),
('H34', 335, 51, 9),
('H34', 336, 51, 10),
('H34', 337, 51, 11),
('H34', 338, 51, 12),
('H34', 339, 51, 13),
('H34', 340, 51, 14),
('H34', 341, 51, 15),
('H34', 342, 51, 16),
('H34', 343, 51, 17),
('H34', 344, 51, 18),
('H34', 345, 51, 19),
('H34', 346, 51, 20),
('H34', 347, 51, 21),
('H34', 348, 51, 22),
('H34', 349, 51, 23),
('H34', 350, 51, 24),
('H34', 351, 51, 25),
('H34', 352, 51, 26),
('H34', 353, 51, 27),
('H34', 354, 51, 28),
('H34', 355, 51, 29),
('H34', 356, 51, 30),
('H34', 357, 51, 31),
('H34', 358, 51, 32),
('H34', 359, 51, 33),
('H34', 360, 51, 34),
('H34', 361, 51, 35),
('H34', 362, 51, 36),
('H34', 363, 51, 37),
('H34', 364, 51, 38),
('H34', 365, 51, 39),
('H34', 366, 51, 40),
('H34', 367, 51, 41),
('H34', 368, 51, 42),
('H34', 369, 51, 43),
('H34', 370, 51, 44),
('H34', 371, 51, 45),
('H34', 372, 51, 46),
('H34', 373, 51, 47),
('H34', 374, 51, 48),
('H34', 375, 51, 49),
('H34', 376, 52, 1),
('H34', 377, 52, 2),
('H34', 378, 53, 1),
('H34', 379, 53, 2),
('H34', 380, 54, 1),
('H34', 381, 54, 2),
('H34', 382, 55, 1),
('H34', 383, 55, 2),
('H34', 384, 55, 3),
('H34', 385, 56, 1),
('H34', 386, 56, 2),
('H34', 387, 29, NULL),
('H34', 388, 57, 1),
('H34', 389, 57, 2),
('H34', 390, 57, 3),
('H34', 391, 57, 4),
('H34', 392, 57, 5),
('H34', 393, 58, 1),
('H34', 394, 58, 2),
('H34', 395, 58, 3),
('H34', 396, 58, 4),
('H34', 397, 58, 5),
('H34', 398, 58, 6),
('H34', 399, 58, 7),
('H34', 400, 58, 8),
('H34', 401, 59, 1),
('H34', 402, 59, 2),
('H34', 403, 60, 1),
('H34', 404, 60, 2),
('H34', 406, 61, 1),
('H34', 407, 61, 2),
('H34', 408, 61, 3),
('H34', 409, 61, 4),
('H34', 410, 61, 5),
('H34', 411, 62, 1),
('H34', 412, 62, 2),
('H34', 413, 62, 3),
('H34', 414, 62, 4),
('H34', 415, 62, 5),
('H34', 416, 63, 1),
('H34', 417, 63, 2),
('H34', 418, 63, 3),
('H34', 419, 64, 1),
('H34', 420, 64, 2),
('H34', 422, 65, 1),
('H34', 423, 65, 2),
('H34', 424, 65, 3),
('H34', 425, 66, 1),
('H34', 426, 66, 2),
('H34', 427, 66, 3),
('H34', 428, 21, 10),
('H34', 429, 21, 11),
('H34', 430, 21, 12),
('H34', 431, 21, 13),
('H34', 432, 21, 14),
('H34', 433, 21, 15),
('H34', 434, 21, 16),
('H34', 435, 67, 1),
('H34', 436, 67, 2),
('H34', 437, 67, 3),
('H34', 438, 67, 4),
('H34', 439, 67, 5),
('H34', 440, 68, 1),
('H34', 444, 68, 2),
('H34', 445, 68, 3),
('H34', 446, 14, 12),
('H34', 447, 14, 13),
('H34', 448, 14, 14),
('H34', 449, 14, 15),
('H34', 450, 14, 16),
('H34', 451, 14, 17),
('H34', 452, 14, 18),
('H34', 453, 14, 19),
('H34', 455, 11, 2),
('H34', 456, 11, 3),
('H34', 457, 11, 4),
('H34', 458, 11, 5),
('H34', 459, 11, 6),
('H34', 460, 11, 7),
('H34', 461, 11, 8),
('H34', 462, 11, 9),
('H34', 463, 11, 10),
('H34', 464, 11, 11),
('H34', 465, 11, 12),
('H34', 508, 37, 3),
('H34', 509, 37, 4),
('H34', 510, 37, 5),
('H34', 511, 37, 6),
('H34', 543, 67, 6),
('H34', 544, 12, 3),
('H34', 545, 12, 4),
('H34', 557, 29, 4),
('H34', 559, 70, 1),
('H34', 560, 70, 2),
('H6', 1, 1, 0),
('H6', 2, 1, 1),
('H6', 3, 1, 2),
('H6', 4, 1, 3),
('H6', 5, 1, 4),
('H6', 6, 1, 5),
('H6', 7, 1, 6),
('H6', 8, 1, 7),
('H6', 9, 1, 8),
('H6', 10, 1, 9),
('H6', 11, 1, 10),
('H6', 12, 2, 0),
('H6', 13, 2, 1),
('H6', 14, 3, 0),
('H6', 15, 3, 1),
('H6', 16, 3, 2),
('H6', 17, 3, 3),
('H6', 18, 3, 4),
('H6', 19, 3, 5),
('H6', 20, 4, 0),
('H6', 21, 4, 1),
('H6', 22, 4, 2),
('H6', 23, 4, 3),
('H6', 24, 4, 4),
('H6', 25, 4, 5),
('H6', 26, 4, 6),
('H6', 27, 4, 7),
('H6', 28, 4, 8),
('H6', 29, 4, 9),
('H6', 30, 4, 10),
('H6', 31, 4, 11),
('H6', 32, 4, 12),
('H6', 33, 5, 0),
('H6', 34, 5, 1),
('H6', 35, 5, 2),
('H6', 36, 5, 3),
('H6', 37, 5, 4),
('H6', 38, 6, 0),
('H6', 39, 6, 1),
('H6', 40, 6, 2),
('H6', 41, 7, 0),
('H6', 42, 7, 1),
('H6', 43, 7, 2),
('H6', 44, 7, 3),
('H6', 45, 7, 4),
('H6', 46, 8, 0),
('H6', 47, 9, 0),
('H6', 48, 9, 1),
('H6', 49, 9, 2),
('H6', 50, 9, 3),
('H6', 51, 10, 0),
('H6', 52, 10, 1),
('H6', 53, 10, 2),
('H6', 54, 10, 3),
('H6', 55, 10, 4),
('H6', 56, 10, 5),
('H6', 57, 10, 6),
('H6', 58, 10, 7),
('H6', 59, 10, 8),
('H6', 60, 11, 0),
('H6', 61, 11, 1),
('H6', 92, 12, 0),
('H6', 93, 12, 1),
('H6', 94, 12, 2),
('H6', 98, 13, 0),
('H6', 99, 13, 1),
('H6', 101, 13, 3),
('H6', 106, 13, 8),
('H6', 107, 13, 9),
('H6', 108, 13, 10),
('H6', 109, 13, 11),
('H6', 110, 13, 12),
('H6', 111, 14, 0),
('H6', 123, 15, 0),
('H6', 124, 15, 1),
('H6', 125, 15, 2),
('H6', 126, 15, 3),
('H6', 127, 16, 0),
('H6', 128, 16, 1),
('H6', 129, 16, 2),
('H6', 130, 17, 0),
('H6', 131, 17, 1),
('H6', 132, 17, 2),
('H6', 133, 17, 3),
('H6', 134, 17, 4),
('H6', 139, 19, 0),
('H6', 140, 19, 1),
('H6', 141, 19, 2),
('H6', 142, 19, 3),
('H6', 143, 19, 4),
('H6', 150, 21, 0),
('H6', 151, 21, 1),
('H6', 152, 21, 2),
('H6', 153, 21, 3),
('H6', 154, 21, 4),
('H6', 155, 21, 5),
('H6', 156, 21, 6),
('H6', 157, 21, 7),
('H6', 158, 21, 8),
('H6', 159, 21, 9),
('H6', 160, 22, 0),
('H6', 161, 22, 1),
('H6', 162, 22, 2),
('H6', 163, 22, 3),
('H6', 164, 22, 4),
('H6', 165, 22, 5),
('H6', 166, 23, 0),
('H6', 167, 23, 1),
('H6', 168, 23, 2),
('H6', 169, 23, 3),
('H6', 170, 24, 0),
('H6', 171, 24, 1),
('H6', 172, 24, 2),
('H6', 173, 25, 0),
('H6', 174, 25, 1),
('H6', 175, 25, 2),
('H6', 176, 25, 3),
('H6', 177, 25, 4),
('H6', 178, 25, 5),
('H6', 179, 26, 0),
('H6', 180, 26, 1),
('H6', 181, 26, 2),
('H6', 182, 27, 0),
('H6', 183, 27, 1),
('H6', 184, 27, 2),
('H6', 185, 27, 3),
('H6', 186, 28, 0),
('H6', 187, 28, 1),
('H6', 188, 28, 2),
('H6', 189, 28, 3),
('H6', 190, 29, 0),
('H6', 191, 29, 1),
('H6', 192, 29, 2),
('H6', 193, 29, 3),
('H6', 194, 30, 0),
('H6', 195, 30, 1),
('H6', 196, 30, 2),
('H6', 197, 30, 3),
('H6', 198, 30, 4),
('H6', 199, 30, 5),
('H6', 200, 30, 6),
('H6', 201, 30, 7),
('H6', 202, 30, 8),
('H6', 203, 30, 9),
('H6', 204, 30, 10),
('H6', 205, 30, 11),
('H6', 206, 30, 12),
('H6', 207, 30, 13),
('H6', 208, 30, 14),
('H6', 209, 30, 15),
('H6', 210, 31, 1),
('H6', 211, 31, 2),
('H6', 212, 31, 3),
('H6', 213, 31, 4),
('H6', 214, 32, 1),
('H6', 215, 32, 2),
('H6', 216, 32, 3),
('H6', 217, 32, 4),
('H6', 218, 32, 5),
('H6', 219, 32, 6),
('H6', 220, 33, 1),
('H6', 221, 33, 2),
('H6', 222, 33, 3),
('H6', 223, 34, 1),
('H6', 224, 34, 2),
('H6', 225, 34, 3),
('H6', 226, 35, 1),
('H6', 227, 35, 2),
('H6', 228, 35, 3),
('H6', 229, 36, 1),
('H6', 230, 36, 2),
('H6', 231, 36, 3),
('H6', 232, 36, 4),
('H6', 233, 36, 5),
('H6', 234, 36, 6),
('H6', 237, 38, 1),
('H6', 238, 38, 2),
('H6', 239, 38, 3),
('H6', 240, 38, 4),
('H6', 241, 39, 1),
('H6', 242, 39, 2),
('H6', 243, 39, 3),
('H6', 244, 39, 4),
('H6', 245, 40, 1),
('H6', 246, 40, 2),
('H6', 247, 40, 3),
('H6', 248, 40, 4),
('H6', 249, 41, 1),
('H6', 250, 41, 2),
('H6', 251, 41, 3),
('H6', 252, 41, 4),
('H6', 253, 41, 5),
('H6', 254, 41, 6),
('H6', 255, 41, 7),
('H6', 256, 41, 8),
('H6', 257, 41, 9),
('H6', 258, 41, 10),
('H6', 259, 41, 11),
('H6', 260, 42, 1),
('H6', 261, 42, 2),
('H6', 262, 42, 3),
('H6', 263, 42, 4),
('H6', 264, 42, 5),
('H6', 265, 42, 6),
('H6', 266, 42, 7),
('H6', 267, 42, 8),
('H6', 268, 42, 9),
('H6', 269, 43, 1),
('H6', 270, 43, 2),
('H6', 271, 43, 3),
('H6', 272, 43, 4),
('H6', 273, 44, 1),
('H6', 274, 44, 2),
('H6', 275, 44, 3),
('H6', 276, 44, 4),
('H6', 277, 45, 1),
('H6', 278, 45, 2),
('H6', 279, 45, 3),
('H6', 280, 45, 4),
('H6', 281, 45, 5),
('H6', 282, 45, 6),
('H6', 283, 45, 7),
('H6', 284, 45, 8),
('H6', 285, 45, 9),
('H6', 286, 45, 10),
('H6', 287, 45, 11),
('H6', 288, 12, 1),
('H6', 289, 46, 1),
('H6', 290, 46, 2),
('H6', 291, 46, 3),
('H6', 292, 46, 4),
('H6', 293, 46, 5),
('H6', 294, 46, 6),
('H6', 295, 47, 1),
('H6', 296, 47, 2),
('H6', 297, 48, 1),
('H6', 298, 48, 2),
('H6', 299, 48, 3),
('H6', 300, 48, 4),
('H6', 301, 48, 5),
('H6', 302, 48, 6),
('H6', 303, 48, 7),
('H6', 304, 48, 8),
('H6', 305, 48, 9),
('H6', 306, 48, 10),
('H6', 307, 48, 11),
('H6', 308, 48, 12),
('H6', 309, 48, 13),
('H6', 310, 48, 14),
('H6', 311, 48, 15),
('H6', 312, 48, 16),
('H6', 313, 48, 17),
('H6', 314, 48, 18),
('H6', 315, 48, 19),
('H6', 316, 48, 20),
('H6', 317, 48, 21),
('H6', 318, 48, 22),
('H6', 319, 48, 23),
('H6', 320, 48, 24),
('H6', 321, 2, 1),
('H6', 322, 49, 1),
('H6', 323, 49, 2),
('H6', 324, 49, 3),
('H6', 325, 50, 1),
('H6', 326, 50, 2),
('H6', 327, 51, 1),
('H6', 328, 51, 2),
('H6', 329, 51, 3),
('H6', 330, 51, 4),
('H6', 331, 51, 5),
('H6', 332, 51, 6),
('H6', 333, 51, 7),
('H6', 334, 51, 8),
('H6', 335, 51, 9),
('H6', 336, 51, 10),
('H6', 337, 51, 11),
('H6', 338, 51, 12),
('H6', 339, 51, 13),
('H6', 340, 51, 14),
('H6', 341, 51, 15),
('H6', 342, 51, 16),
('H6', 343, 51, 17),
('H6', 344, 51, 18),
('H6', 345, 51, 19),
('H6', 346, 51, 20),
('H6', 347, 51, 21),
('H6', 348, 51, 22),
('H6', 349, 51, 23),
('H6', 350, 51, 24),
('H6', 351, 51, 25),
('H6', 352, 51, 26),
('H6', 353, 51, 27),
('H6', 354, 51, 28),
('H6', 355, 51, 29),
('H6', 356, 51, 30),
('H6', 357, 51, 31),
('H6', 358, 51, 32),
('H6', 359, 51, 33),
('H6', 360, 51, 34),
('H6', 361, 51, 35),
('H6', 362, 51, 36),
('H6', 363, 51, 37),
('H6', 364, 51, 38),
('H6', 365, 51, 39),
('H6', 366, 51, 40),
('H6', 367, 51, 41),
('H6', 368, 51, 42),
('H6', 369, 51, 43),
('H6', 370, 51, 44),
('H6', 371, 51, 45),
('H6', 372, 51, 46),
('H6', 373, 51, 47),
('H6', 374, 51, 48),
('H6', 375, 51, 49),
('H6', 376, 52, 1),
('H6', 377, 52, 2),
('H6', 378, 53, 1),
('H6', 379, 53, 2),
('H6', 380, 54, 1),
('H6', 381, 54, 2),
('H6', 382, 55, 1),
('H6', 383, 55, 2),
('H6', 384, 55, 3),
('H6', 385, 56, 1),
('H6', 386, 56, 2),
('H6', 387, 29, NULL),
('H6', 388, 57, 1),
('H6', 389, 57, 2),
('H6', 390, 57, 3),
('H6', 391, 57, 4),
('H6', 392, 57, 5),
('H6', 393, 58, 1),
('H6', 394, 58, 2),
('H6', 395, 58, 3),
('H6', 396, 58, 4),
('H6', 397, 58, 5),
('H6', 398, 58, 6),
('H6', 399, 58, 7),
('H6', 400, 58, 8),
('H6', 401, 59, 1),
('H6', 402, 59, 2),
('H6', 403, 60, 1),
('H6', 404, 60, 2),
('H6', 406, 61, 1),
('H6', 407, 61, 2),
('H6', 408, 61, 3),
('H6', 409, 61, 4),
('H6', 410, 61, 5),
('H6', 411, 62, 1),
('H6', 412, 62, 2),
('H6', 413, 62, 3),
('H6', 414, 62, 4),
('H6', 415, 62, 5),
('H6', 416, 63, 1),
('H6', 417, 63, 2),
('H6', 418, 63, 3),
('H6', 419, 64, 1),
('H6', 420, 64, 2),
('H6', 422, 65, 1),
('H6', 423, 65, 2),
('H6', 424, 65, 3),
('H6', 425, 66, 1),
('H6', 426, 66, 2),
('H6', 427, 66, 3),
('H6', 428, 21, 10),
('H6', 429, 21, 11),
('H6', 430, 21, 12),
('H6', 431, 21, 13),
('H6', 432, 21, 14),
('H6', 433, 21, 15),
('H6', 434, 21, 16),
('H6', 435, 67, 1),
('H6', 436, 67, 2),
('H6', 437, 67, 3),
('H6', 438, 67, 4),
('H6', 439, 67, 5),
('H6', 440, 68, 1),
('H6', 444, 68, 2),
('H6', 445, 68, 3),
('H6', 446, 14, 12),
('H6', 447, 14, 13),
('H6', 448, 14, 14),
('H6', 449, 14, 15),
('H6', 450, 14, 16),
('H6', 451, 14, 17),
('H6', 452, 14, 18),
('H6', 453, 14, 19),
('H6', 455, 11, 2),
('H6', 456, 11, 3),
('H6', 457, 11, 4),
('H6', 458, 11, 5),
('H6', 459, 11, 6),
('H6', 460, 11, 7),
('H6', 461, 11, 8),
('H6', 462, 11, 9),
('H6', 463, 11, 10),
('H6', 464, 11, 11),
('H6', 465, 11, 12),
('H6', 508, 37, 3),
('H6', 509, 37, 4),
('H6', 510, 37, 5),
('H6', 511, 37, 6),
('H6', 543, 67, 6),
('H6', 544, 12, 3),
('H6', 545, 12, 4),
('H6', 557, 29, 4),
('H6', 559, 70, 1),
('H6', 560, 70, 2);

-- --------------------------------------------------------

--
-- Table structure for table `vtiger_role2profile`
--

CREATE TABLE IF NOT EXISTS `vtiger_role2profile` (
  `roleid` varchar(255) NOT NULL,
  `profileid` int(11) NOT NULL,
  PRIMARY KEY (`roleid`,`profileid`),
  KEY `role2profile_roleid_profileid_idx` (`roleid`,`profileid`),
  KEY `roleid` (`roleid`),
  KEY `profileid` (`profileid`)
) ENGINE=InnoDB DEFAULT CHARSET=utf8;

--
-- Dumping data for table `vtiger_role2profile`
--

INSERT INTO `vtiger_role2profile` (`roleid`, `profileid`) VALUES
('H10', 1),
('H14', 1),
('H18', 1),
('H2', 1),
('H22', 1),
('H26', 1),
('H30', 1),
('H34', 1),
('H6', 1),
('H3', 2);

-- --------------------------------------------------------

--
-- Table structure for table `vtiger_role_seq`
--

CREATE TABLE IF NOT EXISTS `vtiger_role_seq` (
  `id` int(11) NOT NULL
) ENGINE=InnoDB DEFAULT CHARSET=utf8;

--
-- Dumping data for table `vtiger_role_seq`
--

INSERT INTO `vtiger_role_seq` (`id`) VALUES
(37);

-- --------------------------------------------------------

--
-- Table structure for table `vtiger_rowheight`
--

CREATE TABLE IF NOT EXISTS `vtiger_rowheight` (
  `rowheightid` int(11) NOT NULL AUTO_INCREMENT,
  `rowheight` varchar(200) NOT NULL,
  `sortorderid` int(11) DEFAULT NULL,
  `presence` int(11) NOT NULL DEFAULT '1',
  PRIMARY KEY (`rowheightid`)
) ENGINE=InnoDB  DEFAULT CHARSET=utf8 AUTO_INCREMENT=4 ;

--
-- Dumping data for table `vtiger_rowheight`
--

INSERT INTO `vtiger_rowheight` (`rowheightid`, `rowheight`, `sortorderid`, `presence`) VALUES
(1, 'wide', 1, 1),
(2, 'medium', 2, 1),
(3, 'narrow', 3, 1);

-- --------------------------------------------------------

--
-- Table structure for table `vtiger_rowheight_seq`
--

CREATE TABLE IF NOT EXISTS `vtiger_rowheight_seq` (
  `id` int(11) NOT NULL
) ENGINE=InnoDB DEFAULT CHARSET=utf8;

--
-- Dumping data for table `vtiger_rowheight_seq`
--

INSERT INTO `vtiger_rowheight_seq` (`id`) VALUES
(3);

-- --------------------------------------------------------

--
-- Table structure for table `vtiger_rss`
--

CREATE TABLE IF NOT EXISTS `vtiger_rss` (
  `rssid` int(19) NOT NULL,
  `rssurl` varchar(200) NOT NULL DEFAULT '',
  `rsstitle` varchar(200) DEFAULT NULL,
  `rsstype` int(10) DEFAULT '0',
  `starred` int(1) DEFAULT '0',
  PRIMARY KEY (`rssid`)
) ENGINE=InnoDB DEFAULT CHARSET=utf8;

-- --------------------------------------------------------

--
-- Table structure for table `vtiger_salesmanactivityrel`
--

CREATE TABLE IF NOT EXISTS `vtiger_salesmanactivityrel` (
  `smid` int(19) NOT NULL DEFAULT '0',
  `activityid` int(19) NOT NULL DEFAULT '0',
  PRIMARY KEY (`smid`,`activityid`),
  KEY `salesmanactivityrel_activityid_idx` (`activityid`),
  KEY `salesmanactivityrel_smid_idx` (`smid`)
) ENGINE=InnoDB DEFAULT CHARSET=utf8;

-- --------------------------------------------------------

--
-- Table structure for table `vtiger_salesmanattachmentsrel`
--

CREATE TABLE IF NOT EXISTS `vtiger_salesmanattachmentsrel` (
  `smid` int(19) NOT NULL DEFAULT '0',
  `attachmentsid` int(19) NOT NULL DEFAULT '0',
  PRIMARY KEY (`smid`,`attachmentsid`),
  KEY `salesmanattachmentsrel_smid_idx` (`smid`),
  KEY `salesmanattachmentsrel_attachmentsid_idx` (`attachmentsid`)
) ENGINE=InnoDB DEFAULT CHARSET=utf8;

-- --------------------------------------------------------

--
-- Table structure for table `vtiger_salesmanticketrel`
--

CREATE TABLE IF NOT EXISTS `vtiger_salesmanticketrel` (
  `smid` int(19) NOT NULL DEFAULT '0',
  `id` int(19) NOT NULL DEFAULT '0',
  PRIMARY KEY (`smid`,`id`),
  KEY `salesmanticketrel_smid_idx` (`smid`),
  KEY `salesmanticketrel_id_idx` (`id`)
) ENGINE=InnoDB DEFAULT CHARSET=utf8;

-- --------------------------------------------------------

--
-- Table structure for table `vtiger_salesorder`
--

CREATE TABLE IF NOT EXISTS `vtiger_salesorder` (
  `salesorderid` int(19) NOT NULL DEFAULT '0',
  `subject` varchar(100) DEFAULT NULL,
  `potentialid` int(19) DEFAULT NULL,
  `customerno` varchar(100) DEFAULT NULL,
  `salesorder_no` varchar(100) DEFAULT NULL,
  `quoteid` int(19) DEFAULT NULL,
  `vendorterms` varchar(100) DEFAULT NULL,
  `contactid` int(19) DEFAULT NULL,
  `vendorid` int(19) DEFAULT NULL,
  `duedate` date DEFAULT NULL,
  `carrier` varchar(200) DEFAULT NULL,
  `pending` varchar(200) DEFAULT NULL,
  `type` varchar(100) DEFAULT NULL,
  `salescommission` decimal(25,3) DEFAULT NULL,
  `exciseduty` decimal(25,3) DEFAULT NULL,
  `total` decimal(25,8) DEFAULT NULL,
  `subtotal` decimal(25,8) DEFAULT NULL,
  `taxtype` varchar(25) DEFAULT NULL,
  `discount_percent` decimal(25,3) DEFAULT NULL,
  `discount_amount` decimal(25,8) DEFAULT NULL,
  `accountid` int(19) DEFAULT NULL,
  `terms_conditions` text,
  `purchaseorder` varchar(200) DEFAULT NULL,
  `sostatus` varchar(200) DEFAULT NULL,
  `currency_id` int(19) NOT NULL DEFAULT '1',
  `conversion_rate` decimal(10,3) NOT NULL DEFAULT '1.000',
  `enable_recurring` int(11) DEFAULT '0',
  `pre_tax_total` decimal(25,8) DEFAULT NULL,
  `sum_time` decimal(10,2) DEFAULT '0.00',
  `total_purchase` decimal(13,2) DEFAULT NULL,
  `total_margin` decimal(13,2) DEFAULT NULL,
  `total_marginp` decimal(13,2) DEFAULT NULL,
  `form_payment` varchar(255) DEFAULT '',
  PRIMARY KEY (`salesorderid`),
  KEY `salesorder_vendorid_idx` (`vendorid`),
  KEY `salesorder_contactid_idx` (`contactid`),
  KEY `accountid` (`accountid`),
  KEY `sostatus` (`sostatus`),
  KEY `potentialid` (`potentialid`,`sostatus`),
  KEY `quoteid` (`quoteid`)
) ENGINE=InnoDB DEFAULT CHARSET=utf8;

-- --------------------------------------------------------

--
-- Table structure for table `vtiger_salesorderaddress`
--

CREATE TABLE IF NOT EXISTS `vtiger_salesorderaddress` (
  `salesorderaddressid` int(19) NOT NULL,
  `addresslevel1a` varchar(255) DEFAULT NULL,
  `addresslevel1b` varchar(255) DEFAULT NULL,
  `addresslevel2a` varchar(255) DEFAULT NULL,
  `addresslevel2b` varchar(255) DEFAULT NULL,
  `addresslevel3a` varchar(255) DEFAULT NULL,
  `addresslevel3b` varchar(255) DEFAULT NULL,
  `addresslevel4a` varchar(255) DEFAULT NULL,
  `addresslevel4b` varchar(255) DEFAULT NULL,
  `addresslevel5a` varchar(255) DEFAULT NULL,
  `addresslevel5b` varchar(255) DEFAULT NULL,
  `addresslevel6a` varchar(255) DEFAULT NULL,
  `addresslevel6b` varchar(255) DEFAULT NULL,
  `addresslevel7a` varchar(255) DEFAULT NULL,
  `addresslevel7b` varchar(255) DEFAULT NULL,
  `addresslevel8a` varchar(255) DEFAULT NULL,
  `addresslevel8b` varchar(255) DEFAULT NULL,
  `buildingnumbera` varchar(100) DEFAULT NULL,
  `localnumbera` varchar(100) DEFAULT NULL,
  `buildingnumberb` varchar(100) DEFAULT NULL,
  `localnumberb` varchar(100) DEFAULT NULL,
  `poboxa` varchar(50) DEFAULT NULL,
  `poboxb` varchar(50) DEFAULT NULL,
  PRIMARY KEY (`salesorderaddressid`)
) ENGINE=InnoDB DEFAULT CHARSET=utf8;

-- --------------------------------------------------------

--
-- Table structure for table `vtiger_salesordercf`
--

CREATE TABLE IF NOT EXISTS `vtiger_salesordercf` (
  `salesorderid` int(19) NOT NULL DEFAULT '0',
  PRIMARY KEY (`salesorderid`)
) ENGINE=InnoDB DEFAULT CHARSET=utf8;

-- --------------------------------------------------------

--
-- Table structure for table `vtiger_sales_stage`
--

CREATE TABLE IF NOT EXISTS `vtiger_sales_stage` (
  `sales_stage_id` int(19) NOT NULL AUTO_INCREMENT,
  `sales_stage` varchar(200) DEFAULT NULL,
  `presence` int(1) NOT NULL DEFAULT '1',
  `picklist_valueid` int(19) NOT NULL DEFAULT '0',
  `sortorderid` int(11) DEFAULT NULL,
  PRIMARY KEY (`sales_stage_id`)
) ENGINE=InnoDB  DEFAULT CHARSET=utf8 AUTO_INCREMENT=18 ;

--
-- Dumping data for table `vtiger_sales_stage`
--

INSERT INTO `vtiger_sales_stage` (`sales_stage_id`, `sales_stage`, `presence`, `picklist_valueid`, `sortorderid`) VALUES
(1, 'Accepted for processing', 1, 150, 1),
(2, 'Data verification', 1, 151, 2),
(3, 'Customer internal analysis', 1, 152, 3),
(4, 'First contact with a customer', 1, 153, 4),
(5, 'Advanced business analysis', 1, 154, 5),
(6, 'Perception Analysis', 1, 155, 6),
(7, 'Preparation of calculations', 1, 156, 7),
(8, 'Preparation of offers', 1, 157, 8),
(9, 'Awaiting a decision', 1, 428, 9),
(10, 'Negotiations', 1, 429, 10),
(11, 'Order and contract', 1, 430, 11),
(12, 'Documentation verification', 1, 431, 12),
(13, 'Closed Lost', 0, 159, 13),
(14, 'Closed Waiting for processing', 1, 432, 14),
(15, 'Closed Order/contract processing', 1, 433, 15),
(16, 'Closed Presale activities', 1, 434, 16),
(17, 'Closed Won', 0, 158, 17);

-- --------------------------------------------------------

--
-- Table structure for table `vtiger_sales_stage_seq`
--

CREATE TABLE IF NOT EXISTS `vtiger_sales_stage_seq` (
  `id` int(11) NOT NULL
) ENGINE=InnoDB DEFAULT CHARSET=utf8;

--
-- Dumping data for table `vtiger_sales_stage_seq`
--

INSERT INTO `vtiger_sales_stage_seq` (`id`) VALUES
(17);

-- --------------------------------------------------------

--
-- Table structure for table `vtiger_salutationtype`
--

CREATE TABLE IF NOT EXISTS `vtiger_salutationtype` (
  `salutationid` int(19) NOT NULL AUTO_INCREMENT,
  `salutationtype` varchar(200) NOT NULL,
  `presence` int(1) NOT NULL DEFAULT '1',
  `picklist_valueid` int(19) NOT NULL DEFAULT '0',
  `sortorderid` int(11) DEFAULT NULL,
  PRIMARY KEY (`salutationid`)
) ENGINE=InnoDB  DEFAULT CHARSET=utf8 AUTO_INCREMENT=7 ;

--
-- Dumping data for table `vtiger_salutationtype`
--

INSERT INTO `vtiger_salutationtype` (`salutationid`, `salutationtype`, `presence`, `picklist_valueid`, `sortorderid`) VALUES
(2, 'Mr.', 1, 161, 1),
(3, 'Ms.', 1, 162, 2),
(4, 'Mrs.', 1, 163, 3),
(5, 'Dr.', 1, 164, 4),
(6, 'Prof.', 1, 165, 5);

-- --------------------------------------------------------

--
-- Table structure for table `vtiger_salutationtype_seq`
--

CREATE TABLE IF NOT EXISTS `vtiger_salutationtype_seq` (
  `id` int(11) NOT NULL
) ENGINE=InnoDB DEFAULT CHARSET=utf8;

--
-- Dumping data for table `vtiger_salutationtype_seq`
--

INSERT INTO `vtiger_salutationtype_seq` (`id`) VALUES
(6);

-- --------------------------------------------------------

--
-- Table structure for table `vtiger_scheduled_reports`
--

CREATE TABLE IF NOT EXISTS `vtiger_scheduled_reports` (
  `reportid` int(11) NOT NULL,
  `recipients` text,
  `schedule` text,
  `format` varchar(10) DEFAULT NULL,
  `next_trigger_time` timestamp NOT NULL DEFAULT CURRENT_TIMESTAMP ON UPDATE CURRENT_TIMESTAMP,
  PRIMARY KEY (`reportid`)
) ENGINE=InnoDB DEFAULT CHARSET=utf8;

-- --------------------------------------------------------

--
-- Table structure for table `vtiger_schedulereports`
--

CREATE TABLE IF NOT EXISTS `vtiger_schedulereports` (
  `reportid` int(10) DEFAULT NULL,
  `scheduleid` int(3) DEFAULT NULL,
  `recipients` text,
  `schdate` varchar(20) DEFAULT NULL,
  `schtime` time DEFAULT NULL,
  `schdayoftheweek` varchar(100) DEFAULT NULL,
  `schdayofthemonth` varchar(100) DEFAULT NULL,
  `schannualdates` varchar(500) DEFAULT NULL,
  `specificemails` varchar(500) DEFAULT NULL,
  `next_trigger_time` timestamp NOT NULL DEFAULT CURRENT_TIMESTAMP,
  KEY `reportid` (`reportid`)
) ENGINE=InnoDB DEFAULT CHARSET=utf8;

-- --------------------------------------------------------

--
-- Table structure for table `vtiger_seactivityrel`
--

CREATE TABLE IF NOT EXISTS `vtiger_seactivityrel` (
  `crmid` int(19) NOT NULL,
  `activityid` int(19) NOT NULL,
  PRIMARY KEY (`crmid`,`activityid`),
  KEY `seactivityrel_activityid_idx` (`activityid`),
  KEY `seactivityrel_crmid_idx` (`crmid`)
) ENGINE=InnoDB DEFAULT CHARSET=utf8;

-- --------------------------------------------------------

--
-- Table structure for table `vtiger_seactivityrel_seq`
--

CREATE TABLE IF NOT EXISTS `vtiger_seactivityrel_seq` (
  `id` int(11) NOT NULL
) ENGINE=InnoDB DEFAULT CHARSET=utf8;

--
-- Dumping data for table `vtiger_seactivityrel_seq`
--

INSERT INTO `vtiger_seactivityrel_seq` (`id`) VALUES
(1);

-- --------------------------------------------------------

--
-- Table structure for table `vtiger_seattachmentsrel`
--

CREATE TABLE IF NOT EXISTS `vtiger_seattachmentsrel` (
  `crmid` int(19) NOT NULL DEFAULT '0',
  `attachmentsid` int(19) NOT NULL DEFAULT '0',
  PRIMARY KEY (`crmid`,`attachmentsid`),
  KEY `seattachmentsrel_attachmentsid_idx` (`attachmentsid`),
  KEY `seattachmentsrel_crmid_idx` (`crmid`),
  KEY `seattachmentsrel_attachmentsid_crmid_idx` (`attachmentsid`,`crmid`)
) ENGINE=InnoDB DEFAULT CHARSET=utf8;

-- --------------------------------------------------------

--
-- Table structure for table `vtiger_selectcolumn`
--

CREATE TABLE IF NOT EXISTS `vtiger_selectcolumn` (
  `queryid` int(19) NOT NULL,
  `columnindex` int(11) NOT NULL DEFAULT '0',
  `columnname` varchar(250) DEFAULT '',
  PRIMARY KEY (`queryid`,`columnindex`),
  KEY `selectcolumn_queryid_idx` (`queryid`)
) ENGINE=InnoDB DEFAULT CHARSET=utf8;

-- --------------------------------------------------------

--
-- Table structure for table `vtiger_selectquery`
--

CREATE TABLE IF NOT EXISTS `vtiger_selectquery` (
  `queryid` int(19) NOT NULL,
  `startindex` int(19) DEFAULT '0',
  `numofobjects` int(19) DEFAULT '0',
  PRIMARY KEY (`queryid`),
  KEY `selectquery_queryid_idx` (`queryid`)
) ENGINE=InnoDB DEFAULT CHARSET=utf8;

-- --------------------------------------------------------

--
-- Table structure for table `vtiger_selectquery_seq`
--

CREATE TABLE IF NOT EXISTS `vtiger_selectquery_seq` (
  `id` int(11) NOT NULL
) ENGINE=InnoDB DEFAULT CHARSET=utf8;

--
-- Dumping data for table `vtiger_selectquery_seq`
--

INSERT INTO `vtiger_selectquery_seq` (`id`) VALUES
(25);

-- --------------------------------------------------------

--
-- Table structure for table `vtiger_senotesrel`
--

CREATE TABLE IF NOT EXISTS `vtiger_senotesrel` (
  `crmid` int(19) NOT NULL DEFAULT '0',
  `notesid` int(19) NOT NULL DEFAULT '0',
  PRIMARY KEY (`crmid`,`notesid`),
  KEY `senotesrel_notesid_idx` (`notesid`),
  KEY `senotesrel_crmid_idx` (`crmid`)
) ENGINE=InnoDB DEFAULT CHARSET=utf8;

-- --------------------------------------------------------

--
-- Table structure for table `vtiger_seproductsrel`
--

CREATE TABLE IF NOT EXISTS `vtiger_seproductsrel` (
  `crmid` int(19) NOT NULL DEFAULT '0',
  `productid` int(19) NOT NULL DEFAULT '0',
  `setype` varchar(30) NOT NULL,
  PRIMARY KEY (`crmid`,`productid`),
  KEY `seproductsrel_productid_idx` (`productid`),
  KEY `seproductrel_crmid_idx` (`crmid`)
) ENGINE=InnoDB DEFAULT CHARSET=utf8;

-- --------------------------------------------------------

--
-- Table structure for table `vtiger_service`
--

CREATE TABLE IF NOT EXISTS `vtiger_service` (
  `serviceid` int(11) NOT NULL,
  `service_no` varchar(100) NOT NULL,
  `servicename` varchar(50) NOT NULL,
  `pscategory` varchar(200) DEFAULT NULL,
  `qty_per_unit` decimal(11,2) DEFAULT '0.00',
  `unit_price` decimal(25,8) DEFAULT NULL,
  `sales_start_date` date DEFAULT NULL,
  `sales_end_date` date DEFAULT NULL,
  `start_date` date DEFAULT NULL,
  `expiry_date` date DEFAULT NULL,
  `discontinued` int(1) NOT NULL DEFAULT '0',
  `service_usageunit` varchar(200) DEFAULT NULL,
  `website` varchar(100) DEFAULT NULL,
  `taxclass` varchar(200) DEFAULT NULL,
  `currency_id` int(19) NOT NULL DEFAULT '1',
  `commissionrate` decimal(7,3) DEFAULT NULL,
  `pssubcategory` varchar(255) DEFAULT NULL,
  PRIMARY KEY (`serviceid`)
) ENGINE=InnoDB DEFAULT CHARSET=utf8;

-- --------------------------------------------------------

--
-- Table structure for table `vtiger_servicecategory`
--

CREATE TABLE IF NOT EXISTS `vtiger_servicecategory` (
  `servicecategoryid` int(11) NOT NULL AUTO_INCREMENT,
  `servicecategory` varchar(200) NOT NULL,
  `presence` int(1) NOT NULL DEFAULT '1',
  `picklist_valueid` int(11) NOT NULL DEFAULT '0',
  `sortorderid` int(11) DEFAULT '0',
  PRIMARY KEY (`servicecategoryid`)
) ENGINE=InnoDB  DEFAULT CHARSET=utf8 AUTO_INCREMENT=7 ;

--
-- Dumping data for table `vtiger_servicecategory`
--

INSERT INTO `vtiger_servicecategory` (`servicecategoryid`, `servicecategory`, `presence`, `picklist_valueid`, `sortorderid`) VALUES
(2, 'Support', 1, 230, 2),
(3, 'Installation', 1, 231, 3),
(4, 'Migration', 1, 232, 4),
(5, 'Customization', 1, 233, 5),
(6, 'Training', 1, 234, 6);

-- --------------------------------------------------------

--
-- Table structure for table `vtiger_servicecategory_seq`
--

CREATE TABLE IF NOT EXISTS `vtiger_servicecategory_seq` (
  `id` int(11) NOT NULL
) ENGINE=InnoDB DEFAULT CHARSET=utf8;

--
-- Dumping data for table `vtiger_servicecategory_seq`
--

INSERT INTO `vtiger_servicecategory_seq` (`id`) VALUES
(6);

-- --------------------------------------------------------

--
-- Table structure for table `vtiger_servicecf`
--

CREATE TABLE IF NOT EXISTS `vtiger_servicecf` (
  `serviceid` int(19) NOT NULL DEFAULT '0',
  PRIMARY KEY (`serviceid`)
) ENGINE=InnoDB DEFAULT CHARSET=utf8;

-- --------------------------------------------------------

--
-- Table structure for table `vtiger_servicecontracts`
--

CREATE TABLE IF NOT EXISTS `vtiger_servicecontracts` (
  `servicecontractsid` int(19) NOT NULL,
  `start_date` date DEFAULT NULL,
  `end_date` date DEFAULT NULL,
  `sc_related_to` int(19) DEFAULT NULL,
  `tracking_unit` varchar(100) DEFAULT NULL,
  `total_units` decimal(5,2) DEFAULT NULL,
  `used_units` decimal(5,2) DEFAULT NULL,
  `subject` varchar(100) DEFAULT NULL,
  `due_date` date DEFAULT NULL,
  `planned_duration` varchar(256) DEFAULT NULL,
  `actual_duration` varchar(256) DEFAULT NULL,
  `contract_status` varchar(200) DEFAULT NULL,
  `priority` varchar(200) DEFAULT NULL,
  `contract_type` varchar(200) DEFAULT NULL,
  `progress` decimal(5,2) DEFAULT NULL,
  `contract_no` varchar(100) DEFAULT NULL,
  `sum_time` decimal(10,2) DEFAULT '0.00',
  `sum_time_p` decimal(13,2) DEFAULT NULL,
  `sum_time_h` decimal(13,2) DEFAULT NULL,
  `sum_time_all` decimal(13,2) DEFAULT NULL,
  PRIMARY KEY (`servicecontractsid`),
  KEY `sc_related_to` (`sc_related_to`)
) ENGINE=InnoDB DEFAULT CHARSET=utf8;

-- --------------------------------------------------------

--
-- Table structure for table `vtiger_servicecontractscf`
--

CREATE TABLE IF NOT EXISTS `vtiger_servicecontractscf` (
  `servicecontractsid` int(19) NOT NULL,
  PRIMARY KEY (`servicecontractsid`)
) ENGINE=InnoDB DEFAULT CHARSET=utf8;

-- --------------------------------------------------------

--
-- Table structure for table `vtiger_service_usageunit`
--

CREATE TABLE IF NOT EXISTS `vtiger_service_usageunit` (
  `service_usageunitid` int(11) NOT NULL AUTO_INCREMENT,
  `service_usageunit` varchar(200) NOT NULL,
  `presence` int(1) NOT NULL DEFAULT '1',
  `picklist_valueid` int(11) NOT NULL DEFAULT '0',
  `sortorderid` int(11) DEFAULT '0',
  PRIMARY KEY (`service_usageunitid`)
) ENGINE=InnoDB  DEFAULT CHARSET=utf8 AUTO_INCREMENT=4 ;

--
-- Dumping data for table `vtiger_service_usageunit`
--

INSERT INTO `vtiger_service_usageunit` (`service_usageunitid`, `service_usageunit`, `presence`, `picklist_valueid`, `sortorderid`) VALUES
(1, 'Hours', 1, 226, 1),
(2, 'Days', 1, 227, 2),
(3, 'Incidents', 1, 228, 3);

-- --------------------------------------------------------

--
-- Table structure for table `vtiger_service_usageunit_seq`
--

CREATE TABLE IF NOT EXISTS `vtiger_service_usageunit_seq` (
  `id` int(11) NOT NULL
) ENGINE=InnoDB DEFAULT CHARSET=utf8;

--
-- Dumping data for table `vtiger_service_usageunit_seq`
--

INSERT INTO `vtiger_service_usageunit_seq` (`id`) VALUES
(3);

-- --------------------------------------------------------

--
-- Table structure for table `vtiger_seticketsrel`
--

CREATE TABLE IF NOT EXISTS `vtiger_seticketsrel` (
  `crmid` int(19) NOT NULL DEFAULT '0',
  `ticketid` int(19) NOT NULL DEFAULT '0',
  PRIMARY KEY (`crmid`,`ticketid`),
  KEY `seticketsrel_crmid_idx` (`crmid`),
  KEY `seticketsrel_ticketid_idx` (`ticketid`)
) ENGINE=InnoDB DEFAULT CHARSET=utf8;

-- --------------------------------------------------------

--
-- Table structure for table `vtiger_settings_blocks`
--

CREATE TABLE IF NOT EXISTS `vtiger_settings_blocks` (
  `blockid` int(19) NOT NULL,
  `label` varchar(250) DEFAULT NULL,
  `sequence` int(19) DEFAULT NULL,
  PRIMARY KEY (`blockid`)
) ENGINE=InnoDB DEFAULT CHARSET=utf8;

--
-- Dumping data for table `vtiger_settings_blocks`
--

INSERT INTO `vtiger_settings_blocks` (`blockid`, `label`, `sequence`) VALUES
(1, 'LBL_USER_MANAGEMENT', 1),
(2, 'LBL_STUDIO', 3),
(3, 'LBL_COMPANY', 5),
(4, 'LBL_OTHER_SETTINGS', 20),
(5, 'LBL_INTEGRATION', 6),
(7, 'LBL_SECURITY_MANAGEMENT', 2),
(8, 'LBL_MAIL', 8),
(9, 'LBL_About_YetiForce', 21),
(10, 'LBL_CUSTOMIZE_TRANSLATIONS', 4);

-- --------------------------------------------------------

--
-- Table structure for table `vtiger_settings_blocks_seq`
--

CREATE TABLE IF NOT EXISTS `vtiger_settings_blocks_seq` (
  `id` int(11) NOT NULL
) ENGINE=InnoDB DEFAULT CHARSET=utf8;

--
-- Dumping data for table `vtiger_settings_blocks_seq`
--

INSERT INTO `vtiger_settings_blocks_seq` (`id`) VALUES
(9);

-- --------------------------------------------------------

--
-- Table structure for table `vtiger_settings_field`
--

CREATE TABLE IF NOT EXISTS `vtiger_settings_field` (
  `fieldid` int(19) NOT NULL,
  `blockid` int(19) DEFAULT NULL,
  `name` varchar(250) DEFAULT NULL,
  `iconpath` varchar(300) DEFAULT NULL,
  `description` text,
  `linkto` text,
  `sequence` int(19) DEFAULT NULL,
  `active` int(19) DEFAULT '0',
  `pinned` int(1) DEFAULT '0',
  PRIMARY KEY (`fieldid`),
  KEY `fk_1_vtiger_settings_field` (`blockid`)
) ENGINE=InnoDB DEFAULT CHARSET=utf8;

--
-- Dumping data for table `vtiger_settings_field`
--

INSERT INTO `vtiger_settings_field` (`fieldid`, `blockid`, `name`, `iconpath`, `description`, `linkto`, `sequence`, `active`, `pinned`) VALUES
(1, 1, 'LBL_USERS', 'ico-users.gif', 'LBL_USER_DESCRIPTION', 'index.php?module=Users&parent=Settings&view=List', 1, 0, 1),
(2, 1, 'LBL_ROLES', 'ico-roles.gif', 'LBL_ROLE_DESCRIPTION', 'index.php?module=Roles&parent=Settings&view=Index', 2, 0, 0),
(3, 1, 'LBL_PROFILES', 'ico-profile.gif', 'LBL_PROFILE_DESCRIPTION', 'index.php?module=Profiles&parent=Settings&view=List', 3, 0, 0),
(4, 1, 'USERGROUPLIST', 'ico-groups.gif', 'LBL_GROUP_DESCRIPTION', 'index.php?module=Groups&parent=Settings&view=List', 4, 0, 0),
(5, 1, 'LBL_SHARING_ACCESS', 'shareaccess.gif', 'LBL_SHARING_ACCESS_DESCRIPTION', 'index.php?module=SharingAccess&parent=Settings&view=Index', 5, 0, 0),
(6, 1, 'LBL_FIELDS_ACCESS', 'orgshar.gif', 'LBL_SHARING_FIELDS_DESCRIPTION', 'index.php?module=FieldAccess&parent=Settings&view=Index', 6, 0, 0),
(7, 7, 'LBL_LOGIN_HISTORY_DETAILS', 'set-IcoLoginHistory.gif', 'LBL_LOGIN_HISTORY_DESCRIPTION', 'index.php?module=LoginHistory&parent=Settings&view=List', 7, 0, 0),
(8, 2, 'VTLIB_LBL_MODULE_MANAGER', 'vtlib_modmng.gif', 'VTLIB_LBL_MODULE_MANAGER_DESCRIPTION', 'index.php?module=ModuleManager&parent=Settings&view=List', 8, 0, 1),
(9, 2, 'LBL_PICKLIST_EDITOR', 'picklist.gif', 'LBL_PICKLIST_DESCRIPTION', 'index.php?parent=Settings&module=Picklist&view=Index', 1, 0, 1),
(10, 2, 'LBL_PICKLIST_DEPENDENCY_SETUP', 'picklistdependency.gif', 'LBL_PICKLIST_DEPENDENCY_DESCRIPTION', 'index.php?parent=Settings&module=PickListDependency&view=List', 2, 0, 0),
(12, 3, 'NOTIFICATIONSCHEDULERS', 'notification.gif', 'LBL_NOTIF_SCHED_DESCRIPTION', 'index.php?module=Settings&view=listnotificationschedulers&parenttab=Settings', 4, 0, 0),
(13, 3, 'INVENTORYNOTIFICATION', 'inventory.gif', 'LBL_INV_NOTIF_DESCRIPTION', 'index.php?module=Settings&view=listinventorynotifications&parenttab=Settings', 1, 0, 0),
(14, 3, 'LBL_COMPANY_DETAILS', 'company.gif', 'LBL_COMPANY_DESCRIPTION', 'index.php?parent=Settings&module=Vtiger&view=CompanyDetails', 2, 0, 0),
(15, 8, 'LBL_MAIL_SERVER_SETTINGS', 'ogmailserver.gif', 'LBL_MAIL_SERVER_DESCRIPTION', 'index.php?parent=Settings&module=Vtiger&view=OutgoingServerDetail', 3, 0, 0),
(16, 4, 'LBL_CURRENCY_SETTINGS', 'currency.gif', 'LBL_CURRENCY_DESCRIPTION', 'index.php?parent=Settings&module=Currency&view=List', 4, 0, 0),
(17, 4, 'LBL_TAX_SETTINGS', 'taxConfiguration.gif', 'LBL_TAX_DESCRIPTION', 'index.php?module=Vtiger&parent=Settings&view=TaxIndex', 5, 0, 0),
(18, 4, 'LBL_SYSTEM_INFO', 'system.gif', 'LBL_SYSTEM_DESCRIPTION', 'index.php?module=Settings&submodule=Server&view=ProxyConfig', 6, 1, 0),
(19, 4, 'LBL_ANNOUNCEMENT', 'announ.gif', 'LBL_ANNOUNCEMENT_DESCRIPTION', 'index.php?parent=Settings&module=Vtiger&view=AnnouncementEdit', 1, 0, 0),
(20, 4, 'LBL_DEFAULT_MODULE_VIEW', 'set-IcoTwoTabConfig.gif', 'LBL_DEFAULT_MODULE_VIEW_DESC', 'index.php?module=Settings&action=DefModuleView&parenttab=Settings', 2, 0, 0),
(21, 4, 'LBL_TERMS_AND_CONDITIONS', 'terms.gif', 'LBL_INV_TANDC_DESCRIPTION', 'index.php?parent=Settings&module=Vtiger&view=TermsAndConditionsEdit', 3, 0, 0),
(22, 4, 'LBL_CUSTOMIZE_RECORD_NUMBERING', 'settingsInvNumber.gif', 'LBL_CUSTOMIZE_MODENT_NUMBER_DESCRIPTION', 'index.php?module=Vtiger&parent=Settings&view=CustomRecordNumbering', 4, 0, 0),
(24, 4, 'LBL_LIST_WORKFLOWS', 'settingsWorkflow.png', 'LBL_LIST_WORKFLOWS_DESCRIPTION', 'index.php?module=Workflows&parent=Settings&view=List', 6, 0, 1),
(25, 4, 'LBL_CONFIG_EDITOR', 'migrate.gif', 'LBL_CONFIG_EDITOR_DESCRIPTION', 'index.php?module=Vtiger&parent=Settings&view=ConfigEditorDetail', 7, 0, 0),
(26, 4, 'Scheduler', 'Cron.png', 'LBL_SCHEDULER_DESCRIPTION', 'index.php?module=CronTasks&parent=Settings&view=List', 8, 0, 0),
(27, 4, 'LBL_WORKFLOW_LIST', 'settingsWorkflow.png', 'LBL_AVAILABLE_WORKLIST_LIST', 'index.php?module=com_vtiger_workflow&action=workflowlist', 8, 0, 0),
(28, 4, 'ModTracker', 'set-IcoLoginHistory.gif', 'LBL_MODTRACKER_DESCRIPTION', 'index.php?module=ModTracker&action=BasicSettings&parenttab=Settings&formodule=ModTracker', 9, 0, 0),
(29, 5, 'LBL_PBXMANAGER', '', 'LBL_PBXMANAGER_DESCRIPTION', 'index.php?module=PBXManager&parent=Settings&view=Index', 2, 0, 0),
(30, 5, 'LBL_CUSTOMER_PORTAL', 'portal_icon.png', 'PORTAL_EXTENSION_DESCRIPTION', 'index.php?module=CustomerPortal&action=index&parenttab=Settings', 1, 0, 0),
(31, 5, 'Webforms', 'modules/Webforms/img/Webform.png', 'LBL_WEBFORMS_DESCRIPTION', 'index.php?module=Webforms&action=index&parenttab=Settings', 3, 0, 0),
(33, 2, 'LBL_EDIT_FIELDS', '', 'LBL_LAYOUT_EDITOR_DESCRIPTION', 'index.php?module=LayoutEditor&parent=Settings&view=Index', 10, 0, 0),
(35, 4, 'PDF', 'Smarty/templates/modules/OSSValidation/currency_update_mini.png', 'LBL_OSSPDF_INFO', 'index.php?module=OSSPdf&view=Index&parent=Settings', 12, 0, 0),
(36, 8, 'Mail', '', 'LBL_OSSMAIL_DESCRIPTION', 'index.php?module=OSSMail&parent=Settings&view=index', 13, 0, 0),
(38, 7, 'LBL_PASSWORD_CONF', NULL, 'LBL_PASSWORD_DESCRIPTION', 'index.php?module=Password&parent=Settings&view=Index', 1, 0, 0),
(40, 2, 'Menu Manager', 'menueditor.png', 'LBL_MENU_DESC', 'index.php?module=OSSMenuManager&view=Configuration&parent=Settings', 3, 0, 1),
(41, 2, 'LBL_ARRANGE_RELATED_TABS', 'picklist.gif', 'LBL_ARRANGE_RELATED_TABS', 'index.php?module=LayoutEditor&parent=Settings&view=Index&mode=showRelatedListLayout', 4, 0, 1),
(44, 8, 'Mail Scanner', '', 'LBL_MAIL_SCANNER_DESCRIPTION', 'index.php?module=OSSMailScanner&parent=Settings&view=index', 19, 0, 0),
(45, 7, 'Mail Logs', '', 'LBL_MAIL_LOGS_DESCRIPTION', 'index.php?module=OSSMailScanner&parent=Settings&view=logs', 20, 0, 0),
(46, 8, 'Mail View', '', 'LBL_MAIL_VIEW_DESCRIPTION', 'index.php?module=OSSMailView&parent=Settings&view=index', 21, 0, 0),
(47, 4, 'Document Control', '', 'LBL_DOCUMENT_CONTROL_DESCRIPTION', 'index.php?module=OSSDocumentControl&parent=Settings&view=Index', 22, 0, 0),
(48, 4, 'Project Templates', '', 'LBL_PROJECT_TEMPLATES_DESCRIPTION', 'index.php?module=OSSProjectTemplates&parent=Settings&view=Index', 23, 0, 0),
(49, 9, 'License', NULL, 'LBL_LICENSE_DESCRIPTION', 'index.php?module=Vtiger&parent=Settings&view=License', 1, 0, 0),
(51, 4, 'OSSPassword Configuration', 'migrate.gif', 'LBL_OSSPASSWORD_CONFIGURATION_DESCRIPTION', 'index.php?module=OSSPasswords&view=ConfigurePass&parent=Settings', 24, 0, 0),
(52, 2, 'LBL_DATAACCESS', NULL, 'LBL_DATAACCESS_DESCRIPTION', 'index.php?module=DataAccess&parent=Settings&view=Index', 5, 0, 0),
(53, 10, 'LangManagement', NULL, 'LBL_LANGMANAGEMENT_DESCRIPTION', 'index.php?module=LangManagement&parent=Settings&view=Index', 6, 0, 0),
(54, 1, 'GlobalPermission', '', 'LBL_GLOBALPERMISSION_DESCRIPTION', 'index.php?module=GlobalPermission&parent=Settings&view=Index', 7, 0, 0),
(56, 2, 'Search Setup', '', 'LBL_SEARCH_SETUP_DESCRIPTION', 'index.php?module=Search&parent=Settings&view=Index', 6, 0, 0),
(57, 2, 'CustomView', NULL, 'LBL_CUSTOMVIEW_DESCRIPTION', 'index.php?module=CustomView&parent=Settings&view=Index', 8, 0, 0),
(58, 2, 'Widgets', NULL, 'LBL_WIDGETS_DESCRIPTION', 'index.php?module=Widgets&parent=Settings&view=Index', 9, 0, 1),
(59, 9, 'Credits', NULL, 'LBL_CREDITS_DESCRIPTION', 'index.php?module=Home&view=Credits&parent=Settings', 2, 0, 0),
(60, 2, 'LBL_QUICK_CREATE_EDITOR', NULL, 'LBL_QUICK_CREATE_EDITOR_DESCRIPTION', 'index.php?module=QuickCreateEditor&parent=Settings&view=Index', 11, 0, 0),
(61, 5, 'LBL_API_ADDRESS', '', 'LBL_API_ADDRESS_DESCRIPTION', 'index.php?module=ApiAddress&parent=Settings&view=Configuration', 4, 0, 0),
(62, 7, 'LBL_BRUTEFORCE', '', 'LBL_BRUTEFORCE_DESCRIPTION', 'index.php?module=BruteForce&parent=Settings&view=Show', 20, 0, 0),
(63, 9, 'LBL_UPDATES_HISTORY', NULL, 'LBL_UPDATES_HISTORY_DESCRIPTION', 'index.php?parent=Settings&module=Updates&view=Index', 3, 0, 0),
(64, 7, 'Backup', '', 'LBL_BACKUP_DESCRIPTION', 'index.php?parent=Settings&module=BackUp&view=Index', 20, 0, 0),
(65, 9, 'LBL_CONFREPORT', '', 'LBL_CONFREPORT_DESCRIPTION', 'index.php?parent=Settings&module=ConfReport&view=Index', 20, 0, 0),
(66, 4, 'LBL_ACTIVITY_TYPES', '', 'LBL_ACTIVITY_TYPES_DESCRIPTION', 'index.php?parent=Settings&module=Calendar&view=ActivityTypes', 25, 0, 0),
(67, 2, 'LBL_WIDGETS_MANAGEMENT', '', 'LBL_WIDGETS_MANAGEMENT_DESCRIPTION', 'index.php?module=WidgetsManagement&parent=Settings&view=Configuration', 12, 0, 0);

-- --------------------------------------------------------

--
-- Table structure for table `vtiger_settings_field_seq`
--

CREATE TABLE IF NOT EXISTS `vtiger_settings_field_seq` (
  `id` int(11) NOT NULL
) ENGINE=InnoDB DEFAULT CHARSET=utf8;

--
-- Dumping data for table `vtiger_settings_field_seq`
--

INSERT INTO `vtiger_settings_field_seq` (`id`) VALUES
(67);

-- --------------------------------------------------------

--
-- Table structure for table `vtiger_sharedcalendar`
--

CREATE TABLE IF NOT EXISTS `vtiger_sharedcalendar` (
  `userid` int(19) NOT NULL,
  `sharedid` int(19) NOT NULL,
  PRIMARY KEY (`userid`,`sharedid`)
) ENGINE=InnoDB DEFAULT CHARSET=utf8;

-- --------------------------------------------------------

--
-- Table structure for table `vtiger_shareduserinfo`
--

CREATE TABLE IF NOT EXISTS `vtiger_shareduserinfo` (
  `userid` int(19) NOT NULL DEFAULT '0',
  `shareduserid` int(19) NOT NULL DEFAULT '0',
  `color` varchar(50) DEFAULT NULL,
  `visible` int(19) DEFAULT '1'
) ENGINE=InnoDB DEFAULT CHARSET=utf8;

-- --------------------------------------------------------

--
-- Table structure for table `vtiger_shorturls`
--

CREATE TABLE IF NOT EXISTS `vtiger_shorturls` (
  `id` int(11) NOT NULL AUTO_INCREMENT,
  `uid` varchar(50) DEFAULT NULL,
  `handler_path` varchar(400) DEFAULT NULL,
  `handler_class` varchar(100) DEFAULT NULL,
  `handler_function` varchar(100) DEFAULT NULL,
  `handler_data` varchar(255) DEFAULT NULL,
  `onetime` int(5) DEFAULT NULL,
  PRIMARY KEY (`id`),
  KEY `uid` (`uid`)
) ENGINE=InnoDB DEFAULT CHARSET=utf8 AUTO_INCREMENT=1 ;

-- --------------------------------------------------------

--
-- Table structure for table `vtiger_smsnotifier`
--

CREATE TABLE IF NOT EXISTS `vtiger_smsnotifier` (
  `smsnotifierid` int(19) NOT NULL,
  `message` text,
  `status` varchar(100) DEFAULT NULL,
  PRIMARY KEY (`smsnotifierid`)
) ENGINE=InnoDB DEFAULT CHARSET=utf8;

-- --------------------------------------------------------

--
-- Table structure for table `vtiger_smsnotifiercf`
--

CREATE TABLE IF NOT EXISTS `vtiger_smsnotifiercf` (
  `smsnotifierid` int(19) NOT NULL,
  PRIMARY KEY (`smsnotifierid`)
) ENGINE=InnoDB DEFAULT CHARSET=utf8;

-- --------------------------------------------------------

--
-- Table structure for table `vtiger_smsnotifier_servers`
--

CREATE TABLE IF NOT EXISTS `vtiger_smsnotifier_servers` (
  `id` int(11) NOT NULL AUTO_INCREMENT,
  `password` varchar(255) DEFAULT NULL,
  `isactive` int(1) DEFAULT NULL,
  `providertype` varchar(50) DEFAULT NULL,
  `username` varchar(255) DEFAULT NULL,
  `parameters` text,
  PRIMARY KEY (`id`)
) ENGINE=InnoDB DEFAULT CHARSET=utf8 AUTO_INCREMENT=1 ;

-- --------------------------------------------------------

--
-- Table structure for table `vtiger_smsnotifier_status`
--

CREATE TABLE IF NOT EXISTS `vtiger_smsnotifier_status` (
  `smsnotifierid` int(11) DEFAULT NULL,
  `tonumber` varchar(20) DEFAULT NULL,
  `status` varchar(10) DEFAULT NULL,
  `smsmessageid` varchar(50) DEFAULT NULL,
  `needlookup` int(1) DEFAULT '1',
  `statusid` int(11) NOT NULL AUTO_INCREMENT,
  `statusmessage` varchar(100) DEFAULT NULL,
  PRIMARY KEY (`statusid`)
) ENGINE=InnoDB DEFAULT CHARSET=utf8 AUTO_INCREMENT=1 ;

-- --------------------------------------------------------

--
-- Table structure for table `vtiger_soapservice`
--

CREATE TABLE IF NOT EXISTS `vtiger_soapservice` (
  `id` int(19) DEFAULT NULL,
  `type` varchar(25) DEFAULT NULL,
  `sessionid` varchar(100) DEFAULT NULL,
  `lang` varchar(10) DEFAULT NULL,
  KEY `id` (`id`,`type`)
) ENGINE=InnoDB DEFAULT CHARSET=utf8;

-- --------------------------------------------------------

--
-- Table structure for table `vtiger_sostatus`
--

CREATE TABLE IF NOT EXISTS `vtiger_sostatus` (
  `sostatusid` int(19) NOT NULL AUTO_INCREMENT,
  `sostatus` varchar(200) NOT NULL,
  `presence` int(1) NOT NULL DEFAULT '1',
  `picklist_valueid` int(19) NOT NULL DEFAULT '0',
  `sortorderid` int(11) DEFAULT NULL,
  PRIMARY KEY (`sostatusid`),
  UNIQUE KEY `sostatus_sostatus_idx` (`sostatus`)
) ENGINE=InnoDB  DEFAULT CHARSET=utf8 AUTO_INCREMENT=5 ;

--
-- Dumping data for table `vtiger_sostatus`
--

INSERT INTO `vtiger_sostatus` (`sostatusid`, `sostatus`, `presence`, `picklist_valueid`, `sortorderid`) VALUES
(1, 'Created', 0, 166, 0),
(2, 'Approved', 0, 167, 1),
(3, 'Delivered', 0, 168, 2),
(4, 'Cancelled', 0, 169, 3);

-- --------------------------------------------------------

--
-- Table structure for table `vtiger_sostatushistory`
--

CREATE TABLE IF NOT EXISTS `vtiger_sostatushistory` (
  `historyid` int(19) NOT NULL AUTO_INCREMENT,
  `salesorderid` int(19) NOT NULL,
  `accountname` varchar(100) DEFAULT NULL,
  `total` decimal(10,0) DEFAULT NULL,
  `sostatus` varchar(200) DEFAULT NULL,
  `lastmodified` datetime DEFAULT NULL,
  PRIMARY KEY (`historyid`),
  KEY `sostatushistory_salesorderid_idx` (`salesorderid`)
) ENGINE=InnoDB DEFAULT CHARSET=utf8 AUTO_INCREMENT=1 ;

-- --------------------------------------------------------

--
-- Table structure for table `vtiger_sostatus_seq`
--

CREATE TABLE IF NOT EXISTS `vtiger_sostatus_seq` (
  `id` int(11) NOT NULL
) ENGINE=InnoDB DEFAULT CHARSET=utf8;

--
-- Dumping data for table `vtiger_sostatus_seq`
--

INSERT INTO `vtiger_sostatus_seq` (`id`) VALUES
(4);

-- --------------------------------------------------------

--
-- Table structure for table `vtiger_sqltimelog`
--

CREATE TABLE IF NOT EXISTS `vtiger_sqltimelog` (
  `id` int(11) DEFAULT NULL,
  `type` varchar(10) DEFAULT NULL,
  `data` text,
  `started` decimal(20,6) DEFAULT NULL,
  `ended` decimal(20,6) DEFAULT NULL,
  `loggedon` datetime DEFAULT NULL
) ENGINE=InnoDB DEFAULT CHARSET=utf8;

-- --------------------------------------------------------

--
-- Table structure for table `vtiger_ssservicesstatus`
--

CREATE TABLE IF NOT EXISTS `vtiger_ssservicesstatus` (
  `ssservicesstatusid` int(11) NOT NULL AUTO_INCREMENT,
  `ssservicesstatus` varchar(200) NOT NULL,
  `presence` int(1) NOT NULL DEFAULT '1',
  `picklist_valueid` int(11) NOT NULL DEFAULT '0',
  `sortorderid` int(11) DEFAULT '0',
  PRIMARY KEY (`ssservicesstatusid`)
) ENGINE=InnoDB  DEFAULT CHARSET=utf8 AUTO_INCREMENT=4 ;

--
-- Dumping data for table `vtiger_ssservicesstatus`
--

INSERT INTO `vtiger_ssservicesstatus` (`ssservicesstatusid`, `ssservicesstatus`, `presence`, `picklist_valueid`, `sortorderid`) VALUES
(1, 'Individual Agreement', 1, 416, 1),
(2, 'In service', 1, 417, 2),
(3, 'Finished support', 1, 418, 3);

-- --------------------------------------------------------

--
-- Table structure for table `vtiger_ssservicesstatus_seq`
--

CREATE TABLE IF NOT EXISTS `vtiger_ssservicesstatus_seq` (
  `id` int(11) NOT NULL
) ENGINE=InnoDB DEFAULT CHARSET=utf8;

--
-- Dumping data for table `vtiger_ssservicesstatus_seq`
--

INSERT INTO `vtiger_ssservicesstatus_seq` (`id`) VALUES
(3);

-- --------------------------------------------------------

--
-- Table structure for table `vtiger_start_hour`
--

CREATE TABLE IF NOT EXISTS `vtiger_start_hour` (
  `start_hourid` int(11) NOT NULL AUTO_INCREMENT,
  `start_hour` varchar(200) NOT NULL,
  `presence` int(1) NOT NULL DEFAULT '1',
  `picklist_valueid` int(11) NOT NULL DEFAULT '0',
  `sortorderid` int(11) DEFAULT '0',
  PRIMARY KEY (`start_hourid`)
) ENGINE=InnoDB  DEFAULT CHARSET=utf8 AUTO_INCREMENT=25 ;

--
-- Dumping data for table `vtiger_start_hour`
--

INSERT INTO `vtiger_start_hour` (`start_hourid`, `start_hour`, `presence`, `picklist_valueid`, `sortorderid`) VALUES
(1, '00:00', 1, 297, 1),
(2, '01:00', 1, 298, 2),
(3, '02:00', 1, 299, 3),
(4, '03:00', 1, 300, 4),
(5, '04:00', 1, 301, 5),
(6, '05:00', 1, 302, 6),
(7, '06:00', 1, 303, 7),
(8, '07:00', 1, 304, 8),
(9, '08:00', 1, 305, 9),
(10, '09:00', 1, 306, 10),
(11, '10:00', 1, 307, 11),
(12, '11:00', 1, 308, 12),
(13, '12:00', 1, 309, 13),
(14, '13:00', 1, 310, 14),
(15, '14:00', 1, 311, 15),
(16, '15:00', 1, 312, 16),
(17, '16:00', 1, 313, 17),
(18, '17:00', 1, 314, 18),
(19, '18:00', 1, 315, 19),
(20, '19:00', 1, 316, 20),
(21, '20:00', 1, 317, 21),
(22, '21:00', 1, 318, 22),
(23, '22:00', 1, 319, 23),
(24, '23:00', 1, 320, 24);

-- --------------------------------------------------------

--
-- Table structure for table `vtiger_start_hour_seq`
--

CREATE TABLE IF NOT EXISTS `vtiger_start_hour_seq` (
  `id` int(11) NOT NULL
) ENGINE=InnoDB DEFAULT CHARSET=utf8;

--
-- Dumping data for table `vtiger_start_hour_seq`
--

INSERT INTO `vtiger_start_hour_seq` (`id`) VALUES
(24);

-- --------------------------------------------------------

--
-- Table structure for table `vtiger_status`
--

CREATE TABLE IF NOT EXISTS `vtiger_status` (
  `statusid` int(19) NOT NULL AUTO_INCREMENT,
  `status` varchar(200) NOT NULL,
  `presence` int(1) NOT NULL DEFAULT '1',
  `picklist_valueid` int(19) NOT NULL DEFAULT '0',
  PRIMARY KEY (`statusid`)
) ENGINE=InnoDB  DEFAULT CHARSET=utf8 AUTO_INCREMENT=3 ;

--
-- Dumping data for table `vtiger_status`
--

INSERT INTO `vtiger_status` (`statusid`, `status`, `presence`, `picklist_valueid`) VALUES
(1, 'Active', 0, 1),
(2, 'Inactive', 1, 1);

-- --------------------------------------------------------

--
-- Table structure for table `vtiger_status_seq`
--

CREATE TABLE IF NOT EXISTS `vtiger_status_seq` (
  `id` int(11) NOT NULL
) ENGINE=InnoDB DEFAULT CHARSET=utf8;

--
-- Dumping data for table `vtiger_status_seq`
--

INSERT INTO `vtiger_status_seq` (`id`) VALUES
(2);

-- --------------------------------------------------------

--
-- Table structure for table `vtiger_subindustry`
--

CREATE TABLE IF NOT EXISTS `vtiger_subindustry` (
  `subindustryid` int(11) NOT NULL AUTO_INCREMENT,
  `subindustry` varchar(200) NOT NULL,
  `sortorderid` int(11) DEFAULT NULL,
  `presence` int(11) NOT NULL DEFAULT '1',
  PRIMARY KEY (`subindustryid`)
) ENGINE=InnoDB  DEFAULT CHARSET=utf8 AUTO_INCREMENT=44 ;

--
-- Dumping data for table `vtiger_subindustry`
--

INSERT INTO `vtiger_subindustry` (`subindustryid`, `subindustry`, `sortorderid`, `presence`) VALUES
(1, 'Ministry', 1, 1),
(2, 'Chancellery', 2, 1),
(3, 'Voivodeship Office', 3, 1),
(4, 'Marshal Office', 4, 1),
(5, 'Poviat', 5, 1),
(6, 'City/Township/District', 6, 1),
(7, 'Social Welfare Centre', 7, 1),
(8, 'Water and Sewerage Company', 8, 1),
(9, 'Voivodeship Job Centre', 9, 1),
(10, 'Poviat Job Centre', 10, 1),
(11, 'Court of justice', 11, 1),
(12, 'Attorney General''s Office', 12, 1),
(13, 'Other', 44, 1),
(14, 'Deweloperzy', 14, 1),
(15, 'Real Estate', 15, 1),
(16, 'Primary Schools', 16, 1),
(17, 'High Schools', 17, 1),
(18, 'Banking', 18, 1),
(19, 'Capital Market', 19, 1),
(20, 'Financial Services', 20, 1),
(21, 'Investments', 21, 1),
(22, 'Insurance', 22, 1),
(23, 'Retail', 23, 1),
(24, 'Wholesale', 24, 1),
(25, 'Resale', 25, 1),
(26, 'Automotive', 26, 1),
(27, 'Plastics', 27, 1),
(28, 'Chamical', 28, 1),
(29, 'Raw material', 29, 1),
(30, 'Fuel', 30, 1),
(31, 'Wood and paper', 31, 1),
(32, 'Electromechanical', 32, 1),
(33, 'Pharmaceutical', 33, 1),
(34, 'Building Materials', 34, 1),
(35, 'Metal', 35, 1),
(36, 'Light', 36, 1),
(37, 'Food industry', 37, 1),
(38, 'Recycling', 38, 1),
(39, 'Army', 39, 1),
(40, 'Police', 40, 1),
(41, 'Information Technology', 41, 1),
(42, 'Telecommunication', 42, 1),
(43, 'Media', 43, 1);

-- --------------------------------------------------------

--
-- Table structure for table `vtiger_subindustry_seq`
--

CREATE TABLE IF NOT EXISTS `vtiger_subindustry_seq` (
  `id` int(11) NOT NULL
) ENGINE=InnoDB DEFAULT CHARSET=utf8;

--
-- Dumping data for table `vtiger_subindustry_seq`
--

INSERT INTO `vtiger_subindustry_seq` (`id`) VALUES
(43);

-- --------------------------------------------------------

--
-- Table structure for table `vtiger_systems`
--

CREATE TABLE IF NOT EXISTS `vtiger_systems` (
  `id` int(19) NOT NULL,
  `server` varchar(100) DEFAULT NULL,
  `server_port` int(19) DEFAULT NULL,
  `server_username` varchar(100) DEFAULT NULL,
  `server_password` varchar(100) DEFAULT NULL,
  `server_type` varchar(20) DEFAULT NULL,
  `smtp_auth` varchar(5) DEFAULT NULL,
  `server_path` varchar(256) DEFAULT NULL,
  `from_email_field` varchar(50) DEFAULT NULL,
  PRIMARY KEY (`id`)
) ENGINE=InnoDB DEFAULT CHARSET=utf8;

-- --------------------------------------------------------

--
-- Table structure for table `vtiger_tab`
--

CREATE TABLE IF NOT EXISTS `vtiger_tab` (
  `tabid` int(19) NOT NULL DEFAULT '0',
  `name` varchar(25) NOT NULL,
  `presence` int(19) NOT NULL DEFAULT '1',
  `tabsequence` int(10) DEFAULT NULL,
  `tablabel` varchar(25) NOT NULL,
  `modifiedby` int(19) DEFAULT NULL,
  `modifiedtime` int(19) DEFAULT NULL,
  `customized` int(19) DEFAULT NULL,
  `ownedby` int(19) DEFAULT NULL,
  `isentitytype` int(11) NOT NULL DEFAULT '1',
  `version` varchar(10) DEFAULT NULL,
  `parent` varchar(30) DEFAULT NULL,
  `trial` int(1) DEFAULT '0',
  PRIMARY KEY (`tabid`),
  UNIQUE KEY `tab_name_idx` (`name`),
  KEY `tab_modifiedby_idx` (`modifiedby`),
  KEY `tab_tabid_idx` (`tabid`)
) ENGINE=InnoDB DEFAULT CHARSET=utf8;

--
-- Dumping data for table `vtiger_tab`
--

INSERT INTO `vtiger_tab` (`tabid`, `name`, `presence`, `tabsequence`, `tablabel`, `modifiedby`, `modifiedtime`, `customized`, `ownedby`, `isentitytype`, `version`, `parent`, `trial`) VALUES
(1, 'Dashboard', 0, 12, 'Dashboards', NULL, NULL, 0, 1, 0, NULL, 'Analytics', 0),
(2, 'Potentials', 0, 7, 'Potentials', NULL, NULL, 0, 0, 1, NULL, 'Sales', 0),
(3, 'Home', 0, 1, 'Home', NULL, NULL, 0, 1, 0, NULL, NULL, 0),
(4, 'Contacts', 0, 6, 'Contacts', NULL, NULL, 0, 0, 1, NULL, 'Sales', 0),
(6, 'Accounts', 0, 5, 'Accounts', NULL, NULL, 0, 0, 1, NULL, 'Sales', 0),
(7, 'Leads', 0, 4, 'Leads', NULL, NULL, 0, 0, 1, NULL, 'Sales', 0),
(8, 'Documents', 0, 9, 'Documents', NULL, NULL, 0, 0, 1, NULL, 'Tools', 0),
(9, 'Calendar', 0, 3, 'Calendar', NULL, NULL, 0, 0, 1, NULL, 'Tools', 0),
(10, 'Emails', 0, 10, 'Emails', NULL, NULL, 0, 1, 1, NULL, 'Tools', 0),
(13, 'HelpDesk', 0, 11, 'HelpDesk', NULL, NULL, 0, 0, 1, NULL, 'Support', 0),
(14, 'Products', 0, 8, 'Products', NULL, NULL, 0, 0, 1, NULL, 'Inventory', 0),
(15, 'Faq', 0, -1, 'Faq', NULL, NULL, 0, 1, 1, NULL, 'Support', 0),
(16, 'Events', 2, -1, 'Events', NULL, NULL, 0, 0, 1, NULL, NULL, 0),
(18, 'Vendors', 0, -1, 'Vendors', NULL, NULL, 0, 0, 1, NULL, 'Inventory', 0),
(19, 'PriceBooks', 0, -1, 'PriceBooks', NULL, NULL, 0, 1, 1, NULL, 'Inventory', 0),
(20, 'Quotes', 0, -1, 'Quotes', NULL, NULL, 0, 0, 1, NULL, 'Sales', 0),
(21, 'PurchaseOrder', 0, -1, 'PurchaseOrder', NULL, NULL, 0, 0, 1, NULL, 'Inventory', 0),
(22, 'SalesOrder', 0, -1, 'SalesOrder', NULL, NULL, 0, 0, 1, NULL, 'Sales', 0),
(23, 'Invoice', 0, -1, 'Invoice', NULL, NULL, 0, 0, 1, NULL, 'Sales', 0),
(24, 'Rss', 0, -1, 'Rss', NULL, NULL, 0, 1, 0, NULL, 'Tools', 0),
(25, 'Reports', 0, -1, 'Reports', NULL, NULL, 0, 1, 0, NULL, 'Analytics', 0),
(26, 'Campaigns', 0, -1, 'Campaigns', NULL, NULL, 0, 0, 1, NULL, 'Marketing', 0),
(27, 'Portal', 0, -1, 'Portal', NULL, NULL, 0, 1, 0, NULL, 'Tools', 0),
(29, 'Users', 0, -1, 'Users', NULL, NULL, 0, 1, 0, NULL, NULL, 0),
(30, 'Import', 0, -1, 'Import', NULL, NULL, 1, 0, 0, '1.7', '', 0),
(31, 'Mobile', 0, -1, 'Mobile', NULL, NULL, 1, 0, 0, '2.0', '', 0),
(32, 'ModTracker', 0, -1, 'ModTracker', NULL, NULL, 0, 0, 0, '1.2', '', 0),
(33, 'PBXManager', 0, -1, 'PBXManager', NULL, NULL, 1, 0, 1, '2.1', 'Tools', 0),
(34, 'ServiceContracts', 0, -1, 'Service Contracts', NULL, NULL, 0, 0, 1, '2.4', 'Support', 0),
(35, 'Services', 0, -1, 'Services', NULL, NULL, 0, 0, 1, '2.6', 'Inventory', 0),
(36, 'WSAPP', 0, -1, 'WSAPP', NULL, NULL, 1, 0, 0, '3.4.4', '', 0),
(37, 'Assets', 0, -1, 'Assets', NULL, NULL, 0, 0, 1, '2.0', 'Inventory', 0),
(38, 'CustomerPortal', 0, -1, 'CustomerPortal', NULL, NULL, 0, 0, 0, '1.4', '', 0),
(40, 'ModComments', 0, -1, 'Comments', NULL, NULL, 0, 0, 1, '2.1', 'Tools', 0),
(41, 'ProjectMilestone', 0, -1, 'ProjectMilestone', NULL, NULL, 0, 0, 1, '3.0', 'Support', 0),
(42, 'ProjectTask', 0, -1, 'ProjectTask', NULL, NULL, 0, 0, 1, '3.1', 'Support', 0),
(43, 'Project', 0, -1, 'Project', NULL, NULL, 0, 0, 1, '3.3', 'Support', 0),
(44, 'RecycleBin', 0, -1, 'Recycle Bin', NULL, NULL, 0, 0, 0, '1.5', 'Tools', 0),
(45, 'SMSNotifier', 0, -1, 'SMSNotifier', NULL, NULL, 0, 0, 1, '1.9', 'Tools', 0),
(46, 'Webforms', 0, -1, 'Webforms', NULL, NULL, 0, 0, 0, '1.5', '', 0),
(47, 'OSSPdf', 0, -1, 'OSSPdf', NULL, NULL, 0, 0, 1, '4.0.25', 'Tools', 0),
(48, 'OSSMail', 0, -1, 'OSSMail', NULL, NULL, 0, 0, 0, '1.50', 'Tools', 0),
(49, 'OSSMailTemplates', 0, -1, 'OSSMailTemplates', NULL, NULL, 0, 0, 1, '1.04', 'Tools', 0),
(50, 'Password', 0, -1, 'Password', NULL, NULL, 0, 0, 0, '1.00', '', 0),
(51, 'OSSTimeControl', 0, -1, 'OSSTimeControl', NULL, NULL, 0, 0, 1, '1.0.4', 'Tools', 0),
(52, 'OSSMenuManager', 0, -1, 'OSSMenuManager', NULL, NULL, 0, 0, 0, '1.0.23', '', 0),
(53, 'OSSMailScanner', 0, -1, 'OSSMailScanner', NULL, NULL, 0, 0, 0, '1.30', '', 0),
(54, 'OSSMailView', 0, -1, 'OSSMailView', NULL, NULL, 0, 0, 1, '1.36', 'Tools', 0),
(55, 'OSSDocumentControl', 0, -1, 'OSSDocumentControl', NULL, NULL, 0, 0, 0, '0.9.19', '', 0),
(56, 'OSSProjectTemplates', 0, -1, 'OSSProjectTemplates', NULL, NULL, 0, 0, 0, '0.9.17', '', 0),
(57, 'OSSOutsourcedServices', 0, -1, 'OSSOutsourcedServices', NULL, NULL, 0, 0, 1, '1.0.2', 'Tools', 0),
(58, 'OSSSoldServices', 0, -1, 'OSSSoldServices', NULL, NULL, 0, 0, 1, '1.0.2', 'Tools', 0),
(59, 'OutsourcedProducts', 0, -1, 'OutsourcedProducts', NULL, NULL, 0, 0, 1, '1.0', 'Support', 0),
(60, 'OSSPasswords', 0, -1, 'OSSPasswords', NULL, NULL, 0, 0, 1, '0.96', 'Tools', 0),
(61, 'OSSEmployees', 0, -1, 'OSSEmployees', NULL, NULL, 0, 0, 1, '1.0.1', 'Tools', 0),
(70, 'Calculations', 0, -1, 'Calculations', NULL, NULL, 0, 0, 1, '1.0', 'Sales', 0),
(71, 'OSSCosts', 0, -1, 'OSSCosts', NULL, NULL, 0, 0, 1, '1.0.2', 'Sales', 0),
(72, 'AJAXChat', 0, -1, 'AJAXChat', NULL, NULL, 0, 0, 0, '1.00', '', 0),
(73, 'ApiAddress', 0, -1, 'Api Address', NULL, NULL, 0, 0, 0, '0.1', '', 0);

-- --------------------------------------------------------

--
-- Table structure for table `vtiger_tab_info`
--

CREATE TABLE IF NOT EXISTS `vtiger_tab_info` (
  `tabid` int(19) DEFAULT NULL,
  `prefname` varchar(256) DEFAULT NULL,
  `prefvalue` varchar(256) DEFAULT NULL,
  KEY `fk_1_vtiger_tab_info` (`tabid`)
) ENGINE=InnoDB DEFAULT CHARSET=utf8;

--
-- Dumping data for table `vtiger_tab_info`
--

INSERT INTO `vtiger_tab_info` (`tabid`, `prefname`, `prefvalue`) VALUES
(30, 'vtiger_min_version', '6.0.0rc'),
(30, 'vtiger_max_version', '6.*'),
(31, 'vtiger_min_version', '6.0.0rc'),
(32, 'vtiger_min_version', '6.0.0rc'),
(33, 'vtiger_min_version', '6.0.0'),
(33, 'vtiger_max_version', '6.*'),
(34, 'vtiger_min_version', '6.0.0rc'),
(35, 'vtiger_min_version', '6.0.0rc'),
(35, 'vtiger_max_version', '6.*'),
(36, 'vtiger_min_version', '6.0.0rc'),
(37, 'vtiger_min_version', '6.0.0rc'),
(37, 'vtiger_max_version', '6.*'),
(38, 'vtiger_min_version', '6.0.0rc'),
(38, 'vtiger_max_version', '6.*'),
(40, 'vtiger_min_version', '6.0.0rc'),
(40, 'vtiger_max_version', '6.*'),
(41, 'vtiger_min_version', '6.0.0rc'),
(41, 'vtiger_max_version', '6.*'),
(42, 'vtiger_min_version', '6.0.0rc'),
(43, 'vtiger_min_version', '6.0.0rc'),
(44, 'vtiger_min_version', '6.0.0rc'),
(44, 'vtiger_max_version', '6.*'),
(45, 'vtiger_min_version', '6.0.0rc'),
(45, 'vtiger_max_version', '6.*'),
(46, 'vtiger_min_version', '6.0.0rc'),
(46, 'vtiger_max_version', '6.*'),
(47, 'vtiger_min_version', '6.0.0'),
(48, 'vtiger_min_version', '6.0.0'),
(48, 'vtiger_max_version', '6.*'),
(49, 'vtiger_min_version', '6.0.0'),
(50, 'vtiger_min_version', '6.0.0'),
(51, 'vtiger_min_version', '6.1.0'),
(51, 'vtiger_max_version', '6.*'),
(52, 'vtiger_min_version', '6.0.0'),
(52, 'vtiger_max_version', '6.*'),
(53, 'vtiger_min_version', '6.0.0'),
(53, 'vtiger_max_version', '6.*'),
(54, 'vtiger_min_version', '6.0.0'),
(54, 'vtiger_max_version', '6.*'),
(55, 'vtiger_min_version', '6.0.0'),
(56, 'vtiger_min_version', '6.0.0'),
(57, 'vtiger_min_version', '6.0.0'),
(57, 'vtiger_max_version', '6.*'),
(58, 'vtiger_min_version', '6.0.0'),
(58, 'vtiger_max_version', '6.*'),
(59, 'vtiger_min_version', '6.0.0'),
(60, 'vtiger_min_version', '6.0.0rc'),
(60, 'vtiger_max_version', '6.*'),
(61, 'vtiger_min_version', '6.0.0'),
(61, 'vtiger_max_version', '6.*'),
(70, 'vtiger_min_version', '6.0.0'),
(70, 'vtiger_max_version', '6.*'),
(71, 'vtiger_min_version', '6.0.0rc'),
(71, 'vtiger_max_version', '6.*'),
(72, 'vtiger_min_version', '0.0.6'),
(72, 'vtiger_max_version', '0.*'),
(73, 'vtiger_min_version', '6.0.0rc'),
(73, 'vtiger_max_version', '6.*');

-- --------------------------------------------------------

--
-- Table structure for table `vtiger_taskpriority`
--

CREATE TABLE IF NOT EXISTS `vtiger_taskpriority` (
  `taskpriorityid` int(19) NOT NULL AUTO_INCREMENT,
  `taskpriority` varchar(200) DEFAULT NULL,
  `presence` int(1) NOT NULL DEFAULT '1',
  `picklist_valueid` int(19) NOT NULL DEFAULT '0',
  `sortorderid` int(11) DEFAULT NULL,
  PRIMARY KEY (`taskpriorityid`)
) ENGINE=InnoDB  DEFAULT CHARSET=utf8 AUTO_INCREMENT=4 ;

--
-- Dumping data for table `vtiger_taskpriority`
--

INSERT INTO `vtiger_taskpriority` (`taskpriorityid`, `taskpriority`, `presence`, `picklist_valueid`, `sortorderid`) VALUES
(1, 'High', 1, 170, 0),
(2, 'Medium', 1, 171, 1),
(3, 'Low', 1, 172, 2);

-- --------------------------------------------------------

--
-- Table structure for table `vtiger_taskpriority_seq`
--

CREATE TABLE IF NOT EXISTS `vtiger_taskpriority_seq` (
  `id` int(11) NOT NULL
) ENGINE=InnoDB DEFAULT CHARSET=utf8;

--
-- Dumping data for table `vtiger_taskpriority_seq`
--

INSERT INTO `vtiger_taskpriority_seq` (`id`) VALUES
(3);

-- --------------------------------------------------------

--
-- Table structure for table `vtiger_taskstatus`
--

CREATE TABLE IF NOT EXISTS `vtiger_taskstatus` (
  `taskstatusid` int(19) NOT NULL AUTO_INCREMENT,
  `taskstatus` varchar(200) DEFAULT NULL,
  `presence` int(1) NOT NULL DEFAULT '1',
  `picklist_valueid` int(19) NOT NULL DEFAULT '0',
  `sortorderid` int(11) DEFAULT NULL,
  PRIMARY KEY (`taskstatusid`)
) ENGINE=InnoDB  DEFAULT CHARSET=utf8 AUTO_INCREMENT=7 ;

--
-- Dumping data for table `vtiger_taskstatus`
--

INSERT INTO `vtiger_taskstatus` (`taskstatusid`, `taskstatus`, `presence`, `picklist_valueid`, `sortorderid`) VALUES
(1, 'Not Started', 0, 173, 0),
(2, 'In Progress', 0, 174, 1),
(3, 'Completed', 0, 175, 2),
(4, 'Pending Input', 0, 176, 3),
(5, 'Deferred', 0, 177, 4),
(6, 'Planned', 0, 178, 5);

-- --------------------------------------------------------

--
-- Table structure for table `vtiger_taskstatus_seq`
--

CREATE TABLE IF NOT EXISTS `vtiger_taskstatus_seq` (
  `id` int(11) NOT NULL
) ENGINE=InnoDB DEFAULT CHARSET=utf8;

--
-- Dumping data for table `vtiger_taskstatus_seq`
--

INSERT INTO `vtiger_taskstatus_seq` (`id`) VALUES
(6);

-- --------------------------------------------------------

--
-- Table structure for table `vtiger_taxclass`
--

CREATE TABLE IF NOT EXISTS `vtiger_taxclass` (
  `taxclassid` int(19) NOT NULL AUTO_INCREMENT,
  `taxclass` varchar(200) NOT NULL,
  `sortorderid` int(19) NOT NULL DEFAULT '0',
  `presence` int(1) NOT NULL DEFAULT '1',
  PRIMARY KEY (`taxclassid`),
  UNIQUE KEY `taxclass_carrier_idx` (`taxclass`)
) ENGINE=InnoDB  DEFAULT CHARSET=utf8 AUTO_INCREMENT=3 ;

--
-- Dumping data for table `vtiger_taxclass`
--

INSERT INTO `vtiger_taxclass` (`taxclassid`, `taxclass`, `sortorderid`, `presence`) VALUES
(1, 'SalesTax', 0, 1),
(2, 'Vat', 1, 1);

-- --------------------------------------------------------

--
-- Table structure for table `vtiger_taxclass_seq`
--

CREATE TABLE IF NOT EXISTS `vtiger_taxclass_seq` (
  `id` int(11) NOT NULL
) ENGINE=InnoDB DEFAULT CHARSET=utf8;

--
-- Dumping data for table `vtiger_taxclass_seq`
--

INSERT INTO `vtiger_taxclass_seq` (`id`) VALUES
(2);

-- --------------------------------------------------------

--
-- Table structure for table `vtiger_ticketcategories`
--

CREATE TABLE IF NOT EXISTS `vtiger_ticketcategories` (
  `ticketcategories_id` int(19) NOT NULL AUTO_INCREMENT,
  `ticketcategories` varchar(200) DEFAULT NULL,
  `presence` int(1) NOT NULL DEFAULT '0',
  `picklist_valueid` int(19) NOT NULL DEFAULT '0',
  `sortorderid` int(11) DEFAULT NULL,
  PRIMARY KEY (`ticketcategories_id`)
) ENGINE=InnoDB  DEFAULT CHARSET=utf8 AUTO_INCREMENT=4 ;

--
-- Dumping data for table `vtiger_ticketcategories`
--

INSERT INTO `vtiger_ticketcategories` (`ticketcategories_id`, `ticketcategories`, `presence`, `picklist_valueid`, `sortorderid`) VALUES
(1, 'Big Problem', 1, 179, 0),
(2, 'Small Problem', 1, 180, 1),
(3, 'Other Problem', 1, 181, 2);

-- --------------------------------------------------------

--
-- Table structure for table `vtiger_ticketcategories_seq`
--

CREATE TABLE IF NOT EXISTS `vtiger_ticketcategories_seq` (
  `id` int(11) NOT NULL
) ENGINE=InnoDB DEFAULT CHARSET=utf8;

--
-- Dumping data for table `vtiger_ticketcategories_seq`
--

INSERT INTO `vtiger_ticketcategories_seq` (`id`) VALUES
(3);

-- --------------------------------------------------------

--
-- Table structure for table `vtiger_ticketcf`
--

CREATE TABLE IF NOT EXISTS `vtiger_ticketcf` (
  `ticketid` int(19) NOT NULL DEFAULT '0',
  `from_portal` varchar(3) DEFAULT NULL,
  PRIMARY KEY (`ticketid`)
) ENGINE=InnoDB DEFAULT CHARSET=utf8;

-- --------------------------------------------------------

--
-- Table structure for table `vtiger_ticketcomments`
--

CREATE TABLE IF NOT EXISTS `vtiger_ticketcomments` (
  `commentid` int(19) NOT NULL AUTO_INCREMENT,
  `ticketid` int(19) DEFAULT NULL,
  `comments` text,
  `ownerid` int(19) NOT NULL DEFAULT '0',
  `ownertype` varchar(10) DEFAULT NULL,
  `createdtime` datetime NOT NULL,
  PRIMARY KEY (`commentid`),
  KEY `ticketcomments_ticketid_idx` (`ticketid`)
) ENGINE=InnoDB DEFAULT CHARSET=utf8 AUTO_INCREMENT=1 ;

-- --------------------------------------------------------

--
-- Table structure for table `vtiger_ticketpriorities`
--

CREATE TABLE IF NOT EXISTS `vtiger_ticketpriorities` (
  `ticketpriorities_id` int(19) NOT NULL AUTO_INCREMENT,
  `ticketpriorities` varchar(200) DEFAULT NULL,
  `presence` int(1) NOT NULL DEFAULT '0',
  `picklist_valueid` int(19) NOT NULL DEFAULT '0',
  `sortorderid` int(11) DEFAULT NULL,
  PRIMARY KEY (`ticketpriorities_id`)
) ENGINE=InnoDB  DEFAULT CHARSET=utf8 AUTO_INCREMENT=5 ;

--
-- Dumping data for table `vtiger_ticketpriorities`
--

INSERT INTO `vtiger_ticketpriorities` (`ticketpriorities_id`, `ticketpriorities`, `presence`, `picklist_valueid`, `sortorderid`) VALUES
(1, 'Low', 1, 182, 0),
(2, 'Normal', 1, 183, 1),
(3, 'High', 1, 184, 2),
(4, 'Urgent', 1, 185, 3);

-- --------------------------------------------------------

--
-- Table structure for table `vtiger_ticketpriorities_seq`
--

CREATE TABLE IF NOT EXISTS `vtiger_ticketpriorities_seq` (
  `id` int(11) NOT NULL
) ENGINE=InnoDB DEFAULT CHARSET=utf8;

--
-- Dumping data for table `vtiger_ticketpriorities_seq`
--

INSERT INTO `vtiger_ticketpriorities_seq` (`id`) VALUES
(4);

-- --------------------------------------------------------

--
-- Table structure for table `vtiger_ticketseverities`
--

CREATE TABLE IF NOT EXISTS `vtiger_ticketseverities` (
  `ticketseverities_id` int(19) NOT NULL AUTO_INCREMENT,
  `ticketseverities` varchar(200) DEFAULT NULL,
  `presence` int(1) NOT NULL DEFAULT '0',
  `picklist_valueid` int(19) NOT NULL DEFAULT '0',
  `sortorderid` int(11) DEFAULT NULL,
  PRIMARY KEY (`ticketseverities_id`)
) ENGINE=InnoDB  DEFAULT CHARSET=utf8 AUTO_INCREMENT=5 ;

--
-- Dumping data for table `vtiger_ticketseverities`
--

INSERT INTO `vtiger_ticketseverities` (`ticketseverities_id`, `ticketseverities`, `presence`, `picklist_valueid`, `sortorderid`) VALUES
(1, 'Minor', 1, 186, 0),
(2, 'Major', 1, 187, 1),
(3, 'Feature', 1, 188, 2),
(4, 'Critical', 1, 189, 3);

-- --------------------------------------------------------

--
-- Table structure for table `vtiger_ticketseverities_seq`
--

CREATE TABLE IF NOT EXISTS `vtiger_ticketseverities_seq` (
  `id` int(11) NOT NULL
) ENGINE=InnoDB DEFAULT CHARSET=utf8;

--
-- Dumping data for table `vtiger_ticketseverities_seq`
--

INSERT INTO `vtiger_ticketseverities_seq` (`id`) VALUES
(4);

-- --------------------------------------------------------

--
-- Table structure for table `vtiger_ticketstatus`
--

CREATE TABLE IF NOT EXISTS `vtiger_ticketstatus` (
  `ticketstatus_id` int(19) NOT NULL AUTO_INCREMENT,
  `ticketstatus` varchar(200) DEFAULT NULL,
  `presence` int(1) NOT NULL DEFAULT '0',
  `picklist_valueid` int(19) NOT NULL DEFAULT '0',
  `sortorderid` int(11) DEFAULT NULL,
  PRIMARY KEY (`ticketstatus_id`)
) ENGINE=InnoDB  DEFAULT CHARSET=utf8 AUTO_INCREMENT=7 ;

--
-- Dumping data for table `vtiger_ticketstatus`
--

INSERT INTO `vtiger_ticketstatus` (`ticketstatus_id`, `ticketstatus`, `presence`, `picklist_valueid`, `sortorderid`) VALUES
(1, 'Open', 0, 190, 1),
(2, 'In Progress', 0, 191, 2),
(3, 'Wait For Response', 0, 192, 3),
(4, 'Closed', 0, 193, 6),
(5, 'Answered', 0, 387, 4),
(6, 'Rejected', 0, 557, 5);

-- --------------------------------------------------------

--
-- Table structure for table `vtiger_ticketstatus_seq`
--

CREATE TABLE IF NOT EXISTS `vtiger_ticketstatus_seq` (
  `id` int(11) NOT NULL
) ENGINE=InnoDB DEFAULT CHARSET=utf8;

--
-- Dumping data for table `vtiger_ticketstatus_seq`
--

INSERT INTO `vtiger_ticketstatus_seq` (`id`) VALUES
(6);

-- --------------------------------------------------------

--
-- Table structure for table `vtiger_time_zone`
--

CREATE TABLE IF NOT EXISTS `vtiger_time_zone` (
  `time_zoneid` int(19) NOT NULL AUTO_INCREMENT,
  `time_zone` varchar(200) NOT NULL,
  `sortorderid` int(19) NOT NULL DEFAULT '0',
  `presence` int(1) NOT NULL DEFAULT '1',
  PRIMARY KEY (`time_zoneid`)
) ENGINE=InnoDB  DEFAULT CHARSET=utf8 AUTO_INCREMENT=97 ;

--
-- Dumping data for table `vtiger_time_zone`
--

INSERT INTO `vtiger_time_zone` (`time_zoneid`, `time_zone`, `sortorderid`, `presence`) VALUES
(1, 'Pacific/Midway', 0, 1),
(2, 'Pacific/Samoa', 1, 1),
(3, 'Pacific/Honolulu', 2, 1),
(4, 'America/Anchorage', 3, 1),
(5, 'America/Los_Angeles', 4, 1),
(6, 'America/Tijuana', 5, 1),
(7, 'America/Denver', 6, 1),
(8, 'America/Chihuahua', 7, 1),
(9, 'America/Mazatlan', 8, 1),
(10, 'America/Phoenix', 9, 1),
(11, 'America/Regina', 10, 1),
(12, 'America/Tegucigalpa', 11, 1),
(13, 'America/Chicago', 12, 1),
(14, 'America/Mexico_City', 13, 1),
(15, 'America/Monterrey', 14, 1),
(16, 'America/New_York', 15, 1),
(17, 'America/Bogota', 16, 1),
(18, 'America/Lima', 17, 1),
(19, 'America/Rio_Branco', 18, 1),
(20, 'America/Indiana/Indianapolis', 19, 1),
(21, 'America/Caracas', 20, 1),
(22, 'America/Halifax', 21, 1),
(23, 'America/Manaus', 22, 1),
(24, 'America/Santiago', 23, 1),
(25, 'America/La_Paz', 24, 1),
(26, 'America/Cuiaba', 25, 1),
(27, 'America/Asuncion', 26, 1),
(28, 'America/St_Johns', 27, 1),
(29, 'America/Argentina/Buenos_Aires', 28, 1),
(30, 'America/Sao_Paulo', 29, 1),
(31, 'America/Godthab', 30, 1),
(32, 'America/Montevideo', 31, 1),
(33, 'Atlantic/South_Georgia', 32, 1),
(34, 'Atlantic/Azores', 33, 1),
(35, 'Atlantic/Cape_Verde', 34, 1),
(36, 'Europe/London', 35, 1),
(37, 'UTC', 36, 1),
(38, 'Africa/Monrovia', 37, 1),
(39, 'Africa/Casablanca', 38, 1),
(40, 'Europe/Belgrade', 39, 1),
(41, 'Europe/Sarajevo', 40, 1),
(42, 'Europe/Brussels', 41, 1),
(43, 'Africa/Algiers', 42, 1),
(44, 'Europe/Amsterdam', 43, 1),
(45, 'Europe/Minsk', 44, 1),
(46, 'Africa/Cairo', 45, 1),
(47, 'Europe/Helsinki', 46, 1),
(48, 'Europe/Athens', 47, 1),
(49, 'Europe/Istanbul', 48, 1),
(50, 'Asia/Jerusalem', 49, 1),
(51, 'Asia/Amman', 50, 1),
(52, 'Asia/Beirut', 51, 1),
(53, 'Africa/Windhoek', 52, 1),
(54, 'Africa/Harare', 53, 1),
(55, 'Asia/Kuwait', 54, 1),
(56, 'Asia/Baghdad', 55, 1),
(57, 'Africa/Nairobi', 56, 1),
(58, 'Asia/Tehran', 57, 1),
(59, 'Asia/Tbilisi', 58, 1),
(60, 'Europe/Moscow', 59, 1),
(61, 'Asia/Muscat', 60, 1),
(62, 'Asia/Baku', 61, 1),
(63, 'Asia/Yerevan', 62, 1),
(64, 'Asia/Karachi', 63, 1),
(65, 'Asia/Tashkent', 64, 1),
(66, 'Asia/Kolkata', 65, 1),
(67, 'Asia/Colombo', 66, 1),
(68, 'Asia/Katmandu', 67, 1),
(69, 'Asia/Dhaka', 68, 1),
(70, 'Asia/Almaty', 69, 1),
(71, 'Asia/Yekaterinburg', 70, 1),
(72, 'Asia/Rangoon', 71, 1),
(73, 'Asia/Novosibirsk', 72, 1),
(74, 'Asia/Bangkok', 73, 1),
(75, 'Asia/Brunei', 74, 1),
(76, 'Asia/Krasnoyarsk', 75, 1),
(77, 'Asia/Ulaanbaatar', 76, 1),
(78, 'Asia/Kuala_Lumpur', 77, 1),
(79, 'Asia/Taipei', 78, 1),
(80, 'Australia/Perth', 79, 1),
(81, 'Asia/Irkutsk', 80, 1),
(82, 'Asia/Seoul', 81, 1),
(83, 'Asia/Tokyo', 82, 1),
(84, 'Australia/Darwin', 83, 1),
(85, 'Australia/Adelaide', 84, 1),
(86, 'Australia/Canberra', 85, 1),
(87, 'Australia/Brisbane', 86, 1),
(88, 'Australia/Hobart', 87, 1),
(89, 'Asia/Vladivostok', 88, 1),
(90, 'Pacific/Guam', 89, 1),
(91, 'Asia/Yakutsk', 90, 1),
(92, 'Pacific/Fiji', 91, 1),
(93, 'Asia/Kamchatka', 92, 1),
(94, 'Pacific/Auckland', 93, 1),
(95, 'Asia/Magadan', 94, 1),
(96, 'Pacific/Tongatapu', 95, 1);

-- --------------------------------------------------------

--
-- Table structure for table `vtiger_time_zone_seq`
--

CREATE TABLE IF NOT EXISTS `vtiger_time_zone_seq` (
  `id` int(11) NOT NULL
) ENGINE=InnoDB DEFAULT CHARSET=utf8;

--
-- Dumping data for table `vtiger_time_zone_seq`
--

INSERT INTO `vtiger_time_zone_seq` (`id`) VALUES
(96);

-- --------------------------------------------------------

--
-- Table structure for table `vtiger_tmp_read_group_rel_sharing_per`
--

CREATE TABLE IF NOT EXISTS `vtiger_tmp_read_group_rel_sharing_per` (
  `userid` int(11) NOT NULL,
  `tabid` int(11) NOT NULL,
  `relatedtabid` int(11) NOT NULL,
  `sharedgroupid` int(11) NOT NULL,
  PRIMARY KEY (`userid`,`tabid`,`relatedtabid`,`sharedgroupid`),
  KEY `tmp_read_group_rel_sharing_per_userid_sharedgroupid_tabid` (`userid`,`sharedgroupid`,`tabid`)
) ENGINE=InnoDB DEFAULT CHARSET=utf8;

-- --------------------------------------------------------

--
-- Table structure for table `vtiger_tmp_read_group_sharing_per`
--

CREATE TABLE IF NOT EXISTS `vtiger_tmp_read_group_sharing_per` (
  `userid` int(11) NOT NULL,
  `tabid` int(11) NOT NULL,
  `sharedgroupid` int(11) NOT NULL,
  PRIMARY KEY (`userid`,`tabid`,`sharedgroupid`),
  KEY `tmp_read_group_sharing_per_userid_sharedgroupid_idx` (`userid`,`sharedgroupid`)
) ENGINE=InnoDB DEFAULT CHARSET=utf8;

-- --------------------------------------------------------

--
-- Table structure for table `vtiger_tmp_read_user_rel_sharing_per`
--

CREATE TABLE IF NOT EXISTS `vtiger_tmp_read_user_rel_sharing_per` (
  `userid` int(11) NOT NULL,
  `tabid` int(11) NOT NULL,
  `relatedtabid` int(11) NOT NULL,
  `shareduserid` int(11) NOT NULL,
  PRIMARY KEY (`userid`,`tabid`,`relatedtabid`,`shareduserid`),
  KEY `tmp_read_user_rel_sharing_per_userid_shared_reltabid_idx` (`userid`,`shareduserid`,`relatedtabid`)
) ENGINE=InnoDB DEFAULT CHARSET=utf8;

-- --------------------------------------------------------

--
-- Table structure for table `vtiger_tmp_read_user_sharing_per`
--

CREATE TABLE IF NOT EXISTS `vtiger_tmp_read_user_sharing_per` (
  `userid` int(11) NOT NULL,
  `tabid` int(11) NOT NULL,
  `shareduserid` int(11) NOT NULL,
  PRIMARY KEY (`userid`,`tabid`,`shareduserid`),
  KEY `tmp_read_user_sharing_per_userid_shareduserid_idx` (`userid`,`shareduserid`)
) ENGINE=InnoDB DEFAULT CHARSET=utf8;

-- --------------------------------------------------------

--
-- Table structure for table `vtiger_tmp_write_group_rel_sharing_per`
--

CREATE TABLE IF NOT EXISTS `vtiger_tmp_write_group_rel_sharing_per` (
  `userid` int(11) NOT NULL,
  `tabid` int(11) NOT NULL,
  `relatedtabid` int(11) NOT NULL,
  `sharedgroupid` int(11) NOT NULL,
  PRIMARY KEY (`userid`,`tabid`,`relatedtabid`,`sharedgroupid`),
  KEY `tmp_write_group_rel_sharing_per_userid_sharedgroupid_tabid_idx` (`userid`,`sharedgroupid`,`tabid`)
) ENGINE=InnoDB DEFAULT CHARSET=utf8;

-- --------------------------------------------------------

--
-- Table structure for table `vtiger_tmp_write_group_sharing_per`
--

CREATE TABLE IF NOT EXISTS `vtiger_tmp_write_group_sharing_per` (
  `userid` int(11) NOT NULL,
  `tabid` int(11) NOT NULL,
  `sharedgroupid` int(11) NOT NULL,
  PRIMARY KEY (`userid`,`tabid`,`sharedgroupid`),
  KEY `tmp_write_group_sharing_per_UK1` (`userid`,`sharedgroupid`)
) ENGINE=InnoDB DEFAULT CHARSET=utf8;

-- --------------------------------------------------------

--
-- Table structure for table `vtiger_tmp_write_user_rel_sharing_per`
--

CREATE TABLE IF NOT EXISTS `vtiger_tmp_write_user_rel_sharing_per` (
  `userid` int(11) NOT NULL,
  `tabid` int(11) NOT NULL,
  `relatedtabid` int(11) NOT NULL,
  `shareduserid` int(11) NOT NULL,
  PRIMARY KEY (`userid`,`tabid`,`relatedtabid`,`shareduserid`),
  KEY `tmp_write_user_rel_sharing_per_userid_sharduserid_tabid_idx` (`userid`,`shareduserid`,`tabid`)
) ENGINE=InnoDB DEFAULT CHARSET=utf8;

-- --------------------------------------------------------

--
-- Table structure for table `vtiger_tmp_write_user_sharing_per`
--

CREATE TABLE IF NOT EXISTS `vtiger_tmp_write_user_sharing_per` (
  `userid` int(11) NOT NULL,
  `tabid` int(11) NOT NULL,
  `shareduserid` int(11) NOT NULL,
  PRIMARY KEY (`userid`,`tabid`,`shareduserid`),
  KEY `tmp_write_user_sharing_per_userid_shareduserid_idx` (`userid`,`shareduserid`)
) ENGINE=InnoDB DEFAULT CHARSET=utf8;

-- --------------------------------------------------------

--
-- Table structure for table `vtiger_tracker`
--

CREATE TABLE IF NOT EXISTS `vtiger_tracker` (
  `id` int(11) NOT NULL AUTO_INCREMENT,
  `user_id` varchar(36) DEFAULT NULL,
  `module_name` varchar(25) DEFAULT NULL,
  `item_id` varchar(36) DEFAULT NULL,
  `item_summary` varchar(255) DEFAULT NULL,
  PRIMARY KEY (`id`)
) ENGINE=InnoDB DEFAULT CHARSET=utf8 AUTO_INCREMENT=1 ;

-- --------------------------------------------------------

--
-- Table structure for table `vtiger_tracking_unit`
--

CREATE TABLE IF NOT EXISTS `vtiger_tracking_unit` (
  `tracking_unitid` int(11) NOT NULL AUTO_INCREMENT,
  `tracking_unit` varchar(200) NOT NULL,
  `presence` int(1) NOT NULL DEFAULT '1',
  `picklist_valueid` int(11) NOT NULL DEFAULT '0',
  `sortorderid` int(11) DEFAULT '0',
  PRIMARY KEY (`tracking_unitid`)
) ENGINE=InnoDB  DEFAULT CHARSET=utf8 AUTO_INCREMENT=5 ;

--
-- Dumping data for table `vtiger_tracking_unit`
--

INSERT INTO `vtiger_tracking_unit` (`tracking_unitid`, `tracking_unit`, `presence`, `picklist_valueid`, `sortorderid`) VALUES
(2, 'Hours', 1, 211, 2),
(3, 'Days', 1, 212, 3),
(4, 'Incidents', 1, 213, 4);

-- --------------------------------------------------------

--
-- Table structure for table `vtiger_tracking_unit_seq`
--

CREATE TABLE IF NOT EXISTS `vtiger_tracking_unit_seq` (
  `id` int(11) NOT NULL
) ENGINE=InnoDB DEFAULT CHARSET=utf8;

--
-- Dumping data for table `vtiger_tracking_unit_seq`
--

INSERT INTO `vtiger_tracking_unit_seq` (`id`) VALUES
(4);

-- --------------------------------------------------------

--
-- Table structure for table `vtiger_troubletickets`
--

CREATE TABLE IF NOT EXISTS `vtiger_troubletickets` (
  `ticketid` int(19) NOT NULL,
  `ticket_no` varchar(100) NOT NULL,
  `groupname` varchar(100) DEFAULT NULL,
  `parent_id` int(19) DEFAULT NULL,
  `product_id` int(19) DEFAULT NULL,
  `priority` varchar(200) DEFAULT NULL,
  `severity` varchar(200) DEFAULT NULL,
  `status` varchar(200) DEFAULT NULL,
  `category` varchar(200) DEFAULT NULL,
  `title` varchar(255) NOT NULL,
  `solution` text,
  `update_log` text,
  `version_id` int(11) DEFAULT NULL,
  `contact_id` int(19) DEFAULT NULL,
  `sum_time` decimal(10,2) DEFAULT '0.00',
  `projectid` int(19) DEFAULT NULL,
  `servicecontractsid` int(19) DEFAULT NULL,
  `attention` text,
  `pssold_id` int(19) DEFAULT NULL,
  `ordertime` decimal(10,2) DEFAULT NULL,
  PRIMARY KEY (`ticketid`),
  KEY `troubletickets_ticketid_idx` (`ticketid`),
  KEY `troubletickets_status_idx` (`status`),
  KEY `parent_id` (`parent_id`),
  KEY `product_id` (`product_id`),
  KEY `contact_id` (`contact_id`),
  KEY `servicecontractsid` (`servicecontractsid`),
  KEY `projectid` (`projectid`),
  KEY `pssold_id` (`pssold_id`)
) ENGINE=InnoDB DEFAULT CHARSET=utf8;

-- --------------------------------------------------------

--
-- Table structure for table `vtiger_usageunit`
--

CREATE TABLE IF NOT EXISTS `vtiger_usageunit` (
  `usageunitid` int(19) NOT NULL AUTO_INCREMENT,
  `usageunit` varchar(200) NOT NULL,
  `presence` int(1) NOT NULL DEFAULT '1',
  `picklist_valueid` int(19) NOT NULL DEFAULT '0',
  `sortorderid` int(11) DEFAULT NULL,
  PRIMARY KEY (`usageunitid`),
  UNIQUE KEY `usageunit_usageunit_idx` (`usageunit`)
) ENGINE=InnoDB  DEFAULT CHARSET=utf8 AUTO_INCREMENT=17 ;

--
-- Dumping data for table `vtiger_usageunit`
--

INSERT INTO `vtiger_usageunit` (`usageunitid`, `usageunit`, `presence`, `picklist_valueid`, `sortorderid`) VALUES
(1, 'Box', 1, 194, 0),
(2, 'Carton', 1, 195, 1),
(3, 'Dozen', 1, 196, 2),
(4, 'Each', 1, 197, 3),
(5, 'Hours', 1, 198, 4),
(6, 'Impressions', 1, 199, 5),
(7, 'Lb', 1, 200, 6),
(8, 'M', 1, 201, 7),
(9, 'Pack', 1, 202, 8),
(10, 'Pages', 1, 203, 9),
(11, 'Pieces', 1, 204, 10),
(12, 'Quantity', 1, 205, 11),
(13, 'Reams', 1, 206, 12),
(14, 'Sheet', 1, 207, 13),
(15, 'Spiral Binder', 1, 208, 14),
(16, 'Sq Ft', 1, 209, 15);

-- --------------------------------------------------------

--
-- Table structure for table `vtiger_usageunit_seq`
--

CREATE TABLE IF NOT EXISTS `vtiger_usageunit_seq` (
  `id` int(11) NOT NULL
) ENGINE=InnoDB DEFAULT CHARSET=utf8;

--
-- Dumping data for table `vtiger_usageunit_seq`
--

INSERT INTO `vtiger_usageunit_seq` (`id`) VALUES
(16);

-- --------------------------------------------------------

--
-- Table structure for table `vtiger_user2mergefields`
--

CREATE TABLE IF NOT EXISTS `vtiger_user2mergefields` (
  `userid` int(11) DEFAULT NULL,
  `tabid` int(19) DEFAULT NULL,
  `fieldid` int(19) DEFAULT NULL,
  `visible` int(2) DEFAULT NULL,
  KEY `userid_tabid_idx` (`userid`,`tabid`)
) ENGINE=InnoDB DEFAULT CHARSET=utf8;

-- --------------------------------------------------------

--
-- Table structure for table `vtiger_user2role`
--

CREATE TABLE IF NOT EXISTS `vtiger_user2role` (
  `userid` int(11) NOT NULL,
  `roleid` varchar(255) NOT NULL,
  PRIMARY KEY (`userid`),
  KEY `user2role_roleid_idx` (`roleid`)
) ENGINE=InnoDB DEFAULT CHARSET=utf8;

--
-- Dumping data for table `vtiger_user2role`
--

INSERT INTO `vtiger_user2role` (`userid`, `roleid`) VALUES
(1, 'H2');

-- --------------------------------------------------------

--
-- Table structure for table `vtiger_users`
--

CREATE TABLE IF NOT EXISTS `vtiger_users` (
  `id` int(11) NOT NULL AUTO_INCREMENT,
  `user_name` varchar(255) DEFAULT NULL,
  `user_password` varchar(200) DEFAULT NULL,
  `user_hash` varchar(32) DEFAULT NULL,
  `cal_color` varchar(25) DEFAULT '#E6FAD8',
  `first_name` varchar(30) DEFAULT NULL,
  `last_name` varchar(30) DEFAULT NULL,
  `reports_to_id` varchar(36) DEFAULT NULL,
  `is_admin` varchar(3) DEFAULT '0',
  `currency_id` int(19) NOT NULL DEFAULT '1',
  `description` text,
  `date_entered` timestamp NOT NULL DEFAULT CURRENT_TIMESTAMP ON UPDATE CURRENT_TIMESTAMP,
  `date_modified` timestamp NOT NULL DEFAULT '0000-00-00 00:00:00',
  `modified_user_id` varchar(36) DEFAULT NULL,
  `email1` varchar(100) DEFAULT NULL,
  `status` varchar(25) DEFAULT NULL,
  `signature` text,
  `user_preferences` text,
  `tz` varchar(30) DEFAULT NULL,
  `holidays` varchar(60) DEFAULT NULL,
  `namedays` varchar(60) DEFAULT NULL,
  `workdays` varchar(30) DEFAULT NULL,
  `weekstart` int(11) DEFAULT NULL,
  `date_format` varchar(200) DEFAULT NULL,
  `hour_format` varchar(30) DEFAULT 'am/pm',
  `start_hour` varchar(30) DEFAULT '10:00',
  `end_hour` varchar(30) DEFAULT '23:00',
  `activity_view` varchar(200) DEFAULT 'Today',
  `lead_view` varchar(200) DEFAULT 'Today',
  `imagename` varchar(250) DEFAULT NULL,
  `deleted` int(1) NOT NULL DEFAULT '0',
  `confirm_password` varchar(300) DEFAULT NULL,
  `internal_mailer` varchar(3) NOT NULL DEFAULT '1',
  `reminder_interval` varchar(100) DEFAULT NULL,
  `reminder_next_time` varchar(100) DEFAULT NULL,
  `crypt_type` varchar(20) NOT NULL DEFAULT 'MD5',
  `accesskey` varchar(36) DEFAULT NULL,
  `theme` varchar(100) DEFAULT NULL,
  `language` varchar(36) DEFAULT NULL,
  `time_zone` varchar(200) DEFAULT NULL,
  `currency_grouping_pattern` varchar(100) DEFAULT NULL,
  `currency_decimal_separator` varchar(2) DEFAULT NULL,
  `currency_grouping_separator` varchar(2) DEFAULT NULL,
  `currency_symbol_placement` varchar(20) DEFAULT NULL,
  `phone_crm_extension` varchar(100) DEFAULT NULL,
  `no_of_currency_decimals` varchar(2) DEFAULT NULL,
  `truncate_trailing_zeros` varchar(3) DEFAULT NULL,
  `dayoftheweek` varchar(100) DEFAULT NULL,
  `callduration` varchar(100) DEFAULT NULL,
  `othereventduration` varchar(100) DEFAULT NULL,
  `calendarsharedtype` varchar(100) DEFAULT NULL,
  `default_record_view` varchar(10) DEFAULT NULL,
  `leftpanelhide` varchar(3) DEFAULT NULL,
  `rowheight` varchar(10) DEFAULT NULL,
  `defaulteventstatus` varchar(50) DEFAULT 'Planned',
  `defaultactivitytype` varchar(50) DEFAULT NULL,
  `hidecompletedevents` int(11) DEFAULT NULL,
  `is_owner` varchar(5) DEFAULT NULL,
  PRIMARY KEY (`id`),
  UNIQUE KEY `email1` (`email1`),
  KEY `user_user_name_idx` (`user_name`),
  KEY `user_user_password_idx` (`user_password`)
) ENGINE=InnoDB  DEFAULT CHARSET=utf8 AUTO_INCREMENT=2 ;

--
-- Dumping data for table `vtiger_users`
--

INSERT INTO `vtiger_users` (`id`, `user_name`, `user_password`, `user_hash`, `cal_color`, `first_name`, `last_name`, `reports_to_id`, `is_admin`, `currency_id`, `description`, `date_entered`, `date_modified`, `modified_user_id`, `email1`, `status`, `signature`, `user_preferences`, `tz`, `holidays`, `namedays`, `workdays`, `weekstart`, `date_format`, `hour_format`, `start_hour`, `end_hour`, `activity_view`, `lead_view`, `imagename`, `deleted`, `confirm_password`, `internal_mailer`, `reminder_interval`, `reminder_next_time`, `crypt_type`, `accesskey`, `theme`, `language`, `time_zone`, `currency_grouping_pattern`, `currency_decimal_separator`, `currency_grouping_separator`, `currency_symbol_placement`, `phone_crm_extension`, `no_of_currency_decimals`, `truncate_trailing_zeros`, `dayoftheweek`, `callduration`, `othereventduration`, `calendarsharedtype`, `default_record_view`, `leftpanelhide`, `rowheight`, `defaulteventstatus`, `defaultactivitytype`, `hidecompletedevents`, `is_owner`) VALUES
(1, 'admin', '$1$ad000000$2zz9DYmeY.K1Yn9A/xAV41', '325a2cc052914ceeb8c19016c091d2ac', '#E6FAD8', 'Admin', 'pwd: Abcd1234', '', 'on', 1, '', '2015-01-12 04:50:05', '0000-00-00 00:00:00', NULL, 'test@test.com', 'Active', '', NULL, NULL, NULL, NULL, NULL, NULL, 'dd.mm.yyyy', '24', '08:00', '23:00', 'This Month', 'Today', '', 0, '$1$ad000000$2zz9DYmeY.K1Yn9A/xAV41', '1', '15 Minutes', NULL, 'PHP5.3MD5', 'Ij7JvW7WwmsFmhdq', 'twilight', 'en_us', 'Europe/Brussels', '123456789', ',', ',', '1.0$', '', '2', '1', 'Monday', '60', '60', 'private', 'Summary', '0', 'medium', 'Planned', 'Meeting', 0, '1');

-- --------------------------------------------------------

--
-- Table structure for table `vtiger_users2group`
--

CREATE TABLE IF NOT EXISTS `vtiger_users2group` (
  `groupid` int(19) NOT NULL,
  `userid` int(19) NOT NULL,
  PRIMARY KEY (`groupid`,`userid`),
  KEY `users2group_groupname_uerid_idx` (`groupid`,`userid`),
  KEY `fk_2_vtiger_users2group` (`userid`)
) ENGINE=InnoDB DEFAULT CHARSET=utf8;

--
-- Dumping data for table `vtiger_users2group`
--

INSERT INTO `vtiger_users2group` (`groupid`, `userid`) VALUES
(3, 1);

-- --------------------------------------------------------

--
-- Table structure for table `vtiger_userscf`
--

CREATE TABLE IF NOT EXISTS `vtiger_userscf` (
  `usersid` int(11) NOT NULL,
  PRIMARY KEY (`usersid`)
) ENGINE=InnoDB DEFAULT CHARSET=utf8;

-- --------------------------------------------------------

--
-- Table structure for table `vtiger_users_last_import`
--

CREATE TABLE IF NOT EXISTS `vtiger_users_last_import` (
  `id` int(36) NOT NULL AUTO_INCREMENT,
  `assigned_user_id` varchar(36) DEFAULT NULL,
  `bean_type` varchar(36) DEFAULT NULL,
  `bean_id` varchar(36) DEFAULT NULL,
  `deleted` int(1) NOT NULL DEFAULT '0',
  PRIMARY KEY (`id`),
  KEY `idx_user_id` (`assigned_user_id`)
) ENGINE=InnoDB DEFAULT CHARSET=utf8 AUTO_INCREMENT=1 ;

-- --------------------------------------------------------

--
-- Table structure for table `vtiger_users_seq`
--

CREATE TABLE IF NOT EXISTS `vtiger_users_seq` (
  `id` int(11) NOT NULL
) ENGINE=InnoDB DEFAULT CHARSET=utf8;

--
-- Dumping data for table `vtiger_users_seq`
--

INSERT INTO `vtiger_users_seq` (`id`) VALUES
(4);

-- --------------------------------------------------------

--
-- Table structure for table `vtiger_user_module_preferences`
--

CREATE TABLE IF NOT EXISTS `vtiger_user_module_preferences` (
  `userid` int(19) NOT NULL,
  `tabid` int(19) NOT NULL,
  `default_cvid` int(19) NOT NULL,
  PRIMARY KEY (`userid`,`tabid`),
  KEY `fk_2_vtiger_user_module_preferences` (`tabid`)
) ENGINE=InnoDB DEFAULT CHARSET=utf8;

--
-- Dumping data for table `vtiger_user_module_preferences`
--

INSERT INTO `vtiger_user_module_preferences` (`userid`, `tabid`, `default_cvid`) VALUES
(1, 2, 10),
(1, 14, 24),
(1, 35, 40),
(1, 37, 41),
(1, 57, 52),
(1, 58, 53),
(1, 59, 54),
(1, 70, 66);

-- --------------------------------------------------------

--
-- Table structure for table `vtiger_vendor`
--

CREATE TABLE IF NOT EXISTS `vtiger_vendor` (
  `vendorid` int(19) NOT NULL DEFAULT '0',
  `vendor_no` varchar(100) NOT NULL,
  `vendorname` varchar(100) DEFAULT NULL,
  `phone` varchar(100) DEFAULT NULL,
  `email` varchar(100) DEFAULT NULL,
  `website` varchar(100) DEFAULT NULL,
  `glacct` varchar(200) DEFAULT NULL,
  `category` varchar(50) DEFAULT NULL,
  `description` text,
  `vat_id` varchar(30) DEFAULT NULL,
  `registration_number_1` varchar(30) DEFAULT NULL,
  `registration_number_2` varchar(30) DEFAULT NULL,
  `verification` text,
  PRIMARY KEY (`vendorid`)
) ENGINE=InnoDB DEFAULT CHARSET=utf8;

-- --------------------------------------------------------

--
-- Table structure for table `vtiger_vendoraddress`
--

CREATE TABLE IF NOT EXISTS `vtiger_vendoraddress` (
  `vendorid` int(19) NOT NULL,
  `addresslevel1a` varchar(255) DEFAULT NULL,
  `addresslevel1b` varchar(255) DEFAULT NULL,
  `addresslevel1c` varchar(255) DEFAULT NULL,
  `addresslevel2a` varchar(255) DEFAULT NULL,
  `addresslevel2b` varchar(255) DEFAULT NULL,
  `addresslevel2c` varchar(255) DEFAULT NULL,
  `addresslevel3a` varchar(255) DEFAULT NULL,
  `addresslevel3b` varchar(255) DEFAULT NULL,
  `addresslevel3c` varchar(255) DEFAULT NULL,
  `addresslevel4a` varchar(255) DEFAULT NULL,
  `addresslevel4b` varchar(255) DEFAULT NULL,
  `addresslevel4c` varchar(255) DEFAULT NULL,
  `addresslevel5a` varchar(255) DEFAULT NULL,
  `addresslevel5b` varchar(255) DEFAULT NULL,
  `addresslevel5c` varchar(255) DEFAULT NULL,
  `addresslevel6a` varchar(255) DEFAULT NULL,
  `addresslevel6b` varchar(255) DEFAULT NULL,
  `addresslevel6c` varchar(255) DEFAULT NULL,
  `addresslevel7a` varchar(255) DEFAULT NULL,
  `addresslevel7b` varchar(255) DEFAULT NULL,
  `addresslevel7c` varchar(255) DEFAULT NULL,
  `addresslevel8a` varchar(255) DEFAULT NULL,
  `addresslevel8b` varchar(255) DEFAULT NULL,
  `addresslevel8c` varchar(255) DEFAULT NULL,
  `poboxa` varchar(50) DEFAULT NULL,
  `poboxb` varchar(50) DEFAULT NULL,
  `poboxc` varchar(50) DEFAULT NULL,
  PRIMARY KEY (`vendorid`)
) ENGINE=InnoDB DEFAULT CHARSET=utf8;

-- --------------------------------------------------------

--
-- Table structure for table `vtiger_vendorcf`
--

CREATE TABLE IF NOT EXISTS `vtiger_vendorcf` (
  `vendorid` int(19) NOT NULL DEFAULT '0',
  PRIMARY KEY (`vendorid`)
) ENGINE=InnoDB DEFAULT CHARSET=utf8;

-- --------------------------------------------------------

--
-- Table structure for table `vtiger_vendorcontactrel`
--

CREATE TABLE IF NOT EXISTS `vtiger_vendorcontactrel` (
  `vendorid` int(19) NOT NULL DEFAULT '0',
  `contactid` int(19) NOT NULL DEFAULT '0',
  PRIMARY KEY (`vendorid`,`contactid`),
  KEY `vendorcontactrel_vendorid_idx` (`vendorid`),
  KEY `vendorcontactrel_contact_idx` (`contactid`)
) ENGINE=InnoDB DEFAULT CHARSET=utf8;

-- --------------------------------------------------------

--
-- Table structure for table `vtiger_verification`
--

CREATE TABLE IF NOT EXISTS `vtiger_verification` (
  `verificationid` int(11) NOT NULL AUTO_INCREMENT,
  `verification` varchar(200) NOT NULL,
  `presence` int(1) NOT NULL DEFAULT '1',
  `picklist_valueid` int(11) NOT NULL DEFAULT '0',
  `sortorderid` int(11) DEFAULT '0',
  PRIMARY KEY (`verificationid`)
) ENGINE=InnoDB  DEFAULT CHARSET=utf8 AUTO_INCREMENT=7 ;

--
-- Dumping data for table `vtiger_verification`
--

INSERT INTO `vtiger_verification` (`verificationid`, `verification`, `presence`, `picklist_valueid`, `sortorderid`) VALUES
(1, 'Address details', 1, 440, 1),
(5, 'Contact details', 1, 444, 2),
(6, 'Registration details', 1, 445, 3);

-- --------------------------------------------------------

--
-- Table structure for table `vtiger_verification_seq`
--

CREATE TABLE IF NOT EXISTS `vtiger_verification_seq` (
  `id` int(11) NOT NULL
) ENGINE=InnoDB DEFAULT CHARSET=utf8;

--
-- Dumping data for table `vtiger_verification_seq`
--

INSERT INTO `vtiger_verification_seq` (`id`) VALUES
(6);

-- --------------------------------------------------------

--
-- Table structure for table `vtiger_version`
--

CREATE TABLE IF NOT EXISTS `vtiger_version` (
  `id` int(11) NOT NULL AUTO_INCREMENT,
  `old_version` varchar(30) DEFAULT NULL,
  `current_version` varchar(30) DEFAULT NULL,
  PRIMARY KEY (`id`)
) ENGINE=InnoDB  DEFAULT CHARSET=utf8 AUTO_INCREMENT=2 ;

--
-- Dumping data for table `vtiger_version`
--

INSERT INTO `vtiger_version` (`id`, `old_version`, `current_version`) VALUES
(1, '1.1.0', '1.1.0');

-- --------------------------------------------------------

--
-- Table structure for table `vtiger_version_seq`
--

CREATE TABLE IF NOT EXISTS `vtiger_version_seq` (
  `id` int(11) NOT NULL
) ENGINE=InnoDB DEFAULT CHARSET=utf8;

--
-- Dumping data for table `vtiger_version_seq`
--

INSERT INTO `vtiger_version_seq` (`id`) VALUES
(1);

-- --------------------------------------------------------

--
-- Table structure for table `vtiger_visibility`
--

CREATE TABLE IF NOT EXISTS `vtiger_visibility` (
  `visibilityid` int(19) NOT NULL AUTO_INCREMENT,
  `visibility` varchar(200) NOT NULL,
  `sortorderid` int(19) NOT NULL DEFAULT '0',
  `presence` int(1) NOT NULL DEFAULT '1',
  PRIMARY KEY (`visibilityid`),
  UNIQUE KEY `visibility_visibility_idx` (`visibility`)
) ENGINE=InnoDB  DEFAULT CHARSET=utf8 AUTO_INCREMENT=3 ;

--
-- Dumping data for table `vtiger_visibility`
--

INSERT INTO `vtiger_visibility` (`visibilityid`, `visibility`, `sortorderid`, `presence`) VALUES
(1, 'Private', 0, 1),
(2, 'Public', 1, 1);

-- --------------------------------------------------------

--
-- Table structure for table `vtiger_visibility_seq`
--

CREATE TABLE IF NOT EXISTS `vtiger_visibility_seq` (
  `id` int(11) NOT NULL
) ENGINE=InnoDB DEFAULT CHARSET=utf8;

--
-- Dumping data for table `vtiger_visibility_seq`
--

INSERT INTO `vtiger_visibility_seq` (`id`) VALUES
(2);

-- --------------------------------------------------------

--
-- Table structure for table `vtiger_webforms`
--

CREATE TABLE IF NOT EXISTS `vtiger_webforms` (
  `id` int(19) NOT NULL AUTO_INCREMENT,
  `name` varchar(100) NOT NULL,
  `publicid` varchar(100) NOT NULL,
  `enabled` int(1) NOT NULL DEFAULT '1',
  `targetmodule` varchar(50) NOT NULL,
  `description` text,
  `ownerid` int(19) NOT NULL,
  `returnurl` varchar(250) DEFAULT NULL,
  `captcha` int(1) NOT NULL DEFAULT '0',
  `roundrobin` int(1) NOT NULL DEFAULT '0',
  `roundrobin_userid` varchar(256) DEFAULT NULL,
  `roundrobin_logic` int(11) NOT NULL DEFAULT '0',
  PRIMARY KEY (`id`),
  UNIQUE KEY `webformname` (`name`),
  UNIQUE KEY `publicid` (`id`),
  KEY `webforms_webforms_id_idx` (`id`)
) ENGINE=InnoDB DEFAULT CHARSET=utf8 AUTO_INCREMENT=1 ;

-- --------------------------------------------------------

--
-- Table structure for table `vtiger_webforms_field`
--

CREATE TABLE IF NOT EXISTS `vtiger_webforms_field` (
  `id` int(19) NOT NULL AUTO_INCREMENT,
  `webformid` int(19) NOT NULL,
  `fieldname` varchar(50) NOT NULL,
  `neutralizedfield` varchar(50) NOT NULL,
  `defaultvalue` varchar(200) DEFAULT NULL,
  `required` int(10) NOT NULL DEFAULT '0',
  `sequence` int(10) DEFAULT NULL,
  `hidden` int(10) DEFAULT NULL,
  PRIMARY KEY (`id`),
  KEY `webforms_webforms_field_idx` (`id`),
  KEY `fk_1_vtiger_webforms_field` (`webformid`),
  KEY `fk_2_vtiger_webforms_field` (`fieldname`)
) ENGINE=InnoDB DEFAULT CHARSET=utf8 AUTO_INCREMENT=1 ;

-- --------------------------------------------------------

--
-- Table structure for table `vtiger_widgets`
--

CREATE TABLE IF NOT EXISTS `vtiger_widgets` (
  `id` int(19) NOT NULL AUTO_INCREMENT,
  `tabid` int(19) DEFAULT NULL,
  `type` varchar(30) DEFAULT NULL,
  `label` varchar(100) DEFAULT NULL,
  `wcol` tinyint(1) DEFAULT '1',
  `sequence` tinyint(2) DEFAULT NULL,
  `nomargin` tinyint(1) DEFAULT '0',
  `data` text,
  PRIMARY KEY (`id`),
  KEY `tabid` (`tabid`)
) ENGINE=InnoDB  DEFAULT CHARSET=utf8 AUTO_INCREMENT=51 ;

--
-- Dumping data for table `vtiger_widgets`
--

INSERT INTO `vtiger_widgets` (`id`, `tabid`, `type`, `label`, `wcol`, `sequence`, `nomargin`, `data`) VALUES
(1, 6, 'Summary', NULL, 1, 0, NULL, '[]'),
(2, 6, 'Comments', 'ModComments', 2, 6, NULL, '{"relatedmodule":"ModComments","limit":"5"}'),
(3, 6, 'Updates', 'LBL_UPDATES', 1, 2, NULL, '[]'),
(4, 6, 'Activities', 'Calendar', 2, 4, NULL, '{"limit":"5"}'),
(5, 6, 'RelatedModule', 'Contacts', 2, 3, NULL, '{"limit":"5","relatedmodule":"4","columns":"3","action":"1","filter":"-"}'),
(6, 6, 'RelatedModule', 'Potentials', 1, 1, NULL, '{"limit":"5","relatedmodule":"2","columns":"3","action":"1","filter":"-"}'),
(7, 7, 'Summary', NULL, 1, 1, NULL, '[]'),
(8, 7, 'Comments', 'ModComments', 1, 2, 1, '{"relatedmodule":"ModComments","limit":"5"}'),
(9, 7, 'Updates', 'LBL_UPDATES', 2, 6, NULL, '[]'),
(10, 7, 'Activities', 'Calendar', 2, 4, NULL, '{"limit":"5"}'),
(11, 7, 'EmailList', 'Emails', 2, 5, NULL, '{"relatedmodule":"Emails","limit":"5"}'),
(12, 6, 'EmailList', 'Emails', 2, 5, NULL, '{"relatedmodule":"Emails","limit":"5"}'),
(14, 4, 'Summary', NULL, 1, 1, NULL, '[]'),
(15, 4, 'Comments', 'ModComments', 2, 2, NULL, '{"relatedmodule":"ModComments","limit":"5"}'),
(16, 4, 'Updates', 'LBL_UPDATES', 1, 3, NULL, '[]'),
(17, 4, 'Activities', 'Calendar', 2, 4, NULL, '{"limit":"5"}'),
(18, 4, 'EmailList', 'Emails', 2, 5, NULL, '{"relatedmodule":"Emails","limit":"5"}'),
(19, 2, 'Summary', NULL, 1, 0, NULL, '[]'),
(20, 2, 'Comments', 'ModComments', 2, 4, NULL, '{"relatedmodule":"ModComments","limit":"5"}'),
(21, 2, 'EmailList', 'Emails', 1, 3, NULL, '{"relatedmodule":"Emails","limit":"5"}'),
(22, 2, 'Activities', 'Calendar', 2, 1, NULL, '{"limit":"5"}'),
(23, 2, 'RelatedModule', 'Contacts', 2, 6, NULL, '{"limit":"5","relatedmodule":"4","columns":"3","filter":"-"}'),
(24, 2, 'RelatedModule', 'Documents', 2, 2, NULL, '{"limit":"5","relatedmodule":"8","columns":"3","action":"1","filter":"-"}'),
(25, 2, 'Updates', 'LBL_UPDATES', 2, 5, NULL, '[]'),
(26, 43, 'Summary', NULL, 1, 1, NULL, '[]'),
(27, 43, 'Comments', 'ModComments', 2, 2, NULL, '{"relatedmodule":"ModComments","limit":"5"}'),
(28, 43, 'Updates', 'LBL_UPDATES', 1, 3, NULL, '[]'),
(30, 43, 'EmailList', 'Emails', 1, 5, NULL, '{"relatedmodule":"Emails","limit":"5"}'),
(31, 43, 'RelatedModule', 'ProjectTask', 2, 6, NULL, '{"limit":"5","relatedmodule":"42","columns":"3","action":"1","filter":"vtiger_projecttask::projecttaskstatus::projecttaskstatus"}'),
(32, 43, 'RelatedModule', 'ProjectMilestone', 2, 7, NULL, '{"limit":"5","relatedmodule":"41","columns":"3","action":"1","filter":"vtiger_projectmilestone::projectmilestonetype::projectmilestonetype"}'),
(33, 43, 'RelatedModule', 'HelpDesk', 2, 8, NULL, '{"limit":"5","relatedmodule":"13","columns":"3","action":"1","filter":"-"}'),
(34, 13, 'Summary', NULL, 1, 1, NULL, '[]'),
(35, 13, 'Comments', 'ModComments', 1, 2, NULL, '{"relatedmodule":"ModComments","limit":"5"}'),
(36, 13, 'Updates', 'LBL_UPDATES', 1, 3, NULL, '[]'),
(37, 13, 'EmailList', 'Emails', 2, 4, NULL, '{"relatedmodule":"Emails","limit":"5"}'),
(38, 13, 'Activities', 'Calendar', 2, 5, NULL, '{"limit":"5"}'),
(39, 13, 'RelatedModule', 'Documents', 2, 6, NULL, '{"limit":"5","relatedmodule":"8","columns":"3","action":"1","filter":"-"}'),
(40, 51, 'Summary', NULL, 1, 1, NULL, '[]'),
(41, 51, 'Comments', 'ModComments', 2, 2, NULL, '{"relatedmodule":"ModComments","limit":"5"}'),
(42, 51, 'RelatedModule', 'Documents', 2, 3, NULL, '{"limit":"5","relatedmodule":"8","columns":"3","filter":"-"}'),
(43, 7, 'RelatedModule', 'Contacts', 2, 3, NULL, '{"limit":"5","relatedmodule":"4","columns":"3","action":"1","filter":"-"}'),
(47, 13, 'WYSIWYG', 'WYSIWYG', 1, 7, NULL, '{"field_name":"description"}'),
(48, 54, 'PreviewMail', NULL, 1, 1, NULL, '{"relatedmodule":"Emails"}'),
(49, 42, 'Summary', NULL, 1, 0, NULL, '[]'),
(50, 42, 'Comments', 'ModComments', 2, 1, NULL, '{"relatedmodule":"ModComments","limit":"5"}');

-- --------------------------------------------------------

--
-- Table structure for table `vtiger_wordtemplates`
--

CREATE TABLE IF NOT EXISTS `vtiger_wordtemplates` (
  `templateid` int(19) NOT NULL,
  `filename` varchar(100) NOT NULL,
  `module` varchar(30) NOT NULL,
  `date_entered` timestamp NOT NULL DEFAULT CURRENT_TIMESTAMP ON UPDATE CURRENT_TIMESTAMP,
  `parent_type` varchar(50) NOT NULL,
  `data` longblob,
  `description` text,
  `filesize` varchar(50) NOT NULL,
  `filetype` varchar(20) NOT NULL,
  `deleted` int(1) NOT NULL DEFAULT '0',
  PRIMARY KEY (`templateid`)
) ENGINE=InnoDB DEFAULT CHARSET=utf8;

-- --------------------------------------------------------

--
-- Table structure for table `vtiger_wsapp`
--

CREATE TABLE IF NOT EXISTS `vtiger_wsapp` (
  `appid` int(11) NOT NULL AUTO_INCREMENT,
  `name` varchar(200) NOT NULL,
  `appkey` varchar(255) DEFAULT NULL,
  `type` varchar(100) DEFAULT NULL,
  PRIMARY KEY (`appid`)
) ENGINE=InnoDB  DEFAULT CHARSET=utf8 AUTO_INCREMENT=2 ;

--
-- Dumping data for table `vtiger_wsapp`
--

INSERT INTO `vtiger_wsapp` (`appid`, `name`, `appkey`, `type`) VALUES
(1, 'vtigerCRM', '53c651eaafa17', 'user');

-- --------------------------------------------------------

--
-- Table structure for table `vtiger_wsapp_handlerdetails`
--

CREATE TABLE IF NOT EXISTS `vtiger_wsapp_handlerdetails` (
  `type` varchar(200) NOT NULL,
  `handlerclass` varchar(100) DEFAULT NULL,
  `handlerpath` varchar(300) DEFAULT NULL
) ENGINE=InnoDB DEFAULT CHARSET=utf8;

--
-- Dumping data for table `vtiger_wsapp_handlerdetails`
--

INSERT INTO `vtiger_wsapp_handlerdetails` (`type`, `handlerclass`, `handlerpath`) VALUES
('Outlook', 'OutlookHandler', 'modules/WSAPP/Handlers/OutlookHandler.php'),
('vtigerCRM', 'vtigerCRMHandler', 'modules/WSAPP/Handlers/vtigerCRMHandler.php'),
('vtigerSyncLib', 'WSAPP_VtigerSyncEventHandler', 'modules/WSAPP/synclib/handlers/VtigerSyncEventHandler.php');

-- --------------------------------------------------------

--
-- Table structure for table `vtiger_wsapp_queuerecords`
--

CREATE TABLE IF NOT EXISTS `vtiger_wsapp_queuerecords` (
  `syncserverid` int(19) DEFAULT NULL,
  `details` varchar(300) DEFAULT NULL,
  `flag` varchar(100) DEFAULT NULL,
  `appid` int(19) DEFAULT NULL
) ENGINE=InnoDB DEFAULT CHARSET=utf8;

-- --------------------------------------------------------

--
-- Table structure for table `vtiger_wsapp_recordmapping`
--

CREATE TABLE IF NOT EXISTS `vtiger_wsapp_recordmapping` (
  `id` int(19) NOT NULL AUTO_INCREMENT,
  `serverid` varchar(10) DEFAULT NULL,
  `clientid` varchar(255) DEFAULT NULL,
  `clientmodifiedtime` datetime DEFAULT NULL,
  `appid` int(11) DEFAULT NULL,
  `servermodifiedtime` datetime DEFAULT NULL,
  `serverappid` int(11) DEFAULT NULL,
  PRIMARY KEY (`id`)
) ENGINE=InnoDB DEFAULT CHARSET=utf8 AUTO_INCREMENT=1 ;

-- --------------------------------------------------------

--
-- Table structure for table `vtiger_wsapp_sync_state`
--

CREATE TABLE IF NOT EXISTS `vtiger_wsapp_sync_state` (
  `id` int(19) NOT NULL AUTO_INCREMENT,
  `name` varchar(200) DEFAULT NULL,
  `stateencodedvalues` varchar(300) NOT NULL,
  `userid` int(19) DEFAULT NULL,
  PRIMARY KEY (`id`)
) ENGINE=InnoDB DEFAULT CHARSET=utf8 AUTO_INCREMENT=1 ;

-- --------------------------------------------------------

--
-- Table structure for table `vtiger_ws_entity`
--

CREATE TABLE IF NOT EXISTS `vtiger_ws_entity` (
  `id` int(11) NOT NULL AUTO_INCREMENT,
  `name` varchar(25) NOT NULL,
  `handler_path` varchar(255) NOT NULL,
  `handler_class` varchar(64) NOT NULL,
  `ismodule` int(3) NOT NULL,
  PRIMARY KEY (`id`)
) ENGINE=InnoDB  DEFAULT CHARSET=utf8 AUTO_INCREMENT=56 ;

--
-- Dumping data for table `vtiger_ws_entity`
--

INSERT INTO `vtiger_ws_entity` (`id`, `name`, `handler_path`, `handler_class`, `ismodule`) VALUES
(1, 'Campaigns', 'include/Webservices/VtigerModuleOperation.php', 'VtigerModuleOperation', 1),
(2, 'Vendors', 'include/Webservices/VtigerModuleOperation.php', 'VtigerModuleOperation', 1),
(3, 'Faq', 'include/Webservices/VtigerModuleOperation.php', 'VtigerModuleOperation', 1),
(4, 'Quotes', 'include/Webservices/LineItem/VtigerInventoryOperation.php', 'VtigerInventoryOperation', 1),
(5, 'PurchaseOrder', 'include/Webservices/LineItem/VtigerInventoryOperation.php', 'VtigerInventoryOperation', 1),
(6, 'SalesOrder', 'include/Webservices/LineItem/VtigerInventoryOperation.php', 'VtigerInventoryOperation', 1),
(7, 'Invoice', 'include/Webservices/LineItem/VtigerInventoryOperation.php', 'VtigerInventoryOperation', 1),
(8, 'PriceBooks', 'include/Webservices/VtigerModuleOperation.php', 'VtigerModuleOperation', 1),
(9, 'Calendar', 'include/Webservices/VtigerModuleOperation.php', 'VtigerModuleOperation', 1),
(10, 'Leads', 'include/Webservices/VtigerModuleOperation.php', 'VtigerModuleOperation', 1),
(11, 'Accounts', 'include/Webservices/VtigerModuleOperation.php', 'VtigerModuleOperation', 1),
(12, 'Contacts', 'include/Webservices/VtigerModuleOperation.php', 'VtigerModuleOperation', 1),
(13, 'Potentials', 'include/Webservices/VtigerModuleOperation.php', 'VtigerModuleOperation', 1),
(14, 'Products', 'include/Webservices/VtigerModuleOperation.php', 'VtigerModuleOperation', 1),
(15, 'Documents', 'include/Webservices/VtigerModuleOperation.php', 'VtigerModuleOperation', 1),
(16, 'Emails', 'include/Webservices/VtigerModuleOperation.php', 'VtigerModuleOperation', 1),
(17, 'HelpDesk', 'include/Webservices/VtigerModuleOperation.php', 'VtigerModuleOperation', 1),
(18, 'Events', 'include/Webservices/VtigerModuleOperation.php', 'VtigerModuleOperation', 1),
(19, 'Users', 'include/Webservices/VtigerModuleOperation.php', 'VtigerModuleOperation', 1),
(20, 'Groups', 'include/Webservices/VtigerActorOperation.php', 'VtigerActorOperation', 0),
(21, 'Currency', 'include/Webservices/VtigerActorOperation.php', 'VtigerActorOperation', 0),
(22, 'DocumentFolders', 'include/Webservices/VtigerActorOperation.php', 'VtigerActorOperation', 0),
(23, 'CompanyDetails', 'include/Webservices/VtigerCompanyDetails.php', 'VtigerCompanyDetails', 0),
(24, 'PBXManager', 'include/Webservices/VtigerModuleOperation.php', 'VtigerModuleOperation', 1),
(25, 'ServiceContracts', 'include/Webservices/VtigerModuleOperation.php', 'VtigerModuleOperation', 1),
(26, 'Services', 'include/Webservices/VtigerModuleOperation.php', 'VtigerModuleOperation', 1),
(27, 'Assets', 'include/Webservices/VtigerModuleOperation.php', 'VtigerModuleOperation', 1),
(28, 'ModComments', 'include/Webservices/VtigerModuleOperation.php', 'VtigerModuleOperation', 1),
(29, 'ProjectMilestone', 'include/Webservices/VtigerModuleOperation.php', 'VtigerModuleOperation', 1),
(30, 'ProjectTask', 'include/Webservices/VtigerModuleOperation.php', 'VtigerModuleOperation', 1),
(31, 'Project', 'include/Webservices/VtigerModuleOperation.php', 'VtigerModuleOperation', 1),
(32, 'SMSNotifier', 'include/Webservices/VtigerModuleOperation.php', 'VtigerModuleOperation', 1),
(33, 'LineItem', 'include/Webservices/LineItem/VtigerLineItemOperation.php', 'VtigerLineItemOperation', 0),
(34, 'Tax', 'include/Webservices/LineItem/VtigerTaxOperation.php', 'VtigerTaxOperation', 0),
(35, 'ProductTaxes', 'include/Webservices/LineItem/VtigerProductTaxesOperation.php', 'VtigerProductTaxesOperation', 0),
(36, 'OSSPdf', 'include/Webservices/VtigerModuleOperation.php', 'VtigerModuleOperation', 1),
(37, 'OSSMailTemplates', 'include/Webservices/VtigerModuleOperation.php', 'VtigerModuleOperation', 1),
(38, 'OSSTimeControl', 'include/Webservices/VtigerModuleOperation.php', 'VtigerModuleOperation', 1),
(39, 'OSSMailView', 'include/Webservices/VtigerModuleOperation.php', 'VtigerModuleOperation', 1),
(40, 'OSSDocumentControl', 'include/Webservices/VtigerModuleOperation.php', 'VtigerModuleOperation', 1),
(41, 'OSSOutsourcedServices', 'include/Webservices/VtigerModuleOperation.php', 'VtigerModuleOperation', 1),
(42, 'OSSSoldServices', 'include/Webservices/VtigerModuleOperation.php', 'VtigerModuleOperation', 1),
(43, 'OutsourcedProducts', 'include/Webservices/VtigerModuleOperation.php', 'VtigerModuleOperation', 1),
(44, 'OSSPasswords', 'include/Webservices/VtigerModuleOperation.php', 'VtigerModuleOperation', 1),
(45, 'OSSEmployees', 'include/Webservices/VtigerModuleOperation.php', 'VtigerModuleOperation', 1),
(54, 'Calculations', 'include/Webservices/VtigerModuleOperation.php', 'VtigerModuleOperation', 1),
(55, 'OSSCosts', 'include/Webservices/VtigerModuleOperation.php', 'VtigerModuleOperation', 1);

-- --------------------------------------------------------

--
-- Table structure for table `vtiger_ws_entity_fieldtype`
--

CREATE TABLE IF NOT EXISTS `vtiger_ws_entity_fieldtype` (
  `fieldtypeid` int(19) NOT NULL AUTO_INCREMENT,
  `table_name` varchar(50) NOT NULL,
  `field_name` varchar(50) NOT NULL,
  `fieldtype` varchar(200) NOT NULL,
  PRIMARY KEY (`fieldtypeid`),
  UNIQUE KEY `vtiger_idx_1_tablename_fieldname` (`table_name`,`field_name`)
) ENGINE=InnoDB  DEFAULT CHARSET=utf8 AUTO_INCREMENT=11 ;

--
-- Dumping data for table `vtiger_ws_entity_fieldtype`
--

INSERT INTO `vtiger_ws_entity_fieldtype` (`fieldtypeid`, `table_name`, `field_name`, `fieldtype`) VALUES
(1, 'vtiger_attachmentsfolder', 'createdby', 'reference'),
(2, 'vtiger_organizationdetails', 'logoname', 'file'),
(3, 'vtiger_organizationdetails', 'phone', 'phone'),
(4, 'vtiger_organizationdetails', 'fax', 'phone'),
(5, 'vtiger_organizationdetails', 'website', 'url'),
(6, 'vtiger_inventoryproductrel', 'productid', 'reference'),
(7, 'vtiger_inventoryproductrel', 'id', 'reference'),
(8, 'vtiger_inventoryproductrel', 'incrementondel', 'autogenerated'),
(9, 'vtiger_producttaxrel', 'productid', 'reference'),
(10, 'vtiger_producttaxrel', 'taxid', 'reference');

-- --------------------------------------------------------

--
-- Table structure for table `vtiger_ws_entity_fieldtype_seq`
--

CREATE TABLE IF NOT EXISTS `vtiger_ws_entity_fieldtype_seq` (
  `id` int(11) NOT NULL
) ENGINE=InnoDB DEFAULT CHARSET=utf8;

--
-- Dumping data for table `vtiger_ws_entity_fieldtype_seq`
--

INSERT INTO `vtiger_ws_entity_fieldtype_seq` (`id`) VALUES
(10);

-- --------------------------------------------------------

--
-- Table structure for table `vtiger_ws_entity_name`
--

CREATE TABLE IF NOT EXISTS `vtiger_ws_entity_name` (
  `entity_id` int(11) NOT NULL,
  `name_fields` varchar(50) NOT NULL,
  `index_field` varchar(50) NOT NULL,
  `table_name` varchar(50) NOT NULL,
  PRIMARY KEY (`entity_id`)
) ENGINE=InnoDB DEFAULT CHARSET=utf8;

--
-- Dumping data for table `vtiger_ws_entity_name`
--

INSERT INTO `vtiger_ws_entity_name` (`entity_id`, `name_fields`, `index_field`, `table_name`) VALUES
(20, 'groupname', 'groupid', 'vtiger_groups'),
(21, 'currency_name', 'id', 'vtiger_currency_info'),
(22, 'foldername', 'folderid', 'vtiger_attachmentsfolder'),
(23, 'organizationname', 'groupid', 'vtiger_organizationdetails'),
(34, 'taxlabel', 'taxid', 'vtiger_inventorytaxinfo');

-- --------------------------------------------------------

--
-- Table structure for table `vtiger_ws_entity_referencetype`
--

CREATE TABLE IF NOT EXISTS `vtiger_ws_entity_referencetype` (
  `fieldtypeid` int(19) NOT NULL,
  `type` varchar(25) NOT NULL,
  PRIMARY KEY (`fieldtypeid`,`type`)
) ENGINE=InnoDB DEFAULT CHARSET=utf8;

--
-- Dumping data for table `vtiger_ws_entity_referencetype`
--

INSERT INTO `vtiger_ws_entity_referencetype` (`fieldtypeid`, `type`) VALUES
(5, 'Users'),
(6, 'Products'),
(7, 'Invoice'),
(7, 'PurchaseOrder'),
(7, 'Quotes'),
(7, 'SalesOrder'),
(9, 'Products'),
(10, 'Tax');

-- --------------------------------------------------------

--
-- Table structure for table `vtiger_ws_entity_seq`
--

CREATE TABLE IF NOT EXISTS `vtiger_ws_entity_seq` (
  `id` int(11) NOT NULL
) ENGINE=InnoDB DEFAULT CHARSET=utf8;

--
-- Dumping data for table `vtiger_ws_entity_seq`
--

INSERT INTO `vtiger_ws_entity_seq` (`id`) VALUES
(55);

-- --------------------------------------------------------

--
-- Table structure for table `vtiger_ws_entity_tables`
--

CREATE TABLE IF NOT EXISTS `vtiger_ws_entity_tables` (
  `webservice_entity_id` int(11) NOT NULL,
  `table_name` varchar(50) NOT NULL,
  PRIMARY KEY (`webservice_entity_id`,`table_name`)
) ENGINE=InnoDB DEFAULT CHARSET=utf8;

--
-- Dumping data for table `vtiger_ws_entity_tables`
--

INSERT INTO `vtiger_ws_entity_tables` (`webservice_entity_id`, `table_name`) VALUES
(20, 'vtiger_groups'),
(21, 'vtiger_currency_info'),
(22, 'vtiger_attachmentsfolder'),
(23, 'vtiger_organizationdetails'),
(33, 'vtiger_inventoryproductrel'),
(34, 'vtiger_inventorytaxinfo'),
(35, 'vtiger_producttaxrel');

-- --------------------------------------------------------

--
-- Table structure for table `vtiger_ws_fieldinfo`
--

CREATE TABLE IF NOT EXISTS `vtiger_ws_fieldinfo` (
  `id` varchar(64) NOT NULL,
  `property_name` varchar(32) DEFAULT NULL,
  `property_value` varchar(64) DEFAULT NULL,
  PRIMARY KEY (`id`)
) ENGINE=InnoDB DEFAULT CHARSET=utf8;

--
-- Dumping data for table `vtiger_ws_fieldinfo`
--

INSERT INTO `vtiger_ws_fieldinfo` (`id`, `property_name`, `property_value`) VALUES
('vtiger_organizationdetails.organization_id', 'upload.path', '1');

-- --------------------------------------------------------

--
-- Table structure for table `vtiger_ws_fieldtype`
--

CREATE TABLE IF NOT EXISTS `vtiger_ws_fieldtype` (
  `fieldtypeid` int(19) NOT NULL AUTO_INCREMENT,
  `uitype` varchar(30) NOT NULL,
  `fieldtype` varchar(200) NOT NULL,
  PRIMARY KEY (`fieldtypeid`),
  UNIQUE KEY `uitype_idx` (`uitype`)
) ENGINE=InnoDB  DEFAULT CHARSET=utf8 AUTO_INCREMENT=41 ;

--
-- Dumping data for table `vtiger_ws_fieldtype`
--

INSERT INTO `vtiger_ws_fieldtype` (`fieldtypeid`, `uitype`, `fieldtype`) VALUES
(1, '15', 'picklist'),
(2, '16', 'picklist'),
(3, '19', 'text'),
(4, '20', 'text'),
(5, '21', 'text'),
(6, '24', 'text'),
(7, '3', 'autogenerated'),
(8, '11', 'phone'),
(9, '33', 'multipicklist'),
(10, '17', 'url'),
(11, '85', 'skype'),
(12, '56', 'boolean'),
(13, '156', 'boolean'),
(14, '53', 'owner'),
(15, '61', 'file'),
(16, '28', 'file'),
(17, '13', 'email'),
(18, '71', 'currency'),
(19, '72', 'currency'),
(20, '50', 'reference'),
(21, '51', 'reference'),
(22, '57', 'reference'),
(23, '58', 'reference'),
(24, '73', 'reference'),
(25, '75', 'reference'),
(26, '76', 'reference'),
(27, '78', 'reference'),
(28, '80', 'reference'),
(29, '81', 'reference'),
(30, '101', 'reference'),
(31, '52', 'reference'),
(32, '357', 'reference'),
(33, '59', 'reference'),
(34, '66', 'reference'),
(35, '77', 'reference'),
(36, '68', 'reference'),
(37, '117', 'reference'),
(38, '26', 'reference'),
(39, '10', 'reference'),
(40, '300', 'text');

-- --------------------------------------------------------

--
-- Table structure for table `vtiger_ws_operation`
--

CREATE TABLE IF NOT EXISTS `vtiger_ws_operation` (
  `operationid` int(11) NOT NULL AUTO_INCREMENT,
  `name` varchar(128) NOT NULL,
  `handler_path` varchar(255) NOT NULL,
  `handler_method` varchar(64) NOT NULL,
  `type` varchar(8) NOT NULL,
  `prelogin` int(3) NOT NULL,
  PRIMARY KEY (`operationid`)
) ENGINE=InnoDB  DEFAULT CHARSET=utf8 AUTO_INCREMENT=34 ;

--
-- Dumping data for table `vtiger_ws_operation`
--

INSERT INTO `vtiger_ws_operation` (`operationid`, `name`, `handler_path`, `handler_method`, `type`, `prelogin`) VALUES
(1, 'login', 'include/Webservices/Login.php', 'vtws_login', 'POST', 1),
(2, 'retrieve', 'include/Webservices/Retrieve.php', 'vtws_retrieve', 'GET', 0),
(3, 'create', 'include/Webservices/Create.php', 'vtws_create', 'POST', 0),
(4, 'update', 'include/Webservices/Update.php', 'vtws_update', 'POST', 0),
(5, 'delete', 'include/Webservices/Delete.php', 'vtws_delete', 'POST', 0),
(6, 'sync', 'include/Webservices/GetUpdates.php', 'vtws_sync', 'GET', 0),
(7, 'query', 'include/Webservices/Query.php', 'vtws_query', 'GET', 0),
(8, 'logout', 'include/Webservices/Logout.php', 'vtws_logout', 'POST', 0),
(9, 'listtypes', 'include/Webservices/ModuleTypes.php', 'vtws_listtypes', 'GET', 0),
(10, 'getchallenge', 'include/Webservices/AuthToken.php', 'vtws_getchallenge', 'GET', 1),
(11, 'describe', 'include/Webservices/DescribeObject.php', 'vtws_describe', 'GET', 0),
(12, 'extendsession', 'include/Webservices/ExtendSession.php', 'vtws_extendSession', 'POST', 1),
(13, 'convertlead', 'include/Webservices/ConvertLead.php', 'vtws_convertlead', 'POST', 0),
(14, 'revise', 'include/Webservices/Revise.php', 'vtws_revise', 'POST', 0),
(15, 'changePassword', 'include/Webservices/ChangePassword.php', 'vtws_changePassword', 'POST', 0),
(16, 'deleteUser', 'include/Webservices/DeleteUser.php', 'vtws_deleteUser', 'POST', 0),
(17, 'mobile.fetchallalerts', 'modules/Mobile/api/wsapi.php', 'mobile_ws_fetchAllAlerts', 'POST', 0),
(18, 'mobile.alertdetailswithmessage', 'modules/Mobile/api/wsapi.php', 'mobile_ws_alertDetailsWithMessage', 'POST', 0),
(19, 'mobile.fetchmodulefilters', 'modules/Mobile/api/wsapi.php', 'mobile_ws_fetchModuleFilters', 'POST', 0),
(20, 'mobile.fetchrecord', 'modules/Mobile/api/wsapi.php', 'mobile_ws_fetchRecord', 'POST', 0),
(21, 'mobile.fetchrecordwithgrouping', 'modules/Mobile/api/wsapi.php', 'mobile_ws_fetchRecordWithGrouping', 'POST', 0),
(22, 'mobile.filterdetailswithcount', 'modules/Mobile/api/wsapi.php', 'mobile_ws_filterDetailsWithCount', 'POST', 0),
(23, 'mobile.listmodulerecords', 'modules/Mobile/api/wsapi.php', 'mobile_ws_listModuleRecords', 'POST', 0),
(24, 'mobile.saverecord', 'modules/Mobile/api/wsapi.php', 'mobile_ws_saveRecord', 'POST', 0),
(25, 'mobile.syncModuleRecords', 'modules/Mobile/api/wsapi.php', 'mobile_ws_syncModuleRecords', 'POST', 0),
(26, 'mobile.query', 'modules/Mobile/api/wsapi.php', 'mobile_ws_query', 'POST', 0),
(27, 'mobile.querywithgrouping', 'modules/Mobile/api/wsapi.php', 'mobile_ws_queryWithGrouping', 'POST', 0),
(28, 'wsapp_register', 'modules/WSAPP/api/ws/Register.php', 'wsapp_register', 'POST', 0),
(29, 'wsapp_deregister', 'modules/WSAPP/api/ws/DeRegister.php', 'wsapp_deregister', 'POST', 0),
(30, 'wsapp_get', 'modules/WSAPP/api/ws/Get.php', 'wsapp_get', 'POST', 0),
(31, 'wsapp_put', 'modules/WSAPP/api/ws/Put.php', 'wsapp_put', 'POST', 0),
(32, 'wsapp_map', 'modules/WSAPP/api/ws/Map.php', 'wsapp_map', 'POST', 0),
(33, 'retrieve_inventory', 'include/Webservices/LineItem/RetrieveInventory.php', 'vtws_retrieve_inventory', 'GET', 0);

-- --------------------------------------------------------

--
-- Table structure for table `vtiger_ws_operation_parameters`
--

CREATE TABLE IF NOT EXISTS `vtiger_ws_operation_parameters` (
  `operationid` int(11) NOT NULL AUTO_INCREMENT,
  `name` varchar(128) NOT NULL,
  `type` varchar(64) NOT NULL,
  `sequence` int(11) NOT NULL,
  PRIMARY KEY (`operationid`,`name`)
) ENGINE=InnoDB  DEFAULT CHARSET=utf8 AUTO_INCREMENT=34 ;

--
-- Dumping data for table `vtiger_ws_operation_parameters`
--

INSERT INTO `vtiger_ws_operation_parameters` (`operationid`, `name`, `type`, `sequence`) VALUES
(1, 'accessKey', 'String', 2),
(1, 'username', 'String', 1),
(2, 'id', 'String', 1),
(3, 'element', 'encoded', 2),
(3, 'elementType', 'String', 1),
(4, 'element', 'encoded', 1),
(5, 'id', 'String', 1),
(6, 'elementType', 'String', 2),
(6, 'modifiedTime', 'DateTime', 1),
(7, 'query', 'String', 1),
(8, 'sessionName', 'String', 1),
(9, 'fieldTypeList', 'encoded', 1),
(10, 'username', 'String', 1),
(11, 'elementType', 'String', 1),
(13, 'accountName', 'String', 3),
(13, 'assignedTo', 'String', 2),
(13, 'avoidPotential', 'Boolean', 4),
(13, 'leadId', 'String', 1),
(13, 'potential', 'Encoded', 5),
(14, 'element', 'Encoded', 1),
(15, 'confirmPassword', 'String', 4),
(15, 'id', 'String', 1),
(15, 'newPassword', 'String', 3),
(15, 'oldPassword', 'String', 2),
(16, 'id', 'String', 1),
(16, 'newOwnerId', 'String', 2),
(18, 'alertid', 'string', 1),
(19, 'module', 'string', 1),
(20, 'record', 'string', 1),
(21, 'record', 'string', 1),
(22, 'filterid', 'string', 1),
(23, 'elements', 'encoded', 1),
(24, 'module', 'string', 1),
(24, 'record', 'string', 2),
(24, 'values', 'encoded', 3),
(25, 'module', 'string', 1),
(25, 'page', 'string', 3),
(25, 'syncToken', 'string', 2),
(26, 'module', 'string', 1),
(26, 'page', 'string', 3),
(26, 'query', 'string', 2),
(27, 'module', 'string', 1),
(27, 'page', 'string', 3),
(27, 'query', 'string', 2),
(28, 'synctype', 'string', 2),
(28, 'type', 'string', 1),
(29, 'key', 'string', 2),
(29, 'type', 'string', 1),
(30, 'key', 'string', 1),
(30, 'module', 'string', 2),
(30, 'token', 'string', 3),
(31, 'element', 'encoded', 2),
(31, 'key', 'string', 1),
(32, 'element', 'encoded', 2),
(32, 'key', 'string', 1),
(33, 'id', 'String', 1);

-- --------------------------------------------------------

--
-- Table structure for table `vtiger_ws_operation_seq`
--

CREATE TABLE IF NOT EXISTS `vtiger_ws_operation_seq` (
  `id` int(11) NOT NULL
) ENGINE=InnoDB DEFAULT CHARSET=utf8;

--
-- Dumping data for table `vtiger_ws_operation_seq`
--

INSERT INTO `vtiger_ws_operation_seq` (`id`) VALUES
(33);

-- --------------------------------------------------------

--
-- Table structure for table `vtiger_ws_referencetype`
--

CREATE TABLE IF NOT EXISTS `vtiger_ws_referencetype` (
  `fieldtypeid` int(19) NOT NULL,
  `type` varchar(25) NOT NULL,
  PRIMARY KEY (`fieldtypeid`,`type`)
) ENGINE=InnoDB DEFAULT CHARSET=utf8;

--
-- Dumping data for table `vtiger_ws_referencetype`
--

INSERT INTO `vtiger_ws_referencetype` (`fieldtypeid`, `type`) VALUES
(20, 'Accounts'),
(21, 'Accounts'),
(22, 'Contacts'),
(23, 'Campaigns'),
(24, 'Accounts'),
(25, 'Vendors'),
(26, 'Potentials'),
(27, 'Quotes'),
(28, 'SalesOrder'),
(29, 'Vendors'),
(30, 'Users'),
(31, 'Campaigns'),
(31, 'Users'),
(32, 'Accounts'),
(32, 'Contacts'),
(32, 'Leads'),
(32, 'Users'),
(32, 'Vendors'),
(33, 'Products'),
(34, 'Accounts'),
(34, 'Campaigns'),
(34, 'HelpDesk'),
(34, 'Leads'),
(34, 'Potentials'),
(34, 'Project'),
(34, 'ServiceContracts'),
(35, 'Users'),
(36, 'Accounts'),
(36, 'Contacts'),
(37, 'Currency'),
(38, 'DocumentFolders');

-- --------------------------------------------------------

--
-- Table structure for table `vtiger_ws_userauthtoken`
--

CREATE TABLE IF NOT EXISTS `vtiger_ws_userauthtoken` (
  `userid` int(19) NOT NULL,
  `token` varchar(36) NOT NULL,
  `expiretime` int(19) NOT NULL,
  PRIMARY KEY (`userid`,`expiretime`),
  UNIQUE KEY `userid_idx` (`userid`)
) ENGINE=InnoDB DEFAULT CHARSET=utf8;

-- --------------------------------------------------------

--
-- Table structure for table `yetiforce_updates`
--

CREATE TABLE IF NOT EXISTS `yetiforce_updates` (
  `id` int(11) NOT NULL AUTO_INCREMENT,
  `time` timestamp NOT NULL DEFAULT CURRENT_TIMESTAMP,
  `user` varchar(50) DEFAULT NULL,
  `name` varchar(100) DEFAULT NULL,
  `from_version` varchar(10) DEFAULT NULL,
  `to_version` varchar(10) DEFAULT NULL,
  `result` tinyint(1) DEFAULT NULL,
  PRIMARY KEY (`id`)
) ENGINE=InnoDB DEFAULT CHARSET=utf8 AUTO_INCREMENT=1 ;

--
-- Constraints for dumped tables
--

--
-- Constraints for table `roundcube_cache`
--
ALTER TABLE `roundcube_cache`
  ADD CONSTRAINT `roundcube_user_id_fk_cache` FOREIGN KEY (`user_id`) REFERENCES `roundcube_users` (`user_id`) ON DELETE CASCADE ON UPDATE CASCADE;

--
-- Constraints for table `roundcube_cache_index`
--
ALTER TABLE `roundcube_cache_index`
  ADD CONSTRAINT `roundcube_user_id_fk_cache_index` FOREIGN KEY (`user_id`) REFERENCES `roundcube_users` (`user_id`) ON DELETE CASCADE ON UPDATE CASCADE;

--
-- Constraints for table `roundcube_cache_messages`
--
ALTER TABLE `roundcube_cache_messages`
  ADD CONSTRAINT `roundcube_user_id_fk_cache_messages` FOREIGN KEY (`user_id`) REFERENCES `roundcube_users` (`user_id`) ON DELETE CASCADE ON UPDATE CASCADE;

--
-- Constraints for table `roundcube_cache_thread`
--
ALTER TABLE `roundcube_cache_thread`
  ADD CONSTRAINT `roundcube_user_id_fk_cache_thread` FOREIGN KEY (`user_id`) REFERENCES `roundcube_users` (`user_id`) ON DELETE CASCADE ON UPDATE CASCADE;

--
-- Constraints for table `roundcube_contactgroupmembers`
--
ALTER TABLE `roundcube_contactgroupmembers`
  ADD CONSTRAINT `roundcube_contactgroup_id_fk_contactgroups` FOREIGN KEY (`contactgroup_id`) REFERENCES `roundcube_contactgroups` (`contactgroup_id`) ON DELETE CASCADE ON UPDATE CASCADE,
  ADD CONSTRAINT `roundcube_contact_id_fk_contacts` FOREIGN KEY (`contact_id`) REFERENCES `roundcube_contacts` (`contact_id`) ON DELETE CASCADE ON UPDATE CASCADE;

--
-- Constraints for table `roundcube_contactgroups`
--
ALTER TABLE `roundcube_contactgroups`
  ADD CONSTRAINT `roundcube_user_id_fk_contactgroups` FOREIGN KEY (`user_id`) REFERENCES `roundcube_users` (`user_id`) ON DELETE CASCADE ON UPDATE CASCADE;

--
-- Constraints for table `roundcube_contacts`
--
ALTER TABLE `roundcube_contacts`
  ADD CONSTRAINT `roundcube_user_id_fk_contacts` FOREIGN KEY (`user_id`) REFERENCES `roundcube_users` (`user_id`) ON DELETE CASCADE ON UPDATE CASCADE;

--
-- Constraints for table `roundcube_dictionary`
--
ALTER TABLE `roundcube_dictionary`
  ADD CONSTRAINT `roundcube_user_id_fk_dictionary` FOREIGN KEY (`user_id`) REFERENCES `roundcube_users` (`user_id`) ON DELETE CASCADE ON UPDATE CASCADE;

--
-- Constraints for table `roundcube_identities`
--
ALTER TABLE `roundcube_identities`
  ADD CONSTRAINT `roundcube_user_id_fk_identities` FOREIGN KEY (`user_id`) REFERENCES `roundcube_users` (`user_id`) ON DELETE CASCADE ON UPDATE CASCADE;

--
-- Constraints for table `roundcube_searches`
--
ALTER TABLE `roundcube_searches`
  ADD CONSTRAINT `roundcube_user_id_fk_searches` FOREIGN KEY (`user_id`) REFERENCES `roundcube_users` (`user_id`) ON DELETE CASCADE ON UPDATE CASCADE;

--
-- Constraints for table `vtiger_account`
--
ALTER TABLE `vtiger_account`
  ADD CONSTRAINT `fk_1_vtiger_account` FOREIGN KEY (`accountid`) REFERENCES `vtiger_crmentity` (`crmid`) ON DELETE CASCADE;

--
-- Constraints for table `vtiger_accountaddress`
--
ALTER TABLE `vtiger_accountaddress`
  ADD CONSTRAINT `vtiger_accountaddress_ibfk_1` FOREIGN KEY (`accountaddressid`) REFERENCES `vtiger_account` (`accountid`) ON DELETE CASCADE;

--
-- Constraints for table `vtiger_accountscf`
--
ALTER TABLE `vtiger_accountscf`
  ADD CONSTRAINT `fk_1_vtiger_accountscf` FOREIGN KEY (`accountid`) REFERENCES `vtiger_account` (`accountid`) ON DELETE CASCADE;

--
-- Constraints for table `vtiger_activity`
--
ALTER TABLE `vtiger_activity`
  ADD CONSTRAINT `fk_1_vtiger_activity` FOREIGN KEY (`activityid`) REFERENCES `vtiger_crmentity` (`crmid`) ON DELETE CASCADE;

--
-- Constraints for table `vtiger_activitycf`
--
ALTER TABLE `vtiger_activitycf`
  ADD CONSTRAINT `vtiger_activitycf_ibfk_1` FOREIGN KEY (`activityid`) REFERENCES `vtiger_activity` (`activityid`) ON DELETE CASCADE;

--
-- Constraints for table `vtiger_activityproductrel`
--
ALTER TABLE `vtiger_activityproductrel`
  ADD CONSTRAINT `fk_2_vtiger_activityproductrel` FOREIGN KEY (`productid`) REFERENCES `vtiger_products` (`productid`) ON DELETE CASCADE;

--
-- Constraints for table `vtiger_activity_reminder`
--
ALTER TABLE `vtiger_activity_reminder`
  ADD CONSTRAINT `vtiger_activity_reminder_ibfk_1` FOREIGN KEY (`activity_id`) REFERENCES `vtiger_activity` (`activityid`) ON DELETE CASCADE;

--
-- Constraints for table `vtiger_activity_reminder_popup`
--
ALTER TABLE `vtiger_activity_reminder_popup`
  ADD CONSTRAINT `vtiger_activity_reminder_popup_ibfk_1` FOREIGN KEY (`recordid`) REFERENCES `vtiger_activity` (`activityid`) ON DELETE CASCADE;

--
-- Constraints for table `vtiger_assets`
--
ALTER TABLE `vtiger_assets`
  ADD CONSTRAINT `fk_1_vtiger_assets` FOREIGN KEY (`assetsid`) REFERENCES `vtiger_crmentity` (`crmid`) ON DELETE CASCADE;

--
-- Constraints for table `vtiger_assetscf`
--
ALTER TABLE `vtiger_assetscf`
  ADD CONSTRAINT `vtiger_assetscf_ibfk_1` FOREIGN KEY (`assetsid`) REFERENCES `vtiger_assets` (`assetsid`) ON DELETE CASCADE;

--
-- Constraints for table `vtiger_attachments`
--
ALTER TABLE `vtiger_attachments`
  ADD CONSTRAINT `fk_1_vtiger_attachments` FOREIGN KEY (`attachmentsid`) REFERENCES `vtiger_crmentity` (`crmid`) ON DELETE CASCADE;

--
-- Constraints for table `vtiger_blocks`
--
ALTER TABLE `vtiger_blocks`
  ADD CONSTRAINT `fk_1_vtiger_blocks` FOREIGN KEY (`tabid`) REFERENCES `vtiger_tab` (`tabid`) ON DELETE CASCADE;

--
-- Constraints for table `vtiger_calculations`
--
ALTER TABLE `vtiger_calculations`
  ADD CONSTRAINT `fk_1_vtiger_calculations` FOREIGN KEY (`calculationsid`) REFERENCES `vtiger_crmentity` (`crmid`) ON DELETE CASCADE;

--
-- Constraints for table `vtiger_calculationscf`
--
ALTER TABLE `vtiger_calculationscf`
  ADD CONSTRAINT `fk_1_vtiger_calculationscf` FOREIGN KEY (`calculationsid`) REFERENCES `vtiger_calculations` (`calculationsid`) ON DELETE CASCADE;

--
-- Constraints for table `vtiger_calculationsproductrel`
--
ALTER TABLE `vtiger_calculationsproductrel`
  ADD CONSTRAINT `vtiger_calculationsproductrel_ibfk_1` FOREIGN KEY (`id`) REFERENCES `vtiger_calculations` (`calculationsid`) ON DELETE CASCADE;

--
-- Constraints for table `vtiger_campaigncontrel`
--
ALTER TABLE `vtiger_campaigncontrel`
  ADD CONSTRAINT `fk_2_vtiger_campaigncontrel` FOREIGN KEY (`contactid`) REFERENCES `vtiger_contactdetails` (`contactid`) ON DELETE CASCADE;

--
-- Constraints for table `vtiger_campaignleadrel`
--
ALTER TABLE `vtiger_campaignleadrel`
  ADD CONSTRAINT `fk_2_vtiger_campaignleadrel` FOREIGN KEY (`leadid`) REFERENCES `vtiger_leaddetails` (`leadid`) ON DELETE CASCADE;

--
-- Constraints for table `vtiger_campaignscf`
--
ALTER TABLE `vtiger_campaignscf`
  ADD CONSTRAINT `fk_1_vtiger_campaignscf` FOREIGN KEY (`campaignid`) REFERENCES `vtiger_campaign` (`campaignid`) ON DELETE CASCADE;

--
-- Constraints for table `vtiger_cntactivityrel`
--
ALTER TABLE `vtiger_cntactivityrel`
  ADD CONSTRAINT `fk_2_vtiger_cntactivityrel` FOREIGN KEY (`contactid`) REFERENCES `vtiger_contactdetails` (`contactid`) ON DELETE CASCADE;

--
-- Constraints for table `vtiger_contactaddress`
--
ALTER TABLE `vtiger_contactaddress`
  ADD CONSTRAINT `fk_1_vtiger_contactaddress` FOREIGN KEY (`contactaddressid`) REFERENCES `vtiger_contactdetails` (`contactid`) ON DELETE CASCADE;

--
-- Constraints for table `vtiger_contactdetails`
--
ALTER TABLE `vtiger_contactdetails`
  ADD CONSTRAINT `fk_1_vtiger_contactdetails` FOREIGN KEY (`contactid`) REFERENCES `vtiger_crmentity` (`crmid`) ON DELETE CASCADE;

--
-- Constraints for table `vtiger_contactsbookmails`
--
ALTER TABLE `vtiger_contactsbookmails`
  ADD CONSTRAINT `vtiger_contactsbookmails_ibfk_1` FOREIGN KEY (`contactid`) REFERENCES `vtiger_crmentity` (`crmid`) ON DELETE CASCADE;

--
-- Constraints for table `vtiger_contactscf`
--
ALTER TABLE `vtiger_contactscf`
  ADD CONSTRAINT `fk_1_vtiger_contactscf` FOREIGN KEY (`contactid`) REFERENCES `vtiger_contactdetails` (`contactid`) ON DELETE CASCADE;

--
-- Constraints for table `vtiger_contactsubdetails`
--
ALTER TABLE `vtiger_contactsubdetails`
  ADD CONSTRAINT `fk_1_vtiger_contactsubdetails` FOREIGN KEY (`contactsubscriptionid`) REFERENCES `vtiger_contactdetails` (`contactid`) ON DELETE CASCADE;

--
-- Constraints for table `vtiger_contpotentialrel`
--
ALTER TABLE `vtiger_contpotentialrel`
  ADD CONSTRAINT `fk_2_vtiger_contpotentialrel` FOREIGN KEY (`potentialid`) REFERENCES `vtiger_potential` (`potentialid`) ON DELETE CASCADE;

--
-- Constraints for table `vtiger_customaction`
--
ALTER TABLE `vtiger_customaction`
  ADD CONSTRAINT `fk_1_vtiger_customaction` FOREIGN KEY (`cvid`) REFERENCES `vtiger_customview` (`cvid`) ON DELETE CASCADE;

--
-- Constraints for table `vtiger_customerdetails`
--
ALTER TABLE `vtiger_customerdetails`
  ADD CONSTRAINT `fk_1_vtiger_customerdetails` FOREIGN KEY (`customerid`) REFERENCES `vtiger_contactdetails` (`contactid`) ON DELETE CASCADE;

--
-- Constraints for table `vtiger_customview`
--
ALTER TABLE `vtiger_customview`
  ADD CONSTRAINT `fk_1_vtiger_customview` FOREIGN KEY (`entitytype`) REFERENCES `vtiger_tab` (`name`) ON DELETE CASCADE;

--
-- Constraints for table `vtiger_cvadvfilter`
--
ALTER TABLE `vtiger_cvadvfilter`
  ADD CONSTRAINT `fk_1_vtiger_cvadvfilter` FOREIGN KEY (`cvid`) REFERENCES `vtiger_customview` (`cvid`) ON DELETE CASCADE;

--
-- Constraints for table `vtiger_cvcolumnlist`
--
ALTER TABLE `vtiger_cvcolumnlist`
  ADD CONSTRAINT `fk_1_vtiger_cvcolumnlist` FOREIGN KEY (`cvid`) REFERENCES `vtiger_customview` (`cvid`) ON DELETE CASCADE;

--
-- Constraints for table `vtiger_cvstdfilter`
--
ALTER TABLE `vtiger_cvstdfilter`
  ADD CONSTRAINT `fk_1_vtiger_cvstdfilter` FOREIGN KEY (`cvid`) REFERENCES `vtiger_customview` (`cvid`) ON DELETE CASCADE;

--
-- Constraints for table `vtiger_datashare_grp2grp`
--
ALTER TABLE `vtiger_datashare_grp2grp`
  ADD CONSTRAINT `fk_3_vtiger_datashare_grp2grp` FOREIGN KEY (`to_groupid`) REFERENCES `vtiger_groups` (`groupid`) ON DELETE CASCADE;

--
-- Constraints for table `vtiger_datashare_grp2role`
--
ALTER TABLE `vtiger_datashare_grp2role`
  ADD CONSTRAINT `fk_3_vtiger_datashare_grp2role` FOREIGN KEY (`to_roleid`) REFERENCES `vtiger_role` (`roleid`) ON DELETE CASCADE;

--
-- Constraints for table `vtiger_datashare_grp2rs`
--
ALTER TABLE `vtiger_datashare_grp2rs`
  ADD CONSTRAINT `fk_3_vtiger_datashare_grp2rs` FOREIGN KEY (`to_roleandsubid`) REFERENCES `vtiger_role` (`roleid`) ON DELETE CASCADE;

--
-- Constraints for table `vtiger_datashare_module_rel`
--
ALTER TABLE `vtiger_datashare_module_rel`
  ADD CONSTRAINT `fk_1_vtiger_datashare_module_rel` FOREIGN KEY (`tabid`) REFERENCES `vtiger_tab` (`tabid`) ON DELETE CASCADE;

--
-- Constraints for table `vtiger_datashare_relatedmodules`
--
ALTER TABLE `vtiger_datashare_relatedmodules`
  ADD CONSTRAINT `fk_2_vtiger_datashare_relatedmodules` FOREIGN KEY (`tabid`) REFERENCES `vtiger_tab` (`tabid`) ON DELETE CASCADE;

--
-- Constraints for table `vtiger_datashare_role2group`
--
ALTER TABLE `vtiger_datashare_role2group`
  ADD CONSTRAINT `fk_3_vtiger_datashare_role2group` FOREIGN KEY (`share_roleid`) REFERENCES `vtiger_role` (`roleid`) ON DELETE CASCADE;

--
-- Constraints for table `vtiger_datashare_role2role`
--
ALTER TABLE `vtiger_datashare_role2role`
  ADD CONSTRAINT `fk_3_vtiger_datashare_role2role` FOREIGN KEY (`to_roleid`) REFERENCES `vtiger_role` (`roleid`) ON DELETE CASCADE;

--
-- Constraints for table `vtiger_datashare_role2rs`
--
ALTER TABLE `vtiger_datashare_role2rs`
  ADD CONSTRAINT `fk_3_vtiger_datashare_role2rs` FOREIGN KEY (`to_roleandsubid`) REFERENCES `vtiger_role` (`roleid`) ON DELETE CASCADE;

--
-- Constraints for table `vtiger_datashare_rs2grp`
--
ALTER TABLE `vtiger_datashare_rs2grp`
  ADD CONSTRAINT `fk_3_vtiger_datashare_rs2grp` FOREIGN KEY (`share_roleandsubid`) REFERENCES `vtiger_role` (`roleid`) ON DELETE CASCADE;

--
-- Constraints for table `vtiger_datashare_rs2role`
--
ALTER TABLE `vtiger_datashare_rs2role`
  ADD CONSTRAINT `fk_3_vtiger_datashare_rs2role` FOREIGN KEY (`to_roleid`) REFERENCES `vtiger_role` (`roleid`) ON DELETE CASCADE;

--
-- Constraints for table `vtiger_datashare_rs2rs`
--
ALTER TABLE `vtiger_datashare_rs2rs`
  ADD CONSTRAINT `fk_3_vtiger_datashare_rs2rs` FOREIGN KEY (`to_roleandsubid`) REFERENCES `vtiger_role` (`roleid`) ON DELETE CASCADE;

--
-- Constraints for table `vtiger_defaultcv`
--
ALTER TABLE `vtiger_defaultcv`
  ADD CONSTRAINT `fk_1_vtiger_defaultcv` FOREIGN KEY (`tabid`) REFERENCES `vtiger_tab` (`tabid`) ON DELETE CASCADE;

--
-- Constraints for table `vtiger_def_org_share`
--
ALTER TABLE `vtiger_def_org_share`
  ADD CONSTRAINT `fk_1_vtiger_def_org_share` FOREIGN KEY (`permission`) REFERENCES `vtiger_org_share_action_mapping` (`share_action_id`) ON DELETE CASCADE;

--
-- Constraints for table `vtiger_entityname`
--
ALTER TABLE `vtiger_entityname`
  ADD CONSTRAINT `fk_1_vtiger_entityname` FOREIGN KEY (`tabid`) REFERENCES `vtiger_tab` (`tabid`) ON DELETE CASCADE;

--
-- Constraints for table `vtiger_faq`
--
ALTER TABLE `vtiger_faq`
  ADD CONSTRAINT `fk_1_vtiger_faq` FOREIGN KEY (`id`) REFERENCES `vtiger_crmentity` (`crmid`) ON DELETE CASCADE;

--
-- Constraints for table `vtiger_faqcf`
--
ALTER TABLE `vtiger_faqcf`
  ADD CONSTRAINT `fk_1_vtiger_faqcf` FOREIGN KEY (`faqid`) REFERENCES `vtiger_faq` (`id`) ON DELETE CASCADE;

--
-- Constraints for table `vtiger_faqcomments`
--
ALTER TABLE `vtiger_faqcomments`
  ADD CONSTRAINT `fk_1_vtiger_faqcomments` FOREIGN KEY (`faqid`) REFERENCES `vtiger_faq` (`id`) ON DELETE CASCADE;

--
-- Constraints for table `vtiger_field`
--
ALTER TABLE `vtiger_field`
  ADD CONSTRAINT `fk_1_vtiger_field` FOREIGN KEY (`tabid`) REFERENCES `vtiger_tab` (`tabid`) ON DELETE CASCADE;

--
-- Constraints for table `vtiger_freetagged_objects`
--
ALTER TABLE `vtiger_freetagged_objects`
  ADD CONSTRAINT `vtiger_freetagged_objects_ibfk_1` FOREIGN KEY (`object_id`) REFERENCES `vtiger_crmentity` (`crmid`) ON DELETE CASCADE;

--
-- Constraints for table `vtiger_group2grouprel`
--
ALTER TABLE `vtiger_group2grouprel`
  ADD CONSTRAINT `fk_2_vtiger_group2grouprel` FOREIGN KEY (`groupid`) REFERENCES `vtiger_groups` (`groupid`) ON DELETE CASCADE ON UPDATE CASCADE;

--
-- Constraints for table `vtiger_group2role`
--
ALTER TABLE `vtiger_group2role`
  ADD CONSTRAINT `fk_2_vtiger_group2role` FOREIGN KEY (`roleid`) REFERENCES `vtiger_role` (`roleid`) ON DELETE CASCADE;

--
-- Constraints for table `vtiger_group2rs`
--
ALTER TABLE `vtiger_group2rs`
  ADD CONSTRAINT `fk_2_vtiger_group2rs` FOREIGN KEY (`roleandsubid`) REFERENCES `vtiger_role` (`roleid`) ON DELETE CASCADE;

--
-- Constraints for table `vtiger_homedashbd`
--
ALTER TABLE `vtiger_homedashbd`
  ADD CONSTRAINT `fk_1_vtiger_homedashbd` FOREIGN KEY (`stuffid`) REFERENCES `vtiger_homestuff` (`stuffid`) ON DELETE CASCADE;

--
-- Constraints for table `vtiger_homedefault`
--
ALTER TABLE `vtiger_homedefault`
  ADD CONSTRAINT `fk_1_vtiger_homedefault` FOREIGN KEY (`stuffid`) REFERENCES `vtiger_homestuff` (`stuffid`) ON DELETE CASCADE;

--
-- Constraints for table `vtiger_homemodule`
--
ALTER TABLE `vtiger_homemodule`
  ADD CONSTRAINT `fk_1_vtiger_homemodule` FOREIGN KEY (`stuffid`) REFERENCES `vtiger_homestuff` (`stuffid`) ON DELETE CASCADE;

--
-- Constraints for table `vtiger_homemoduleflds`
--
ALTER TABLE `vtiger_homemoduleflds`
  ADD CONSTRAINT `fk_1_vtiger_homemoduleflds` FOREIGN KEY (`stuffid`) REFERENCES `vtiger_homemodule` (`stuffid`) ON DELETE CASCADE;

--
-- Constraints for table `vtiger_homerss`
--
ALTER TABLE `vtiger_homerss`
  ADD CONSTRAINT `fk_1_vtiger_homerss` FOREIGN KEY (`stuffid`) REFERENCES `vtiger_homestuff` (`stuffid`) ON DELETE CASCADE;

--
-- Constraints for table `vtiger_homestuff`
--
ALTER TABLE `vtiger_homestuff`
  ADD CONSTRAINT `fk_1_vtiger_homestuff` FOREIGN KEY (`userid`) REFERENCES `vtiger_users` (`id`) ON DELETE CASCADE;

--
-- Constraints for table `vtiger_invitees`
--
ALTER TABLE `vtiger_invitees`
  ADD CONSTRAINT `vtiger_invitees_ibfk_1` FOREIGN KEY (`activityid`) REFERENCES `vtiger_activity` (`activityid`) ON DELETE CASCADE;

--
-- Constraints for table `vtiger_invoice`
--
ALTER TABLE `vtiger_invoice`
  ADD CONSTRAINT `fk_2_vtiger_invoice` FOREIGN KEY (`salesorderid`) REFERENCES `vtiger_salesorder` (`salesorderid`) ON DELETE CASCADE;

--
-- Constraints for table `vtiger_invoiceaddress`
--
ALTER TABLE `vtiger_invoiceaddress`
  ADD CONSTRAINT `vtiger_invoiceaddress_ibfk_1` FOREIGN KEY (`invoiceaddressid`) REFERENCES `vtiger_crmentity` (`crmid`) ON DELETE CASCADE;

--
-- Constraints for table `vtiger_invoicecf`
--
ALTER TABLE `vtiger_invoicecf`
  ADD CONSTRAINT `fk_1_vtiger_invoicecf` FOREIGN KEY (`invoiceid`) REFERENCES `vtiger_invoice` (`invoiceid`) ON DELETE CASCADE;

--
-- Constraints for table `vtiger_invoicestatushistory`
--
ALTER TABLE `vtiger_invoicestatushistory`
  ADD CONSTRAINT `fk_1_vtiger_invoicestatushistory` FOREIGN KEY (`invoiceid`) REFERENCES `vtiger_invoice` (`invoiceid`) ON DELETE CASCADE;

--
-- Constraints for table `vtiger_leadaddress`
--
ALTER TABLE `vtiger_leadaddress`
  ADD CONSTRAINT `fk_1_vtiger_leadaddress` FOREIGN KEY (`leadaddressid`) REFERENCES `vtiger_leaddetails` (`leadid`) ON DELETE CASCADE;

--
-- Constraints for table `vtiger_leaddetails`
--
ALTER TABLE `vtiger_leaddetails`
  ADD CONSTRAINT `fk_1_vtiger_leaddetails` FOREIGN KEY (`leadid`) REFERENCES `vtiger_crmentity` (`crmid`) ON DELETE CASCADE;

--
-- Constraints for table `vtiger_leadscf`
--
ALTER TABLE `vtiger_leadscf`
  ADD CONSTRAINT `fk_1_vtiger_leadscf` FOREIGN KEY (`leadid`) REFERENCES `vtiger_leaddetails` (`leadid`) ON DELETE CASCADE;

--
-- Constraints for table `vtiger_leadsubdetails`
--
ALTER TABLE `vtiger_leadsubdetails`
  ADD CONSTRAINT `fk_1_vtiger_leadsubdetails` FOREIGN KEY (`leadsubscriptionid`) REFERENCES `vtiger_leaddetails` (`leadid`) ON DELETE CASCADE;

--
-- Constraints for table `vtiger_modcomments`
--
ALTER TABLE `vtiger_modcomments`
  ADD CONSTRAINT `vtiger_modcomments_ibfk_1` FOREIGN KEY (`related_to`) REFERENCES `vtiger_crmentity` (`crmid`) ON DELETE CASCADE;

--
-- Constraints for table `vtiger_modcommentscf`
--
ALTER TABLE `vtiger_modcommentscf`
  ADD CONSTRAINT `vtiger_modcommentscf_ibfk_1` FOREIGN KEY (`modcommentsid`) REFERENCES `vtiger_modcomments` (`modcommentsid`) ON DELETE CASCADE;

--
-- Constraints for table `vtiger_notes`
--
ALTER TABLE `vtiger_notes`
  ADD CONSTRAINT `fk_1_vtiger_notes` FOREIGN KEY (`notesid`) REFERENCES `vtiger_crmentity` (`crmid`) ON DELETE CASCADE;

--
-- Constraints for table `vtiger_notescf`
--
ALTER TABLE `vtiger_notescf`
  ADD CONSTRAINT `vtiger_notescf_ibfk_1` FOREIGN KEY (`notesid`) REFERENCES `vtiger_notes` (`notesid`) ON DELETE CASCADE;

--
-- Constraints for table `vtiger_org_share_action2tab`
--
ALTER TABLE `vtiger_org_share_action2tab`
  ADD CONSTRAINT `fk_2_vtiger_org_share_action2tab` FOREIGN KEY (`tabid`) REFERENCES `vtiger_tab` (`tabid`) ON DELETE CASCADE;

--
-- Constraints for table `vtiger_osscosts`
--
ALTER TABLE `vtiger_osscosts`
  ADD CONSTRAINT `fk_1_vtiger_osscosts` FOREIGN KEY (`osscostsid`) REFERENCES `vtiger_crmentity` (`crmid`) ON DELETE CASCADE;

--
-- Constraints for table `vtiger_osscostscf`
--
ALTER TABLE `vtiger_osscostscf`
  ADD CONSTRAINT `fk_1_vtiger_osscostscf` FOREIGN KEY (`osscostsid`) REFERENCES `vtiger_osscosts` (`osscostsid`) ON DELETE CASCADE;

--
-- Constraints for table `vtiger_ossemployees`
--
ALTER TABLE `vtiger_ossemployees`
  ADD CONSTRAINT `fk_1_vtiger_ossemployees` FOREIGN KEY (`ossemployeesid`) REFERENCES `vtiger_crmentity` (`crmid`) ON DELETE CASCADE;

--
-- Constraints for table `vtiger_ossemployeescf`
--
ALTER TABLE `vtiger_ossemployeescf`
  ADD CONSTRAINT `fk_1_vtiger_ossemployeescf` FOREIGN KEY (`ossemployeesid`) REFERENCES `vtiger_ossemployees` (`ossemployeesid`) ON DELETE CASCADE;

--
-- Constraints for table `vtiger_ossmailtemplates`
--
ALTER TABLE `vtiger_ossmailtemplates`
  ADD CONSTRAINT `vtiger_ossmailtemplates_ibfk_1` FOREIGN KEY (`ossmailtemplatesid`) REFERENCES `vtiger_crmentity` (`crmid`) ON DELETE CASCADE;

--
-- Constraints for table `vtiger_ossmailtemplatescf`
--
ALTER TABLE `vtiger_ossmailtemplatescf`
  ADD CONSTRAINT `vtiger_ossmailtemplatescf_ibfk_1` FOREIGN KEY (`ossmailtemplatesid`) REFERENCES `vtiger_ossmailtemplates` (`ossmailtemplatesid`) ON DELETE CASCADE;

--
-- Constraints for table `vtiger_ossmailview`
--
ALTER TABLE `vtiger_ossmailview`
  ADD CONSTRAINT `fk_1_vtiger_ossmailview` FOREIGN KEY (`ossmailviewid`) REFERENCES `vtiger_crmentity` (`crmid`) ON DELETE CASCADE;

--
-- Constraints for table `vtiger_ossmailviewcf`
--
ALTER TABLE `vtiger_ossmailviewcf`
  ADD CONSTRAINT `fk_1_vtiger_ossmailviewcf` FOREIGN KEY (`ossmailviewid`) REFERENCES `vtiger_ossmailview` (`ossmailviewid`) ON DELETE CASCADE;

--
-- Constraints for table `vtiger_ossmailview_files`
--
ALTER TABLE `vtiger_ossmailview_files`
  ADD CONSTRAINT `fk_1_vtiger_ossmailview_files` FOREIGN KEY (`ossmailviewid`) REFERENCES `vtiger_ossmailview` (`ossmailviewid`) ON DELETE CASCADE;

--
-- Constraints for table `vtiger_ossoutsourcedservices`
--
ALTER TABLE `vtiger_ossoutsourcedservices`
  ADD CONSTRAINT `fk_1_vtiger_ossoutsourcedservices` FOREIGN KEY (`ossoutsourcedservicesid`) REFERENCES `vtiger_crmentity` (`crmid`) ON DELETE CASCADE;

--
-- Constraints for table `vtiger_ossoutsourcedservicescf`
--
ALTER TABLE `vtiger_ossoutsourcedservicescf`
  ADD CONSTRAINT `fk_1_vtiger_ossoutsourcedservicescf` FOREIGN KEY (`ossoutsourcedservicesid`) REFERENCES `vtiger_ossoutsourcedservices` (`ossoutsourcedservicesid`) ON DELETE CASCADE;

--
-- Constraints for table `vtiger_osspasswords`
--
ALTER TABLE `vtiger_osspasswords`
  ADD CONSTRAINT `fk_1_vtiger_osspasswords` FOREIGN KEY (`osspasswordsid`) REFERENCES `vtiger_crmentity` (`crmid`) ON DELETE CASCADE;

--
-- Constraints for table `vtiger_osspasswordscf`
--
ALTER TABLE `vtiger_osspasswordscf`
  ADD CONSTRAINT `fk_1_vtiger_osspasswordscf` FOREIGN KEY (`osspasswordsid`) REFERENCES `vtiger_osspasswords` (`osspasswordsid`) ON DELETE CASCADE;

--
-- Constraints for table `vtiger_osspdf`
--
ALTER TABLE `vtiger_osspdf`
  ADD CONSTRAINT `fk_1_vtiger_osspdf` FOREIGN KEY (`osspdfid`) REFERENCES `vtiger_crmentity` (`crmid`) ON DELETE CASCADE;

--
-- Constraints for table `vtiger_osspdfcf`
--
ALTER TABLE `vtiger_osspdfcf`
  ADD CONSTRAINT `fk_1_vtiger_osspdfcf` FOREIGN KEY (`osspdfid`) REFERENCES `vtiger_osspdf` (`osspdfid`) ON DELETE CASCADE;

--
-- Constraints for table `vtiger_osssoldservices`
--
ALTER TABLE `vtiger_osssoldservices`
  ADD CONSTRAINT `fk_1_vtiger_osssoldservices` FOREIGN KEY (`osssoldservicesid`) REFERENCES `vtiger_crmentity` (`crmid`) ON DELETE CASCADE;

--
-- Constraints for table `vtiger_osssoldservicescf`
--
ALTER TABLE `vtiger_osssoldservicescf`
  ADD CONSTRAINT `fk_1_vtiger_osssoldservicescf` FOREIGN KEY (`osssoldservicesid`) REFERENCES `vtiger_osssoldservices` (`osssoldservicesid`) ON DELETE CASCADE;

--
-- Constraints for table `vtiger_osstimecontrol`
--
ALTER TABLE `vtiger_osstimecontrol`
  ADD CONSTRAINT `vtiger_osstimecontrol` FOREIGN KEY (`osstimecontrolid`) REFERENCES `vtiger_crmentity` (`crmid`) ON DELETE CASCADE;

--
-- Constraints for table `vtiger_osstimecontrolcf`
--
ALTER TABLE `vtiger_osstimecontrolcf`
  ADD CONSTRAINT `vtiger_osstimecontrolcf` FOREIGN KEY (`osstimecontrolid`) REFERENCES `vtiger_osstimecontrol` (`osstimecontrolid`) ON DELETE CASCADE;

--
-- Constraints for table `vtiger_outsourcedproducts`
--
ALTER TABLE `vtiger_outsourcedproducts`
  ADD CONSTRAINT `fk_1_vtiger_outsourcedproducts` FOREIGN KEY (`outsourcedproductsid`) REFERENCES `vtiger_crmentity` (`crmid`) ON DELETE CASCADE;

--
-- Constraints for table `vtiger_outsourcedproductscf`
--
ALTER TABLE `vtiger_outsourcedproductscf`
  ADD CONSTRAINT `fk_1_vtiger_outsourcedproductscf` FOREIGN KEY (`outsourcedproductsid`) REFERENCES `vtiger_outsourcedproducts` (`outsourcedproductsid`) ON DELETE CASCADE;

--
-- Constraints for table `vtiger_pbxmanager`
--
ALTER TABLE `vtiger_pbxmanager`
  ADD CONSTRAINT `vtiger_pbxmanager_ibfk_1` FOREIGN KEY (`pbxmanagerid`) REFERENCES `vtiger_crmentity` (`crmid`) ON DELETE CASCADE;

--
-- Constraints for table `vtiger_pbxmanagercf`
--
ALTER TABLE `vtiger_pbxmanagercf`
  ADD CONSTRAINT `vtiger_pbxmanagercf_ibfk_1` FOREIGN KEY (`pbxmanagerid`) REFERENCES `vtiger_pbxmanager` (`pbxmanagerid`) ON DELETE CASCADE;

--
-- Constraints for table `vtiger_pbxmanager_phonelookup`
--
ALTER TABLE `vtiger_pbxmanager_phonelookup`
  ADD CONSTRAINT `vtiger_pbxmanager_phonelookup_ibfk_1` FOREIGN KEY (`crmid`) REFERENCES `vtiger_crmentity` (`crmid`) ON DELETE CASCADE;

--
-- Constraints for table `vtiger_portalinfo`
--
ALTER TABLE `vtiger_portalinfo`
  ADD CONSTRAINT `fk_1_vtiger_portalinfo` FOREIGN KEY (`id`) REFERENCES `vtiger_contactdetails` (`contactid`) ON DELETE CASCADE;

--
-- Constraints for table `vtiger_postatushistory`
--
ALTER TABLE `vtiger_postatushistory`
  ADD CONSTRAINT `fk_1_vtiger_postatushistory` FOREIGN KEY (`purchaseorderid`) REFERENCES `vtiger_purchaseorder` (`purchaseorderid`) ON DELETE CASCADE;

--
-- Constraints for table `vtiger_potential`
--
ALTER TABLE `vtiger_potential`
  ADD CONSTRAINT `fk_1_vtiger_potential` FOREIGN KEY (`potentialid`) REFERENCES `vtiger_crmentity` (`crmid`) ON DELETE CASCADE;

--
-- Constraints for table `vtiger_potentialscf`
--
ALTER TABLE `vtiger_potentialscf`
  ADD CONSTRAINT `fk_1_vtiger_potentialscf` FOREIGN KEY (`potentialid`) REFERENCES `vtiger_potential` (`potentialid`) ON DELETE CASCADE;

--
-- Constraints for table `vtiger_potstagehistory`
--
ALTER TABLE `vtiger_potstagehistory`
  ADD CONSTRAINT `fk_1_vtiger_potstagehistory` FOREIGN KEY (`potentialid`) REFERENCES `vtiger_potential` (`potentialid`) ON DELETE CASCADE;

--
-- Constraints for table `vtiger_pricebook`
--
ALTER TABLE `vtiger_pricebook`
  ADD CONSTRAINT `fk_1_vtiger_pricebook` FOREIGN KEY (`pricebookid`) REFERENCES `vtiger_crmentity` (`crmid`) ON DELETE CASCADE;

--
-- Constraints for table `vtiger_pricebookcf`
--
ALTER TABLE `vtiger_pricebookcf`
  ADD CONSTRAINT `fk_1_vtiger_pricebookcf` FOREIGN KEY (`pricebookid`) REFERENCES `vtiger_pricebook` (`pricebookid`) ON DELETE CASCADE;

--
-- Constraints for table `vtiger_pricebookproductrel`
--
ALTER TABLE `vtiger_pricebookproductrel`
  ADD CONSTRAINT `fk_1_vtiger_pricebookproductrel` FOREIGN KEY (`pricebookid`) REFERENCES `vtiger_pricebook` (`pricebookid`) ON DELETE CASCADE;

--
-- Constraints for table `vtiger_productcf`
--
ALTER TABLE `vtiger_productcf`
  ADD CONSTRAINT `fk_1_vtiger_productcf` FOREIGN KEY (`productid`) REFERENCES `vtiger_products` (`productid`) ON DELETE CASCADE;

--
-- Constraints for table `vtiger_products`
--
ALTER TABLE `vtiger_products`
  ADD CONSTRAINT `fk_1_vtiger_products` FOREIGN KEY (`productid`) REFERENCES `vtiger_crmentity` (`crmid`) ON DELETE CASCADE;

--
-- Constraints for table `vtiger_profile2field`
--
ALTER TABLE `vtiger_profile2field`
  ADD CONSTRAINT `vtiger_profile2field_ibfk_1` FOREIGN KEY (`profileid`) REFERENCES `vtiger_profile` (`profileid`) ON DELETE CASCADE;

--
-- Constraints for table `vtiger_profile2globalpermissions`
--
ALTER TABLE `vtiger_profile2globalpermissions`
  ADD CONSTRAINT `fk_1_vtiger_profile2globalpermissions` FOREIGN KEY (`profileid`) REFERENCES `vtiger_profile` (`profileid`) ON DELETE CASCADE;

--
-- Constraints for table `vtiger_profile2tab`
--
ALTER TABLE `vtiger_profile2tab`
  ADD CONSTRAINT `vtiger_profile2tab_ibfk_1` FOREIGN KEY (`profileid`) REFERENCES `vtiger_profile` (`profileid`) ON DELETE CASCADE;

--
-- Constraints for table `vtiger_profile2utility`
--
ALTER TABLE `vtiger_profile2utility`
  ADD CONSTRAINT `vtiger_profile2utility_ibfk_1` FOREIGN KEY (`profileid`) REFERENCES `vtiger_profile` (`profileid`) ON DELETE CASCADE;

--
-- Constraints for table `vtiger_project`
--
ALTER TABLE `vtiger_project`
  ADD CONSTRAINT `vtiger_project_ibfk_1` FOREIGN KEY (`projectid`) REFERENCES `vtiger_crmentity` (`crmid`) ON DELETE CASCADE;

--
-- Constraints for table `vtiger_projectcf`
--
ALTER TABLE `vtiger_projectcf`
  ADD CONSTRAINT `vtiger_projectcf_ibfk_1` FOREIGN KEY (`projectid`) REFERENCES `vtiger_project` (`projectid`) ON DELETE CASCADE;

--
-- Constraints for table `vtiger_projectmilestone`
--
ALTER TABLE `vtiger_projectmilestone`
  ADD CONSTRAINT `vtiger_projectmilestone_ibfk_1` FOREIGN KEY (`projectmilestoneid`) REFERENCES `vtiger_crmentity` (`crmid`) ON DELETE CASCADE;

--
-- Constraints for table `vtiger_projectmilestonecf`
--
ALTER TABLE `vtiger_projectmilestonecf`
  ADD CONSTRAINT `vtiger_projectmilestonecf_ibfk_1` FOREIGN KEY (`projectmilestoneid`) REFERENCES `vtiger_projectmilestone` (`projectmilestoneid`) ON DELETE CASCADE;

--
-- Constraints for table `vtiger_projecttask`
--
ALTER TABLE `vtiger_projecttask`
  ADD CONSTRAINT `vtiger_projecttask_ibfk_1` FOREIGN KEY (`projecttaskid`) REFERENCES `vtiger_crmentity` (`crmid`) ON DELETE CASCADE;

--
-- Constraints for table `vtiger_projecttaskcf`
--
ALTER TABLE `vtiger_projecttaskcf`
  ADD CONSTRAINT `vtiger_projecttaskcf_ibfk_1` FOREIGN KEY (`projecttaskid`) REFERENCES `vtiger_projecttask` (`projecttaskid`) ON DELETE CASCADE;

--
-- Constraints for table `vtiger_purchaseorder`
--
ALTER TABLE `vtiger_purchaseorder`
  ADD CONSTRAINT `vtiger_purchaseorder_ibfk_1` FOREIGN KEY (`purchaseorderid`) REFERENCES `vtiger_crmentity` (`crmid`) ON DELETE CASCADE;

--
-- Constraints for table `vtiger_purchaseorderaddress`
--
ALTER TABLE `vtiger_purchaseorderaddress`
  ADD CONSTRAINT `vtiger_purchaseorderaddress_ibfk_1` FOREIGN KEY (`purchaseorderaddressid`) REFERENCES `vtiger_crmentity` (`crmid`) ON DELETE CASCADE;

--
-- Constraints for table `vtiger_purchaseordercf`
--
ALTER TABLE `vtiger_purchaseordercf`
  ADD CONSTRAINT `fk_1_vtiger_purchaseordercf` FOREIGN KEY (`purchaseorderid`) REFERENCES `vtiger_purchaseorder` (`purchaseorderid`) ON DELETE CASCADE;

--
-- Constraints for table `vtiger_quotes`
--
ALTER TABLE `vtiger_quotes`
  ADD CONSTRAINT `vtiger_quotes_ibfk_1` FOREIGN KEY (`quoteid`) REFERENCES `vtiger_crmentity` (`crmid`) ON DELETE CASCADE;

--
-- Constraints for table `vtiger_quotesaddress`
--
ALTER TABLE `vtiger_quotesaddress`
  ADD CONSTRAINT `vtiger_quotesaddress_ibfk_1` FOREIGN KEY (`quoteaddressid`) REFERENCES `vtiger_crmentity` (`crmid`) ON DELETE CASCADE;

--
-- Constraints for table `vtiger_quotescf`
--
ALTER TABLE `vtiger_quotescf`
  ADD CONSTRAINT `fk_1_vtiger_quotescf` FOREIGN KEY (`quoteid`) REFERENCES `vtiger_quotes` (`quoteid`) ON DELETE CASCADE;

--
-- Constraints for table `vtiger_quotestagehistory`
--
ALTER TABLE `vtiger_quotestagehistory`
  ADD CONSTRAINT `fk_1_vtiger_quotestagehistory` FOREIGN KEY (`quoteid`) REFERENCES `vtiger_quotes` (`quoteid`) ON DELETE CASCADE;

--
-- Constraints for table `vtiger_recurringevents`
--
ALTER TABLE `vtiger_recurringevents`
  ADD CONSTRAINT `fk_1_vtiger_recurringevents` FOREIGN KEY (`activityid`) REFERENCES `vtiger_activity` (`activityid`) ON DELETE CASCADE;

--
-- Constraints for table `vtiger_relcriteria`
--
ALTER TABLE `vtiger_relcriteria`
  ADD CONSTRAINT `fk_1_vtiger_relcriteria` FOREIGN KEY (`queryid`) REFERENCES `vtiger_selectquery` (`queryid`) ON DELETE CASCADE;

--
-- Constraints for table `vtiger_relcriteria_grouping`
--
ALTER TABLE `vtiger_relcriteria_grouping`
  ADD CONSTRAINT `vtiger_relcriteria_grouping_ibfk_1` FOREIGN KEY (`queryid`) REFERENCES `vtiger_relcriteria` (`queryid`) ON DELETE CASCADE;

--
-- Constraints for table `vtiger_report`
--
ALTER TABLE `vtiger_report`
  ADD CONSTRAINT `fk_2_vtiger_report` FOREIGN KEY (`queryid`) REFERENCES `vtiger_selectquery` (`queryid`) ON DELETE CASCADE;

--
-- Constraints for table `vtiger_reportdatefilter`
--
ALTER TABLE `vtiger_reportdatefilter`
  ADD CONSTRAINT `fk_1_vtiger_reportdatefilter` FOREIGN KEY (`datefilterid`) REFERENCES `vtiger_report` (`reportid`) ON DELETE CASCADE;

--
-- Constraints for table `vtiger_reportgroupbycolumn`
--
ALTER TABLE `vtiger_reportgroupbycolumn`
  ADD CONSTRAINT `fk_1_vtiger_reportgroupbycolumn` FOREIGN KEY (`reportid`) REFERENCES `vtiger_report` (`reportid`) ON DELETE CASCADE;

--
-- Constraints for table `vtiger_reportmodules`
--
ALTER TABLE `vtiger_reportmodules`
  ADD CONSTRAINT `fk_1_vtiger_reportmodules` FOREIGN KEY (`reportmodulesid`) REFERENCES `vtiger_report` (`reportid`) ON DELETE CASCADE;

--
-- Constraints for table `vtiger_reportsortcol`
--
ALTER TABLE `vtiger_reportsortcol`
  ADD CONSTRAINT `fk_1_vtiger_reportsortcol` FOREIGN KEY (`reportid`) REFERENCES `vtiger_report` (`reportid`) ON DELETE CASCADE;

--
-- Constraints for table `vtiger_reportsummary`
--
ALTER TABLE `vtiger_reportsummary`
  ADD CONSTRAINT `fk_1_vtiger_reportsummary` FOREIGN KEY (`reportsummaryid`) REFERENCES `vtiger_report` (`reportid`) ON DELETE CASCADE;

--
-- Constraints for table `vtiger_role2picklist`
--
ALTER TABLE `vtiger_role2picklist`
  ADD CONSTRAINT `fk_1_vtiger_role2picklist` FOREIGN KEY (`roleid`) REFERENCES `vtiger_role` (`roleid`) ON DELETE CASCADE,
  ADD CONSTRAINT `fk_2_vtiger_role2picklist` FOREIGN KEY (`picklistid`) REFERENCES `vtiger_picklist` (`picklistid`) ON DELETE CASCADE;

--
-- Constraints for table `vtiger_role2profile`
--
ALTER TABLE `vtiger_role2profile`
  ADD CONSTRAINT `vtiger_role2profile_ibfk_1` FOREIGN KEY (`roleid`) REFERENCES `vtiger_role` (`roleid`) ON DELETE CASCADE,
  ADD CONSTRAINT `vtiger_role2profile_ibfk_2` FOREIGN KEY (`profileid`) REFERENCES `vtiger_profile` (`profileid`) ON DELETE CASCADE;

--
-- Constraints for table `vtiger_salesmanactivityrel`
--
ALTER TABLE `vtiger_salesmanactivityrel`
  ADD CONSTRAINT `fk_2_vtiger_salesmanactivityrel` FOREIGN KEY (`smid`) REFERENCES `vtiger_users` (`id`) ON DELETE CASCADE;

--
-- Constraints for table `vtiger_salesmanattachmentsrel`
--
ALTER TABLE `vtiger_salesmanattachmentsrel`
  ADD CONSTRAINT `fk_2_vtiger_salesmanattachmentsrel` FOREIGN KEY (`attachmentsid`) REFERENCES `vtiger_attachments` (`attachmentsid`) ON DELETE CASCADE;

--
-- Constraints for table `vtiger_salesmanticketrel`
--
ALTER TABLE `vtiger_salesmanticketrel`
  ADD CONSTRAINT `fk_2_vtiger_salesmanticketrel` FOREIGN KEY (`smid`) REFERENCES `vtiger_users` (`id`) ON DELETE CASCADE;

--
-- Constraints for table `vtiger_salesorder`
--
ALTER TABLE `vtiger_salesorder`
  ADD CONSTRAINT `vtiger_salesorder_ibfk_1` FOREIGN KEY (`salesorderid`) REFERENCES `vtiger_crmentity` (`crmid`) ON DELETE CASCADE;

--
-- Constraints for table `vtiger_salesorderaddress`
--
ALTER TABLE `vtiger_salesorderaddress`
  ADD CONSTRAINT `vtiger_salesorderaddress_ibfk_1` FOREIGN KEY (`salesorderaddressid`) REFERENCES `vtiger_salesorder` (`salesorderid`) ON DELETE CASCADE;

--
-- Constraints for table `vtiger_salesordercf`
--
ALTER TABLE `vtiger_salesordercf`
  ADD CONSTRAINT `fk_1_vtiger_salesordercf` FOREIGN KEY (`salesorderid`) REFERENCES `vtiger_salesorder` (`salesorderid`) ON DELETE CASCADE;

--
-- Constraints for table `vtiger_scheduled_reports`
--
ALTER TABLE `vtiger_scheduled_reports`
  ADD CONSTRAINT `vtiger_scheduled_reports_ibfk_1` FOREIGN KEY (`reportid`) REFERENCES `vtiger_report` (`reportid`) ON DELETE CASCADE;

--
-- Constraints for table `vtiger_schedulereports`
--
ALTER TABLE `vtiger_schedulereports`
  ADD CONSTRAINT `vtiger_schedulereports_ibfk_1` FOREIGN KEY (`reportid`) REFERENCES `vtiger_report` (`reportid`) ON DELETE CASCADE;

--
-- Constraints for table `vtiger_seactivityrel`
--
ALTER TABLE `vtiger_seactivityrel`
  ADD CONSTRAINT `fk_2_vtiger_seactivityrel` FOREIGN KEY (`crmid`) REFERENCES `vtiger_crmentity` (`crmid`) ON DELETE CASCADE;

--
-- Constraints for table `vtiger_selectcolumn`
--
ALTER TABLE `vtiger_selectcolumn`
  ADD CONSTRAINT `fk_1_vtiger_selectcolumn` FOREIGN KEY (`queryid`) REFERENCES `vtiger_selectquery` (`queryid`) ON DELETE CASCADE;

--
-- Constraints for table `vtiger_senotesrel`
--
ALTER TABLE `vtiger_senotesrel`
  ADD CONSTRAINT `fk_2_vtiger_senotesrel` FOREIGN KEY (`notesid`) REFERENCES `vtiger_notes` (`notesid`) ON DELETE CASCADE;

--
-- Constraints for table `vtiger_seproductsrel`
--
ALTER TABLE `vtiger_seproductsrel`
  ADD CONSTRAINT `fk_2_vtiger_seproductsrel` FOREIGN KEY (`productid`) REFERENCES `vtiger_products` (`productid`) ON DELETE CASCADE;

--
-- Constraints for table `vtiger_service`
--
ALTER TABLE `vtiger_service`
  ADD CONSTRAINT `fk_1_vtiger_service` FOREIGN KEY (`serviceid`) REFERENCES `vtiger_crmentity` (`crmid`) ON DELETE CASCADE;

--
-- Constraints for table `vtiger_servicecf`
--
ALTER TABLE `vtiger_servicecf`
  ADD CONSTRAINT `vtiger_servicecf_ibfk_1` FOREIGN KEY (`serviceid`) REFERENCES `vtiger_service` (`serviceid`) ON DELETE CASCADE;

--
-- Constraints for table `vtiger_servicecontracts`
--
ALTER TABLE `vtiger_servicecontracts`
  ADD CONSTRAINT `vtiger_servicecontracts_ibfk_1` FOREIGN KEY (`servicecontractsid`) REFERENCES `vtiger_crmentity` (`crmid`) ON DELETE CASCADE;

--
-- Constraints for table `vtiger_servicecontractscf`
--
ALTER TABLE `vtiger_servicecontractscf`
  ADD CONSTRAINT `vtiger_servicecontractscf_ibfk_1` FOREIGN KEY (`servicecontractsid`) REFERENCES `vtiger_servicecontracts` (`servicecontractsid`) ON DELETE CASCADE;

--
-- Constraints for table `vtiger_seticketsrel`
--
ALTER TABLE `vtiger_seticketsrel`
  ADD CONSTRAINT `fk_2_vtiger_seticketsrel` FOREIGN KEY (`ticketid`) REFERENCES `vtiger_troubletickets` (`ticketid`) ON DELETE CASCADE;

--
-- Constraints for table `vtiger_settings_field`
--
ALTER TABLE `vtiger_settings_field`
  ADD CONSTRAINT `fk_1_vtiger_settings_field` FOREIGN KEY (`blockid`) REFERENCES `vtiger_settings_blocks` (`blockid`) ON DELETE CASCADE;

--
-- Constraints for table `vtiger_smsnotifier`
--
ALTER TABLE `vtiger_smsnotifier`
  ADD CONSTRAINT `vtiger_smsnotifier_ibfk_1` FOREIGN KEY (`smsnotifierid`) REFERENCES `vtiger_crmentity` (`crmid`) ON DELETE CASCADE;

--
-- Constraints for table `vtiger_smsnotifiercf`
--
ALTER TABLE `vtiger_smsnotifiercf`
  ADD CONSTRAINT `vtiger_smsnotifiercf_ibfk_1` FOREIGN KEY (`smsnotifierid`) REFERENCES `vtiger_smsnotifier` (`smsnotifierid`) ON DELETE CASCADE;

--
-- Constraints for table `vtiger_sostatushistory`
--
ALTER TABLE `vtiger_sostatushistory`
  ADD CONSTRAINT `fk_1_vtiger_sostatushistory` FOREIGN KEY (`salesorderid`) REFERENCES `vtiger_salesorder` (`salesorderid`) ON DELETE CASCADE;

--
-- Constraints for table `vtiger_tab_info`
--
ALTER TABLE `vtiger_tab_info`
  ADD CONSTRAINT `fk_1_vtiger_tab_info` FOREIGN KEY (`tabid`) REFERENCES `vtiger_tab` (`tabid`) ON DELETE CASCADE ON UPDATE CASCADE;

--
-- Constraints for table `vtiger_ticketcf`
--
ALTER TABLE `vtiger_ticketcf`
  ADD CONSTRAINT `fk_1_vtiger_ticketcf` FOREIGN KEY (`ticketid`) REFERENCES `vtiger_troubletickets` (`ticketid`) ON DELETE CASCADE;

--
-- Constraints for table `vtiger_ticketcomments`
--
ALTER TABLE `vtiger_ticketcomments`
  ADD CONSTRAINT `fk_1_vtiger_ticketcomments` FOREIGN KEY (`ticketid`) REFERENCES `vtiger_troubletickets` (`ticketid`) ON DELETE CASCADE;

--
-- Constraints for table `vtiger_tmp_read_group_rel_sharing_per`
--
ALTER TABLE `vtiger_tmp_read_group_rel_sharing_per`
  ADD CONSTRAINT `fk_4_vtiger_tmp_read_group_rel_sharing_per` FOREIGN KEY (`userid`) REFERENCES `vtiger_users` (`id`) ON DELETE CASCADE;

--
-- Constraints for table `vtiger_tmp_read_group_sharing_per`
--
ALTER TABLE `vtiger_tmp_read_group_sharing_per`
  ADD CONSTRAINT `fk_3_vtiger_tmp_read_group_sharing_per` FOREIGN KEY (`userid`) REFERENCES `vtiger_users` (`id`) ON DELETE CASCADE;

--
-- Constraints for table `vtiger_tmp_read_user_rel_sharing_per`
--
ALTER TABLE `vtiger_tmp_read_user_rel_sharing_per`
  ADD CONSTRAINT `fk_4_vtiger_tmp_read_user_rel_sharing_per` FOREIGN KEY (`userid`) REFERENCES `vtiger_users` (`id`) ON DELETE CASCADE;

--
-- Constraints for table `vtiger_tmp_read_user_sharing_per`
--
ALTER TABLE `vtiger_tmp_read_user_sharing_per`
  ADD CONSTRAINT `fk_3_vtiger_tmp_read_user_sharing_per` FOREIGN KEY (`userid`) REFERENCES `vtiger_users` (`id`) ON DELETE CASCADE;

--
-- Constraints for table `vtiger_tmp_write_group_rel_sharing_per`
--
ALTER TABLE `vtiger_tmp_write_group_rel_sharing_per`
  ADD CONSTRAINT `fk_4_vtiger_tmp_write_group_rel_sharing_per` FOREIGN KEY (`userid`) REFERENCES `vtiger_users` (`id`) ON DELETE CASCADE;

--
-- Constraints for table `vtiger_tmp_write_group_sharing_per`
--
ALTER TABLE `vtiger_tmp_write_group_sharing_per`
  ADD CONSTRAINT `fk_3_vtiger_tmp_write_group_sharing_per` FOREIGN KEY (`userid`) REFERENCES `vtiger_users` (`id`) ON DELETE CASCADE;

--
-- Constraints for table `vtiger_tmp_write_user_rel_sharing_per`
--
ALTER TABLE `vtiger_tmp_write_user_rel_sharing_per`
  ADD CONSTRAINT `fk_4_vtiger_tmp_write_user_rel_sharing_per` FOREIGN KEY (`userid`) REFERENCES `vtiger_users` (`id`) ON DELETE CASCADE;

--
-- Constraints for table `vtiger_tmp_write_user_sharing_per`
--
ALTER TABLE `vtiger_tmp_write_user_sharing_per`
  ADD CONSTRAINT `fk_3_vtiger_tmp_write_user_sharing_per` FOREIGN KEY (`userid`) REFERENCES `vtiger_users` (`id`) ON DELETE CASCADE;

--
-- Constraints for table `vtiger_troubletickets`
--
ALTER TABLE `vtiger_troubletickets`
  ADD CONSTRAINT `fk_1_vtiger_troubletickets` FOREIGN KEY (`ticketid`) REFERENCES `vtiger_crmentity` (`crmid`) ON DELETE CASCADE;

--
-- Constraints for table `vtiger_user2role`
--
ALTER TABLE `vtiger_user2role`
  ADD CONSTRAINT `fk_2_vtiger_user2role` FOREIGN KEY (`userid`) REFERENCES `vtiger_users` (`id`) ON DELETE CASCADE;

--
-- Constraints for table `vtiger_users2group`
--
ALTER TABLE `vtiger_users2group`
  ADD CONSTRAINT `fk_2_vtiger_users2group` FOREIGN KEY (`userid`) REFERENCES `vtiger_users` (`id`) ON DELETE CASCADE;

--
-- Constraints for table `vtiger_userscf`
--
ALTER TABLE `vtiger_userscf`
  ADD CONSTRAINT `vtiger_userscf_ibfk_1` FOREIGN KEY (`usersid`) REFERENCES `vtiger_users` (`id`) ON DELETE CASCADE;

--
-- Constraints for table `vtiger_user_module_preferences`
--
ALTER TABLE `vtiger_user_module_preferences`
  ADD CONSTRAINT `fk_2_vtiger_user_module_preferences` FOREIGN KEY (`tabid`) REFERENCES `vtiger_tab` (`tabid`) ON DELETE CASCADE ON UPDATE CASCADE;

--
-- Constraints for table `vtiger_vendor`
--
ALTER TABLE `vtiger_vendor`
  ADD CONSTRAINT `fk_1_vtiger_vendor` FOREIGN KEY (`vendorid`) REFERENCES `vtiger_crmentity` (`crmid`) ON DELETE CASCADE;

--
-- Constraints for table `vtiger_vendoraddress`
--
ALTER TABLE `vtiger_vendoraddress`
  ADD CONSTRAINT `vtiger_vendoraddress_ibfk_1` FOREIGN KEY (`vendorid`) REFERENCES `vtiger_vendor` (`vendorid`) ON DELETE CASCADE;

--
-- Constraints for table `vtiger_vendorcf`
--
ALTER TABLE `vtiger_vendorcf`
  ADD CONSTRAINT `fk_1_vtiger_vendorcf` FOREIGN KEY (`vendorid`) REFERENCES `vtiger_vendor` (`vendorid`) ON DELETE CASCADE;

--
-- Constraints for table `vtiger_vendorcontactrel`
--
ALTER TABLE `vtiger_vendorcontactrel`
  ADD CONSTRAINT `fk_2_vtiger_vendorcontactrel` FOREIGN KEY (`vendorid`) REFERENCES `vtiger_vendor` (`vendorid`) ON DELETE CASCADE;

--
-- Constraints for table `vtiger_webforms_field`
--
ALTER TABLE `vtiger_webforms_field`
  ADD CONSTRAINT `fk_1_vtiger_webforms_field` FOREIGN KEY (`webformid`) REFERENCES `vtiger_webforms` (`id`) ON DELETE CASCADE,
  ADD CONSTRAINT `fk_3_vtiger_webforms_field` FOREIGN KEY (`fieldname`) REFERENCES `vtiger_field` (`fieldname`) ON DELETE CASCADE;

--
-- Constraints for table `vtiger_widgets`
--
ALTER TABLE `vtiger_widgets`
  ADD CONSTRAINT `vtiger_widgets_ibfk_1` FOREIGN KEY (`tabid`) REFERENCES `vtiger_tab` (`tabid`) ON DELETE CASCADE;

--
-- Constraints for table `vtiger_ws_entity_referencetype`
--
ALTER TABLE `vtiger_ws_entity_referencetype`
  ADD CONSTRAINT `vtiger_fk_1_actors_referencetype` FOREIGN KEY (`fieldtypeid`) REFERENCES `vtiger_ws_entity_fieldtype` (`fieldtypeid`) ON DELETE CASCADE;

--
-- Constraints for table `vtiger_ws_entity_tables`
--
ALTER TABLE `vtiger_ws_entity_tables`
  ADD CONSTRAINT `fk_1_vtiger_ws_actor_tables` FOREIGN KEY (`webservice_entity_id`) REFERENCES `vtiger_ws_entity` (`id`) ON DELETE CASCADE;

--
-- Constraints for table `vtiger_ws_referencetype`
--
ALTER TABLE `vtiger_ws_referencetype`
  ADD CONSTRAINT `fk_1_vtiger_referencetype` FOREIGN KEY (`fieldtypeid`) REFERENCES `vtiger_ws_fieldtype` (`fieldtypeid`) ON DELETE CASCADE;

/*!40101 SET CHARACTER_SET_CLIENT=@OLD_CHARACTER_SET_CLIENT */;
/*!40101 SET CHARACTER_SET_RESULTS=@OLD_CHARACTER_SET_RESULTS */;
/*!40101 SET COLLATION_CONNECTION=@OLD_COLLATION_CONNECTION */;
